order_id,customer_id,order_date,status
O000001,C00593,2024-06-20,Completed
O000002,C00056,2024-10-20,Completed
O000003,C00517,2024-05-15,Completed
O000004,C00358,2025-08-28,Completed
O000005,C00068,2024-12-17,Returned
O000006,C00707,2024-02-25,Completed
O000007,C01091,2024-08-27,Completed
O000008,C00647,2025-06-26,Completed
O000009,C00885,2025-09-17,Cancelled
O000010,C00400,2025-06-16,Completed
O000011,C00213,2025-12-02,Completed
O000012,C00049,2025-09-26,Completed
O000013,C01160,2024-07-08,Completed
O000014,C00875,2025-12-09,Completed
O000015,C00124,2024-09-21,Cancelled
O000016,C00411,2025-09-16,Completed
O000017,C00218,2025-03-28,Completed
O000018,C00514,2025-04-01,Completed
O000019,C00311,2025-12-17,Completed
O000020,C00828,2024-03-12,Completed
O000021,C00988,2024-05-04,Completed
O000022,C00165,2025-04-15,Completed
O000023,C00787,2025-11-07,Completed
O000024,C00287,2024-02-06,Completed
O000025,C00921,2024-01-17,Completed
O000026,C00243,2024-08-04,Completed
O000027,C00076,2024-05-24,Completed
O000028,C00498,2025-12-19,Completed
O000029,C00200,2025-04-12,Completed
O000030,C00416,2025-03-12,Completed
O000031,C00437,2024-02-16,Completed
O000032,C00851,2024-06-21,Completed
O000033,C00771,2024-06-10,Completed
O000034,C00582,2025-03-02,Completed
O000035,C00358,2025-09-17,Completed
O000036,C00617,2024-12-22,Completed
O000037,C01106,2025-06-03,Completed
O000038,C00972,2025-05-24,Completed
O000039,C00929,2024-02-14,Completed
O000040,C00060,2025-05-11,Completed
O000041,C01188,2024-11-29,Completed
O000042,C00410,2025-01-19,Completed
O000043,C00893,2024-05-28,Completed
O000044,C00735,2024-10-03,Completed
O000045,C00280,2024-04-23,Completed
O000046,C00349,2025-08-14,Returned
O000047,C00506,2024-09-10,Completed
O000048,C00011,2025-03-03,Returned
O000049,C00069,2025-03-11,Completed
O000050,C01144,2024-01-13,Completed
O000051,C00033,2025-05-06,Completed
O000052,C01196,2024-01-25,Returned
O000053,C00951,2025-12-21,Completed
O000054,C00425,2025-12-02,Completed
O000055,C00749,2025-01-10,Completed
O000056,C00489,2025-07-06,Completed
O000057,C00462,2024-11-24,Completed
O000058,C00130,2025-01-16,Completed
O000059,C01092,2024-10-26,Completed
O000060,C00386,2025-04-13,Completed
O000061,C00230,2025-12-14,Completed
O000062,C00047,2024-10-27,Completed
O000063,C00046,2024-08-25,Completed
O000064,C00996,2025-08-30,Completed
O000065,C00628,2024-06-24,Completed
O000066,C00097,2024-05-31,Completed
O000067,C00360,2025-12-26,Completed
O000068,C00378,2024-07-29,Completed
O000069,C00764,2025-04-04,Completed
O000070,C00829,2025-05-26,Completed
O000071,C01175,2025-11-13,Completed
O000072,C00083,2024-05-22,Completed
O000073,C00452,2025-04-01,Completed
O000074,C01079,2024-08-15,Completed
O000075,C00808,2024-07-18,Completed
O000076,C00876,2025-01-13,Completed
O000077,C00913,2025-07-28,Completed
O000078,C00869,2025-02-28,Completed
O000079,C00687,2024-03-08,Cancelled
O000080,C00359,2025-07-23,Completed
O000081,C01005,2024-02-13,Completed
O000082,C00950,2024-08-17,Completed
O000083,C00968,2024-05-07,Completed
O000084,C00741,2025-08-18,Completed
O000085,C00765,2025-06-08,Completed
O000086,C00300,2024-11-23,Completed
O000087,C00598,2025-06-26,Completed
O000088,C00194,2025-09-05,Completed
O000089,C00743,2024-04-08,Completed
O000090,C00844,2024-12-14,Cancelled
O000091,C00386,2025-07-26,Completed
O000092,C00157,2024-04-29,Completed
O000093,C00624,2024-01-30,Completed
O000094,C00465,2024-11-10,Completed
O000095,C00229,2024-03-20,Completed
O000096,C00122,2025-04-25,Completed
O000097,C00198,2024-05-06,Cancelled
O000098,C00720,2024-01-30,Completed
O000099,C00496,2025-06-01,Completed
O000100,C00445,2024-07-15,Cancelled
O000101,C00203,2024-08-07,Cancelled
O000102,C01054,2024-08-21,Completed
O000103,C00084,2024-03-25,Completed
O000104,C00639,2025-12-04,Returned
O000105,C00143,2025-05-02,Cancelled
O000106,C01071,2025-11-05,Completed
O000107,C00209,2024-06-21,Completed
O000108,C00820,2024-12-30,Completed
O000109,C00222,2024-05-05,Completed
O000110,C00140,2025-05-25,Completed
O000111,C01020,2025-05-17,Completed
O000112,C00882,2024-05-01,Completed
O000113,C00068,2024-06-30,Completed
O000114,C01135,2025-12-02,Completed
O000115,C00774,2025-09-23,Completed
O000116,C01196,2024-01-28,Completed
O000117,C00116,2025-11-08,Completed
O000118,C00135,2024-11-08,Completed
O000119,C00866,2025-08-04,Completed
O000120,C01169,2025-02-03,Completed
O000121,C00422,2024-12-10,Completed
O000122,C00155,2025-07-02,Completed
O000123,C00463,2025-10-01,Completed
O000124,C00690,2024-10-06,Completed
O000125,C00887,2025-11-10,Completed
O000126,C00929,2025-11-18,Completed
O000127,C00383,2025-08-13,Completed
O000128,C00889,2025-08-02,Completed
O000129,C00493,2024-06-03,Completed
O000130,C00547,2024-10-20,Completed
O000131,C00233,2024-06-02,Completed
O000132,C01147,2025-03-22,Completed
O000133,C00996,2024-01-21,Completed
O000134,C00288,2024-08-29,Completed
O000135,C00185,2024-08-31,Completed
O000136,C00447,2024-05-27,Completed
O000137,C00115,2025-05-17,Completed
O000138,C00297,2025-01-06,Completed
O000139,C00112,2025-12-08,Cancelled
O000140,C01096,2024-08-30,Completed
O000141,C00185,2024-08-29,Completed
O000142,C01007,2025-04-27,Completed
O000143,C01122,2024-11-30,Completed
O000144,C00909,2025-10-18,Completed
O000145,C01058,2025-12-31,Cancelled
O000146,C00274,2024-09-23,Completed
O000147,C00806,2025-01-21,Cancelled
O000148,C00346,2024-02-20,Completed
O000149,C00241,2024-01-15,Completed
O000150,C00417,2024-07-14,Cancelled
O000151,C00580,2025-11-24,Completed
O000152,C00537,2024-08-29,Completed
O000153,C00786,2025-12-26,Completed
O000154,C00965,2024-12-28,Returned
O000155,C00760,2024-05-15,Cancelled
O000156,C00959,2024-05-15,Completed
O000157,C00576,2025-01-04,Cancelled
O000158,C00541,2025-06-13,Completed
O000159,C00305,2024-02-25,Completed
O000160,C00894,2024-04-28,Returned
O000161,C00192,2024-07-27,Completed
O000162,C00559,2025-07-30,Completed
O000163,C00853,2024-03-19,Completed
O000164,C00250,2025-02-07,Completed
O000165,C00012,2024-12-03,Cancelled
O000166,C00433,2024-02-19,Completed
O000167,C01121,2025-09-08,Completed
O000168,C00427,2024-06-15,Completed
O000169,C00886,2024-11-13,Completed
O000170,C00913,2025-02-01,Completed
O000171,C00890,2025-10-07,Completed
O000172,C00460,2025-10-25,Completed
O000173,C01075,2024-03-26,Completed
O000174,C00616,2024-09-11,Completed
O000175,C00093,2025-06-09,Completed
O000176,C00522,2025-08-22,Completed
O000177,C00805,2024-02-16,Completed
O000178,C00384,2024-08-04,Completed
O000179,C00352,2025-11-02,Completed
O000180,C00739,2025-12-08,Completed
O000181,C00386,2024-01-28,Completed
O000182,C00391,2024-03-29,Completed
O000183,C00912,2025-05-11,Completed
O000184,C00852,2025-05-22,Completed
O000185,C01000,2024-08-25,Completed
O000186,C00855,2025-04-29,Completed
O000187,C00394,2025-04-25,Completed
O000188,C00695,2025-09-08,Completed
O000189,C00738,2025-04-28,Completed
O000190,C01008,2024-04-13,Completed
O000191,C01032,2024-02-02,Completed
O000192,C01151,2024-08-17,Completed
O000193,C00897,2025-04-13,Cancelled
O000194,C01039,2024-04-17,Completed
O000195,C00599,2025-12-26,Completed
O000196,C00283,2024-05-05,Completed
O000197,C00700,2024-10-20,Completed
O000198,C00739,2025-10-06,Completed
O000199,C00468,2024-05-21,Completed
O000200,C00741,2024-01-31,Completed
O000201,C00889,2024-03-03,Completed
O000202,C01177,2024-02-29,Returned
O000203,C00573,2025-06-24,Completed
O000204,C01115,2025-10-01,Completed
O000205,C00076,2025-07-04,Completed
O000206,C01068,2024-12-14,Completed
O000207,C00530,2024-09-04,Completed
O000208,C00123,2025-01-16,Completed
O000209,C01173,2024-01-06,Completed
O000210,C01174,2025-11-19,Completed
O000211,C00740,2025-04-10,Completed
O000212,C00757,2025-11-24,Completed
O000213,C00868,2025-03-26,Completed
O000214,C01084,2024-04-30,Completed
O000215,C00244,2025-09-08,Completed
O000216,C01071,2024-06-05,Completed
O000217,C00058,2024-05-26,Completed
O000218,C01002,2024-01-03,Completed
O000219,C01174,2024-11-13,Completed
O000220,C00920,2024-06-01,Completed
O000221,C00839,2025-01-31,Completed
O000222,C00182,2024-06-18,Completed
O000223,C01146,2024-03-28,Completed
O000224,C00975,2025-05-29,Completed
O000225,C00039,2024-10-08,Completed
O000226,C00910,2024-03-27,Completed
O000227,C00896,2024-07-03,Completed
O000228,C00629,2025-02-21,Completed
O000229,C00120,2024-11-01,Completed
O000230,C00770,2024-05-03,Completed
O000231,C01042,2025-05-31,Completed
O000232,C00834,2024-03-08,Completed
O000233,C00208,2024-09-09,Completed
O000234,C00292,2025-01-17,Completed
O000235,C01137,2025-04-07,Completed
O000236,C00560,2025-09-04,Completed
O000237,C01094,2025-07-30,Completed
O000238,C01140,2024-10-13,Completed
O000239,C00702,2025-10-12,Completed
O000240,C00033,2025-12-09,Completed
O000241,C00167,2025-10-26,Completed
O000242,C00771,2025-09-07,Completed
O000243,C00018,2024-05-07,Completed
O000244,C00621,2024-08-14,Completed
O000245,C00429,2024-01-08,Completed
O000246,C01159,2025-11-19,Completed
O000247,C01168,2024-08-21,Completed
O000248,C01148,2025-04-09,Completed
O000249,C00834,2024-10-07,Completed
O000250,C00097,2024-10-11,Cancelled
O000251,C00052,2024-08-19,Returned
O000252,C00199,2024-01-29,Completed
O000253,C00698,2024-02-25,Completed
O000254,C00196,2025-10-02,Completed
O000255,C00773,2024-11-16,Completed
O000256,C00209,2025-11-24,Completed
O000257,C00842,2024-08-26,Completed
O000258,C00054,2025-04-09,Completed
O000259,C00397,2025-08-09,Completed
O000260,C00282,2024-02-15,Completed
O000261,C00733,2024-11-14,Completed
O000262,C00017,2025-06-14,Completed
O000263,C00411,2025-10-17,Completed
O000264,C01185,2025-08-02,Cancelled
O000265,C00087,2025-05-22,Completed
O000266,C00437,2024-09-01,Completed
O000267,C00021,2024-03-16,Completed
O000268,C00738,2024-02-14,Returned
O000269,C00537,2024-06-27,Completed
O000270,C00043,2025-11-24,Completed
O000271,C00351,2025-06-23,Returned
O000272,C00501,2024-02-17,Completed
O000273,C00574,2024-05-09,Completed
O000274,C01022,2025-06-15,Completed
O000275,C01014,2025-04-30,Completed
O000276,C00416,2025-04-07,Completed
O000277,C00767,2024-09-17,Completed
O000278,C00721,2024-08-23,Completed
O000279,C01019,2024-11-20,Completed
O000280,C00156,2025-01-02,Completed
O000281,C00161,2024-10-10,Cancelled
O000282,C00411,2024-12-07,Completed
O000283,C00563,2024-07-14,Completed
O000284,C01188,2025-11-02,Completed
O000285,C00479,2025-06-12,Completed
O000286,C00385,2025-03-15,Completed
O000287,C00020,2025-05-26,Completed
O000288,C00668,2025-08-24,Completed
O000289,C01176,2025-02-04,Returned
O000290,C00386,2025-05-01,Completed
O000291,C01133,2024-06-30,Completed
O000292,C01074,2024-03-12,Completed
O000293,C00227,2024-05-12,Completed
O000294,C00422,2024-11-13,Completed
O000295,C00565,2024-07-25,Completed
O000296,C00506,2025-06-22,Completed
O000297,C00935,2024-12-21,Completed
O000298,C00885,2025-04-13,Completed
O000299,C01102,2024-10-25,Completed
O000300,C01011,2025-02-25,Returned
O000301,C00668,2025-02-23,Completed
O000302,C00150,2025-10-16,Completed
O000303,C00280,2024-11-30,Completed
O000304,C00897,2024-05-23,Completed
O000305,C00206,2024-06-30,Completed
O000306,C00315,2025-03-27,Completed
O000307,C00443,2025-03-28,Completed
O000308,C00108,2025-09-04,Completed
O000309,C00030,2024-12-11,Completed
O000310,C00091,2025-03-01,Completed
O000311,C00476,2024-08-06,Completed
O000312,C00025,2025-02-02,Completed
O000313,C00756,2024-02-14,Completed
O000314,C00209,2025-12-30,Completed
O000315,C00652,2025-11-13,Completed
O000316,C00784,2025-06-07,Completed
O000317,C00477,2024-01-22,Completed
O000318,C00419,2025-10-19,Completed
O000319,C00850,2025-10-25,Completed
O000320,C00509,2025-12-04,Completed
O000321,C00376,2025-03-28,Completed
O000322,C00107,2025-10-11,Returned
O000323,C00337,2024-07-21,Completed
O000324,C00919,2025-10-12,Completed
O000325,C00320,2025-05-08,Completed
O000326,C00313,2025-07-20,Completed
O000327,C00769,2025-07-29,Completed
O000328,C00317,2024-07-13,Completed
O000329,C00146,2025-02-22,Completed
O000330,C00755,2025-12-14,Completed
O000331,C00741,2025-10-08,Completed
O000332,C00933,2025-11-28,Completed
O000333,C00331,2024-01-13,Completed
O000334,C00165,2025-06-14,Completed
O000335,C00183,2024-04-21,Completed
O000336,C00345,2025-05-18,Completed
O000337,C00591,2025-03-17,Completed
O000338,C00923,2025-08-03,Completed
O000339,C00393,2024-09-22,Returned
O000340,C00061,2025-08-22,Completed
O000341,C01193,2024-02-12,Completed
O000342,C00996,2025-04-29,Completed
O000343,C00491,2025-01-04,Completed
O000344,C00936,2025-12-16,Completed
O000345,C00510,2025-01-12,Completed
O000346,C00660,2024-01-18,Completed
O000347,C00976,2025-11-05,Completed
O000348,C00262,2025-05-24,Completed
O000349,C00957,2024-06-21,Completed
O000350,C00669,2025-01-27,Completed
O000351,C00253,2025-11-12,Completed
O000352,C01180,2025-09-07,Completed
O000353,C00782,2025-10-31,Completed
O000354,C00180,2024-04-24,Completed
O000355,C01182,2024-01-02,Completed
O000356,C00259,2025-06-16,Completed
O000357,C00608,2024-08-12,Completed
O000358,C00071,2025-09-05,Completed
O000359,C00442,2025-05-21,Completed
O000360,C00999,2025-02-05,Completed
O000361,C00714,2025-02-04,Completed
O000362,C00807,2024-04-09,Completed
O000363,C00282,2025-03-28,Completed
O000364,C00401,2025-10-28,Completed
O000365,C00345,2024-02-27,Completed
O000366,C01001,2024-11-05,Completed
O000367,C00753,2024-01-12,Completed
O000368,C01044,2024-08-18,Completed
O000369,C00371,2025-01-28,Completed
O000370,C01101,2024-07-08,Completed
O000371,C01104,2025-12-31,Completed
O000372,C00011,2025-07-22,Completed
O000373,C00331,2024-03-30,Completed
O000374,C00616,2024-02-17,Cancelled
O000375,C00641,2025-06-19,Cancelled
O000376,C01131,2024-08-09,Completed
O000377,C01127,2024-09-18,Completed
O000378,C00294,2025-07-02,Completed
O000379,C01155,2025-11-04,Completed
O000380,C00777,2024-01-27,Cancelled
O000381,C01124,2025-02-20,Completed
O000382,C00463,2024-10-07,Completed
O000383,C00360,2025-06-23,Completed
O000384,C01084,2024-12-23,Completed
O000385,C01089,2025-07-18,Completed
O000386,C00776,2025-08-04,Completed
O000387,C00511,2025-11-25,Completed
O000388,C00469,2024-11-08,Completed
O000389,C00185,2025-10-11,Completed
O000390,C00022,2025-03-10,Completed
O000391,C00015,2025-03-11,Completed
O000392,C00087,2025-09-13,Completed
O000393,C00461,2024-06-28,Completed
O000394,C00512,2025-07-06,Completed
O000395,C01056,2024-02-06,Cancelled
O000396,C00824,2024-12-29,Completed
O000397,C00999,2024-01-08,Completed
O000398,C00223,2025-03-25,Completed
O000399,C00407,2024-04-23,Completed
O000400,C00065,2024-06-13,Completed
O000401,C00819,2025-05-28,Completed
O000402,C00028,2025-12-01,Completed
O000403,C00879,2024-09-10,Completed
O000404,C00879,2024-07-22,Completed
O000405,C00305,2024-08-22,Completed
O000406,C00409,2024-04-03,Completed
O000407,C00873,2025-05-05,Completed
O000408,C00857,2024-09-09,Completed
O000409,C00659,2024-08-05,Completed
O000410,C00517,2025-05-18,Completed
O000411,C01131,2024-05-13,Completed
O000412,C00787,2024-03-30,Completed
O000413,C00391,2024-07-16,Completed
O000414,C00393,2025-03-04,Completed
O000415,C01148,2024-12-21,Completed
O000416,C01032,2024-01-23,Completed
O000417,C01160,2024-03-03,Completed
O000418,C01044,2025-01-28,Completed
O000419,C00019,2025-06-09,Completed
O000420,C00094,2025-06-30,Completed
O000421,C00273,2024-10-03,Completed
O000422,C00431,2025-07-01,Completed
O000423,C01125,2024-09-27,Completed
O000424,C00729,2024-08-12,Completed
O000425,C01195,2024-04-18,Completed
O000426,C00665,2024-10-02,Completed
O000427,C00889,2025-01-12,Completed
O000428,C01167,2025-05-17,Cancelled
O000429,C00364,2025-02-07,Completed
O000430,C00932,2025-10-22,Returned
O000431,C00025,2025-09-09,Completed
O000432,C00271,2024-09-11,Completed
O000433,C00020,2024-04-18,Completed
O000434,C00630,2024-12-05,Completed
O000435,C01114,2024-05-06,Completed
O000436,C00851,2024-05-25,Completed
O000437,C00724,2025-11-02,Completed
O000438,C00578,2024-12-31,Completed
O000439,C00174,2024-02-14,Completed
O000440,C00871,2024-06-02,Completed
O000441,C00544,2025-12-29,Completed
O000442,C00980,2024-03-09,Completed
O000443,C00789,2024-12-27,Completed
O000444,C00504,2025-01-27,Completed
O000445,C01190,2025-03-07,Completed
O000446,C00743,2025-07-25,Completed
O000447,C00740,2024-05-22,Completed
O000448,C00863,2024-09-05,Completed
O000449,C00294,2025-01-21,Completed
O000450,C00324,2024-01-31,Completed
O000451,C00853,2024-06-02,Completed
O000452,C00691,2025-03-30,Completed
O000453,C00023,2025-02-09,Completed
O000454,C00868,2024-06-09,Completed
O000455,C00434,2025-02-14,Completed
O000456,C01146,2025-09-11,Completed
O000457,C00869,2024-07-18,Completed
O000458,C00688,2024-01-29,Completed
O000459,C00023,2024-11-12,Completed
O000460,C00175,2025-08-06,Completed
O000461,C00018,2024-12-31,Completed
O000462,C00308,2024-01-25,Completed
O000463,C00949,2024-03-21,Completed
O000464,C00289,2024-06-13,Returned
O000465,C00917,2024-05-14,Completed
O000466,C00794,2024-09-01,Completed
O000467,C00031,2024-05-26,Completed
O000468,C00179,2025-05-25,Completed
O000469,C00574,2025-08-13,Completed
O000470,C00529,2025-04-29,Returned
O000471,C00588,2025-02-14,Completed
O000472,C00643,2025-01-17,Completed
O000473,C00117,2024-09-07,Completed
O000474,C00150,2024-08-16,Completed
O000475,C00953,2024-04-21,Completed
O000476,C00996,2024-08-05,Completed
O000477,C00438,2024-11-23,Completed
O000478,C00517,2025-10-12,Completed
O000479,C00925,2025-03-05,Completed
O000480,C00337,2024-07-22,Completed
O000481,C00727,2025-12-10,Completed
O000482,C00649,2024-01-15,Completed
O000483,C00833,2024-09-26,Completed
O000484,C00258,2025-10-11,Completed
O000485,C01182,2024-01-15,Completed
O000486,C01023,2025-10-26,Returned
O000487,C00688,2024-04-26,Cancelled
O000488,C00584,2025-11-06,Completed
O000489,C00180,2024-04-16,Completed
O000490,C01116,2024-04-12,Completed
O000491,C00932,2025-07-18,Completed
O000492,C00951,2025-02-26,Completed
O000493,C01040,2024-10-17,Completed
O000494,C00067,2024-01-16,Completed
O000495,C00881,2024-09-04,Completed
O000496,C00879,2024-05-11,Cancelled
O000497,C00474,2024-04-11,Completed
O000498,C00803,2025-10-04,Cancelled
O000499,C00314,2024-01-29,Completed
O000500,C00930,2025-10-11,Completed
O000501,C00503,2025-01-22,Completed
O000502,C00941,2025-09-02,Completed
O000503,C00159,2025-05-21,Completed
O000504,C00643,2025-10-10,Completed
O000505,C00703,2024-12-21,Completed
O000506,C00395,2025-09-12,Completed
O000507,C00748,2024-04-27,Completed
O000508,C00260,2024-10-01,Completed
O000509,C00603,2025-04-23,Completed
O000510,C00576,2025-02-06,Completed
O000511,C00557,2024-11-22,Completed
O000512,C00132,2025-04-05,Completed
O000513,C00602,2025-09-10,Completed
O000514,C00661,2025-03-15,Completed
O000515,C00251,2024-01-10,Completed
O000516,C00659,2024-08-26,Completed
O000517,C00154,2025-08-10,Completed
O000518,C01012,2025-05-25,Completed
O000519,C00670,2025-08-28,Completed
O000520,C00946,2024-10-18,Completed
O000521,C00709,2025-02-13,Completed
O000522,C00249,2025-01-17,Cancelled
O000523,C00285,2024-04-17,Returned
O000524,C00108,2024-09-22,Completed
O000525,C00541,2024-12-03,Completed
O000526,C00304,2025-08-21,Completed
O000527,C00541,2024-10-30,Completed
O000528,C00160,2024-03-17,Returned
O000529,C00789,2024-07-11,Completed
O000530,C01053,2024-11-16,Completed
O000531,C01034,2024-04-18,Cancelled
O000532,C01052,2024-07-26,Completed
O000533,C00630,2025-08-14,Completed
O000534,C00493,2024-01-17,Completed
O000535,C00928,2024-12-26,Completed
O000536,C00784,2025-03-08,Completed
O000537,C01011,2025-06-15,Completed
O000538,C00135,2025-06-28,Completed
O000539,C00803,2025-02-06,Completed
O000540,C00590,2024-01-04,Completed
O000541,C00489,2024-06-23,Completed
O000542,C00291,2024-01-14,Completed
O000543,C00020,2025-08-31,Completed
O000544,C00036,2025-08-03,Completed
O000545,C00301,2024-04-06,Completed
O000546,C00940,2024-01-14,Completed
O000547,C00992,2024-04-25,Completed
O000548,C00291,2024-12-31,Completed
O000549,C00737,2024-07-30,Completed
O000550,C00561,2025-10-03,Completed
O000551,C00566,2024-11-12,Completed
O000552,C01161,2024-12-21,Completed
O000553,C00032,2025-04-09,Completed
O000554,C00627,2024-01-06,Completed
O000555,C01149,2024-06-07,Cancelled
O000556,C00727,2024-09-11,Completed
O000557,C00619,2025-09-03,Completed
O000558,C00409,2024-09-13,Completed
O000559,C01118,2024-07-06,Completed
O000560,C00862,2025-02-24,Completed
O000561,C01113,2025-08-02,Completed
O000562,C00013,2025-04-18,Completed
O000563,C00987,2025-12-08,Completed
O000564,C00109,2025-12-19,Completed
O000565,C00458,2025-11-22,Completed
O000566,C00014,2025-05-11,Completed
O000567,C00248,2025-06-16,Completed
O000568,C00909,2025-02-04,Completed
O000569,C00482,2025-07-13,Completed
O000570,C00045,2024-07-08,Completed
O000571,C00205,2025-08-25,Completed
O000572,C00937,2024-05-03,Completed
O000573,C00911,2024-02-13,Completed
O000574,C00325,2025-01-01,Completed
O000575,C00942,2024-05-23,Completed
O000576,C00370,2025-08-12,Completed
O000577,C01190,2024-12-22,Completed
O000578,C00976,2024-11-27,Completed
O000579,C00235,2024-02-08,Completed
O000580,C00061,2024-06-27,Completed
O000581,C00586,2024-08-18,Completed
O000582,C00394,2024-03-29,Completed
O000583,C00737,2025-02-21,Completed
O000584,C01026,2024-12-26,Completed
O000585,C00207,2024-04-30,Completed
O000586,C00594,2024-09-14,Completed
O000587,C00495,2025-06-14,Cancelled
O000588,C00965,2024-09-26,Completed
O000589,C00122,2024-05-22,Completed
O000590,C01155,2025-09-16,Completed
O000591,C01130,2025-05-05,Cancelled
O000592,C01040,2024-08-18,Completed
O000593,C00114,2024-01-27,Completed
O000594,C00773,2025-12-13,Completed
O000595,C00703,2025-03-23,Cancelled
O000596,C00846,2025-07-03,Completed
O000597,C00599,2024-05-12,Completed
O000598,C01014,2025-12-23,Completed
O000599,C01130,2024-10-26,Completed
O000600,C01109,2025-05-30,Completed
O000601,C00996,2024-10-13,Completed
O000602,C00482,2025-12-16,Completed
O000603,C00174,2024-03-02,Completed
O000604,C00422,2025-01-23,Completed
O000605,C00054,2025-09-15,Completed
O000606,C00444,2024-01-29,Completed
O000607,C00795,2025-11-25,Completed
O000608,C00575,2025-11-29,Cancelled
O000609,C00692,2025-08-07,Completed
O000610,C00026,2024-05-07,Completed
O000611,C00735,2025-05-06,Completed
O000612,C01130,2024-11-17,Cancelled
O000613,C00466,2025-10-07,Completed
O000614,C00467,2024-03-03,Cancelled
O000615,C00159,2024-08-30,Completed
O000616,C00580,2024-05-26,Completed
O000617,C00603,2025-09-28,Completed
O000618,C00434,2024-11-16,Completed
O000619,C00308,2025-01-25,Completed
O000620,C01177,2025-10-07,Completed
O000621,C00968,2025-11-06,Completed
O000622,C00498,2025-01-05,Completed
O000623,C00912,2025-02-23,Completed
O000624,C00920,2025-03-04,Completed
O000625,C00534,2024-10-20,Completed
O000626,C00304,2025-08-12,Completed
O000627,C00207,2024-05-09,Completed
O000628,C00865,2024-12-28,Completed
O000629,C00221,2024-02-16,Completed
O000630,C01044,2024-03-26,Completed
O000631,C00929,2025-01-23,Completed
O000632,C00199,2024-08-25,Completed
O000633,C01188,2025-06-04,Completed
O000634,C00432,2025-03-16,Completed
O000635,C00561,2025-05-13,Completed
O000636,C01042,2024-06-21,Completed
O000637,C01170,2025-03-12,Completed
O000638,C00246,2025-03-31,Completed
O000639,C00725,2024-03-21,Completed
O000640,C00687,2024-10-09,Completed
O000641,C01068,2024-11-21,Completed
O000642,C00504,2024-05-20,Completed
O000643,C00182,2025-06-12,Completed
O000644,C00539,2025-09-20,Completed
O000645,C00615,2024-08-25,Completed
O000646,C00589,2025-03-05,Cancelled
O000647,C00952,2024-11-22,Completed
O000648,C00991,2025-05-15,Completed
O000649,C00662,2024-09-24,Completed
O000650,C00995,2024-08-12,Completed
O000651,C00676,2024-05-12,Completed
O000652,C00185,2025-12-22,Completed
O000653,C01097,2024-07-22,Returned
O000654,C01133,2024-09-11,Cancelled
O000655,C00210,2025-05-28,Completed
O000656,C00507,2024-02-04,Completed
O000657,C00269,2024-10-03,Completed
O000658,C00851,2024-01-21,Completed
O000659,C00640,2024-11-27,Completed
O000660,C00880,2024-04-05,Completed
O000661,C00784,2024-01-18,Returned
O000662,C00476,2025-04-02,Completed
O000663,C00196,2025-07-28,Completed
O000664,C01011,2024-09-15,Completed
O000665,C00429,2025-07-29,Completed
O000666,C01054,2025-07-22,Completed
O000667,C00080,2025-03-10,Completed
O000668,C00019,2024-10-30,Completed
O000669,C00761,2025-06-15,Completed
O000670,C00278,2024-06-17,Completed
O000671,C00385,2024-07-23,Completed
O000672,C00718,2025-10-13,Completed
O000673,C00563,2024-10-18,Completed
O000674,C00313,2024-04-15,Completed
O000675,C01070,2025-08-24,Completed
O000676,C00970,2024-08-02,Completed
O000677,C00663,2024-03-20,Completed
O000678,C00967,2024-11-30,Completed
O000679,C00650,2025-06-27,Completed
O000680,C00293,2025-03-23,Completed
O000681,C00714,2024-07-01,Completed
O000682,C01147,2024-07-14,Completed
O000683,C00906,2025-01-04,Completed
O000684,C00756,2024-09-16,Completed
O000685,C00981,2025-02-11,Completed
O000686,C00931,2025-05-17,Completed
O000687,C00363,2024-05-14,Completed
O000688,C00398,2025-11-01,Completed
O000689,C00649,2025-12-27,Completed
O000690,C00547,2024-03-26,Completed
O000691,C00839,2024-06-26,Completed
O000692,C00177,2025-08-02,Cancelled
O000693,C00177,2024-07-09,Completed
O000694,C00943,2024-03-24,Completed
O000695,C00588,2024-07-01,Completed
O000696,C00605,2024-09-22,Completed
O000697,C00715,2025-10-19,Completed
O000698,C00889,2024-12-21,Completed
O000699,C01052,2024-08-03,Completed
O000700,C00287,2025-04-23,Completed
O000701,C00735,2024-01-09,Completed
O000702,C00334,2025-04-23,Completed
O000703,C00499,2024-09-15,Completed
O000704,C00480,2025-06-03,Completed
O000705,C00341,2024-11-03,Completed
O000706,C00709,2025-04-14,Completed
O000707,C00379,2024-08-29,Completed
O000708,C00011,2025-05-03,Completed
O000709,C00436,2025-04-28,Completed
O000710,C00670,2024-10-16,Completed
O000711,C00455,2025-09-15,Completed
O000712,C00004,2025-09-17,Completed
O000713,C00619,2025-03-21,Completed
O000714,C00985,2024-02-05,Completed
O000715,C00330,2024-11-22,Completed
O000716,C00866,2024-02-25,Completed
O000717,C00923,2025-05-29,Completed
O000718,C00869,2025-06-28,Completed
O000719,C00891,2024-02-19,Completed
O000720,C00103,2025-09-05,Completed
O000721,C00049,2025-07-09,Completed
O000722,C00610,2025-10-13,Completed
O000723,C00812,2024-09-11,Completed
O000724,C00708,2025-04-14,Completed
O000725,C01073,2025-08-05,Completed
O000726,C00208,2025-01-26,Completed
O000727,C00163,2025-03-19,Cancelled
O000728,C00101,2025-01-18,Completed
O000729,C00381,2024-10-10,Completed
O000730,C00584,2024-10-06,Completed
O000731,C00563,2024-09-30,Completed
O000732,C00944,2025-08-25,Completed
O000733,C00655,2024-12-20,Completed
O000734,C01091,2025-12-15,Completed
O000735,C00997,2025-07-28,Returned
O000736,C00623,2024-10-25,Completed
O000737,C01157,2025-03-17,Completed
O000738,C00776,2025-09-13,Cancelled
O000739,C00227,2025-08-07,Completed
O000740,C00744,2025-10-07,Completed
O000741,C00921,2024-06-09,Cancelled
O000742,C00685,2025-04-20,Completed
O000743,C00460,2024-05-21,Completed
O000744,C00512,2024-06-19,Completed
O000745,C00798,2025-07-19,Completed
O000746,C00491,2024-06-28,Completed
O000747,C00909,2024-09-04,Completed
O000748,C00833,2025-06-16,Returned
O000749,C00049,2025-03-25,Completed
O000750,C01048,2025-10-06,Completed
O000751,C00229,2024-06-22,Completed
O000752,C00939,2025-12-27,Completed
O000753,C00911,2024-12-04,Completed
O000754,C00760,2025-07-31,Completed
O000755,C00625,2025-05-01,Completed
O000756,C00467,2024-01-29,Completed
O000757,C01059,2025-02-19,Completed
O000758,C01076,2025-05-08,Completed
O000759,C00404,2024-12-31,Completed
O000760,C01074,2024-08-21,Completed
O000761,C00556,2025-07-20,Cancelled
O000762,C00375,2025-12-07,Cancelled
O000763,C00131,2024-05-15,Completed
O000764,C01191,2025-05-03,Completed
O000765,C00239,2025-03-28,Completed
O000766,C00998,2024-11-03,Completed
O000767,C00399,2025-08-26,Completed
O000768,C01009,2025-10-08,Completed
O000769,C00510,2024-12-15,Completed
O000770,C00999,2024-01-07,Completed
O000771,C00223,2024-08-25,Completed
O000772,C00431,2025-08-07,Completed
O000773,C00352,2024-06-10,Completed
O000774,C00854,2024-10-02,Completed
O000775,C00760,2024-05-28,Completed
O000776,C00828,2024-02-26,Cancelled
O000777,C00415,2024-08-01,Completed
O000778,C00876,2025-01-26,Completed
O000779,C00219,2024-03-17,Completed
O000780,C00963,2024-02-17,Completed
O000781,C00769,2024-03-01,Completed
O000782,C00276,2024-03-16,Completed
O000783,C00503,2024-12-01,Completed
O000784,C00643,2025-01-04,Completed
O000785,C00683,2024-07-22,Completed
O000786,C00997,2024-02-19,Completed
O000787,C01159,2025-03-23,Returned
O000788,C00325,2025-06-09,Completed
O000789,C00391,2024-03-15,Completed
O000790,C00677,2024-03-15,Completed
O000791,C00044,2025-02-15,Completed
O000792,C00462,2024-11-26,Completed
O000793,C00669,2025-06-29,Completed
O000794,C00304,2024-07-30,Completed
O000795,C00081,2024-05-10,Completed
O000796,C00282,2025-03-26,Completed
O000797,C00256,2024-04-05,Cancelled
O000798,C01002,2025-09-11,Completed
O000799,C00205,2024-12-29,Completed
O000800,C00616,2024-08-22,Returned
O000801,C00966,2024-01-17,Cancelled
O000802,C00289,2024-09-11,Completed
O000803,C00963,2024-02-09,Completed
O000804,C01063,2024-06-04,Completed
O000805,C00765,2024-09-28,Completed
O000806,C00964,2024-02-05,Completed
O000807,C01076,2024-06-22,Completed
O000808,C00136,2024-04-25,Cancelled
O000809,C00002,2024-11-14,Completed
O000810,C01170,2024-07-19,Completed
O000811,C00828,2024-10-16,Completed
O000812,C00617,2024-12-02,Completed
O000813,C00270,2024-12-01,Completed
O000814,C00406,2024-07-05,Completed
O000815,C00985,2025-05-10,Completed
O000816,C00831,2025-04-07,Returned
O000817,C01054,2024-12-11,Completed
O000818,C00130,2025-01-09,Completed
O000819,C00937,2024-04-23,Completed
O000820,C01034,2024-07-05,Completed
O000821,C00311,2025-07-30,Completed
O000822,C01088,2024-06-19,Completed
O000823,C00464,2024-06-04,Completed
O000824,C00615,2024-01-01,Completed
O000825,C00288,2024-05-27,Completed
O000826,C00497,2025-02-04,Completed
O000827,C00566,2024-05-23,Completed
O000828,C00311,2024-07-29,Completed
O000829,C00965,2024-08-25,Completed
O000830,C00931,2024-06-06,Completed
O000831,C00998,2024-10-25,Completed
O000832,C00743,2024-09-04,Completed
O000833,C00565,2024-09-14,Completed
O000834,C00731,2024-03-26,Completed
O000835,C01000,2025-07-28,Completed
O000836,C00221,2025-08-27,Completed
O000837,C01189,2025-11-19,Completed
O000838,C00902,2025-04-16,Completed
O000839,C00053,2024-08-09,Completed
O000840,C00845,2024-01-30,Completed
O000841,C00098,2024-11-28,Completed
O000842,C00183,2024-12-07,Completed
O000843,C00186,2025-10-16,Completed
O000844,C00995,2024-12-25,Completed
O000845,C00389,2025-08-18,Completed
O000846,C00156,2024-07-22,Completed
O000847,C00273,2025-01-29,Completed
O000848,C00561,2024-01-27,Completed
O000849,C00500,2024-01-22,Completed
O000850,C00382,2025-06-15,Completed
O000851,C00746,2024-09-26,Completed
O000852,C00276,2024-11-25,Completed
O000853,C00714,2025-12-19,Completed
O000854,C00897,2025-05-24,Completed
O000855,C00919,2025-07-26,Completed
O000856,C00057,2025-12-31,Completed
O000857,C00635,2025-07-05,Completed
O000858,C01041,2025-02-20,Completed
O000859,C00734,2025-08-24,Completed
O000860,C01014,2024-05-02,Completed
O000861,C00794,2025-02-21,Completed
O000862,C00882,2024-09-15,Completed
O000863,C00168,2024-12-13,Completed
O000864,C00125,2025-07-24,Completed
O000865,C00788,2024-11-09,Completed
O000866,C00317,2025-09-06,Completed
O000867,C00364,2025-06-03,Completed
O000868,C00639,2024-10-25,Completed
O000869,C00691,2025-04-10,Cancelled
O000870,C00693,2024-09-09,Completed
O000871,C00828,2024-02-12,Completed
O000872,C00657,2025-06-23,Completed
O000873,C00600,2025-10-03,Completed
O000874,C00797,2024-11-09,Completed
O000875,C01170,2025-07-09,Completed
O000876,C00621,2025-01-29,Completed
O000877,C00381,2024-08-14,Completed
O000878,C00032,2024-02-16,Cancelled
O000879,C00010,2024-09-03,Completed
O000880,C00529,2025-03-08,Completed
O000881,C00021,2025-03-01,Completed
O000882,C00022,2025-10-03,Completed
O000883,C00457,2024-03-13,Completed
O000884,C00376,2025-07-03,Completed
O000885,C00245,2025-02-08,Completed
O000886,C00795,2024-07-07,Completed
O000887,C01032,2024-07-12,Completed
O000888,C00947,2024-07-24,Completed
O000889,C01036,2024-03-06,Completed
O000890,C00504,2025-09-08,Completed
O000891,C00840,2025-06-14,Completed
O000892,C00213,2025-12-01,Completed
O000893,C00460,2025-10-05,Completed
O000894,C00791,2024-10-16,Completed
O000895,C00932,2025-05-05,Cancelled
O000896,C00296,2024-10-20,Completed
O000897,C00329,2025-01-11,Completed
O000898,C00465,2025-02-15,Completed
O000899,C00927,2025-03-30,Cancelled
O000900,C00504,2024-08-10,Completed
O000901,C00949,2025-07-15,Completed
O000902,C00845,2024-02-22,Completed
O000903,C01060,2025-03-18,Completed
O000904,C01154,2024-06-08,Completed
O000905,C00268,2025-05-13,Completed
O000906,C00109,2024-12-05,Completed
O000907,C00309,2024-08-06,Completed
O000908,C00915,2025-05-01,Completed
O000909,C00328,2024-06-04,Completed
O000910,C01151,2025-07-19,Completed
O000911,C00199,2024-02-10,Completed
O000912,C00743,2025-03-27,Completed
O000913,C01161,2024-12-18,Completed
O000914,C00657,2024-10-26,Completed
O000915,C00394,2025-06-09,Completed
O000916,C00490,2025-12-18,Completed
O000917,C00939,2025-11-06,Completed
O000918,C00040,2024-11-05,Completed
O000919,C00834,2025-12-25,Completed
O000920,C00653,2025-06-05,Completed
O000921,C00498,2024-03-17,Completed
O000922,C00179,2024-03-18,Completed
O000923,C00145,2024-06-08,Completed
O000924,C00188,2024-01-04,Completed
O000925,C01015,2025-09-11,Completed
O000926,C01040,2024-01-07,Completed
O000927,C00809,2025-10-12,Completed
O000928,C00447,2025-03-12,Completed
O000929,C00516,2024-10-15,Completed
O000930,C00124,2025-09-26,Completed
O000931,C00181,2024-11-22,Completed
O000932,C00984,2025-01-14,Completed
O000933,C00953,2025-04-17,Completed
O000934,C00790,2025-03-05,Cancelled
O000935,C00310,2025-08-30,Cancelled
O000936,C00555,2024-12-11,Completed
O000937,C00390,2025-05-13,Completed
O000938,C00724,2024-04-18,Completed
O000939,C00482,2025-06-15,Cancelled
O000940,C00879,2025-09-18,Completed
O000941,C00263,2025-01-13,Completed
O000942,C00479,2024-11-16,Completed
O000943,C01173,2024-08-22,Completed
O000944,C00642,2025-06-07,Completed
O000945,C00545,2024-03-09,Completed
O000946,C00007,2024-12-01,Completed
O000947,C00644,2025-09-11,Completed
O000948,C00247,2024-10-29,Completed
O000949,C00023,2024-11-01,Completed
O000950,C00864,2024-03-21,Completed
O000951,C00561,2025-04-11,Completed
O000952,C01132,2025-05-03,Completed
O000953,C00890,2025-10-23,Completed
O000954,C00580,2024-11-27,Completed
O000955,C00131,2024-03-10,Completed
O000956,C00189,2025-01-03,Returned
O000957,C01009,2025-02-14,Completed
O000958,C00425,2025-04-04,Completed
O000959,C00462,2025-05-05,Completed
O000960,C00282,2025-05-27,Completed
O000961,C00049,2025-11-16,Completed
O000962,C01007,2024-01-08,Completed
O000963,C00337,2025-02-10,Completed
O000964,C01047,2025-02-01,Completed
O000965,C00670,2024-09-23,Completed
O000966,C00231,2024-02-12,Completed
O000967,C01168,2024-11-01,Completed
O000968,C00517,2024-08-10,Completed
O000969,C00684,2024-07-30,Completed
O000970,C00585,2025-11-14,Completed
O000971,C00064,2025-09-26,Completed
O000972,C00912,2025-01-25,Completed
O000973,C00246,2024-11-05,Completed
O000974,C00063,2025-05-02,Completed
O000975,C01188,2025-12-12,Completed
O000976,C00314,2024-08-08,Completed
O000977,C00091,2025-11-03,Completed
O000978,C00386,2024-08-28,Completed
O000979,C00475,2024-02-18,Completed
O000980,C01116,2024-06-16,Completed
O000981,C00599,2024-05-31,Completed
O000982,C00682,2025-01-02,Completed
O000983,C00298,2025-09-05,Completed
O000984,C00422,2025-12-10,Completed
O000985,C01128,2025-11-11,Cancelled
O000986,C00809,2025-06-19,Completed
O000987,C00463,2025-10-17,Completed
O000988,C00002,2025-05-31,Completed
O000989,C00621,2024-08-02,Completed
O000990,C00064,2024-10-29,Completed
O000991,C00520,2025-04-08,Cancelled
O000992,C00795,2025-01-18,Completed
O000993,C01007,2024-02-02,Completed
O000994,C00201,2025-03-08,Completed
O000995,C00080,2025-05-14,Completed
O000996,C00503,2025-10-08,Cancelled
O000997,C00635,2025-07-19,Completed
O000998,C01029,2024-07-04,Completed
O000999,C01006,2024-06-27,Completed
O001000,C00679,2025-03-12,Completed
O001001,C00996,2024-09-12,Completed
O001002,C01196,2025-05-20,Completed
O001003,C01153,2024-01-25,Completed
O001004,C01114,2024-04-18,Completed
O001005,C00138,2024-03-07,Completed
O001006,C00383,2025-11-11,Completed
O001007,C00238,2025-07-27,Completed
O001008,C00801,2024-01-12,Completed
O001009,C00622,2024-05-20,Completed
O001010,C00973,2025-05-04,Completed
O001011,C01109,2024-03-13,Completed
O001012,C00140,2025-05-04,Completed
O001013,C00809,2024-01-29,Completed
O001014,C01044,2025-02-20,Completed
O001015,C00136,2025-07-29,Completed
O001016,C01097,2025-09-11,Completed
O001017,C00791,2025-12-05,Completed
O001018,C00691,2024-04-03,Completed
O001019,C00491,2025-08-02,Completed
O001020,C00605,2024-07-13,Completed
O001021,C00356,2024-04-30,Completed
O001022,C00992,2024-10-04,Cancelled
O001023,C00772,2025-07-17,Returned
O001024,C01014,2025-04-10,Cancelled
O001025,C00876,2025-10-05,Returned
O001026,C00741,2024-02-25,Completed
O001027,C00261,2024-04-08,Cancelled
O001028,C00568,2024-10-18,Completed
O001029,C00547,2025-07-19,Completed
O001030,C00451,2024-06-24,Completed
O001031,C00553,2025-05-12,Completed
O001032,C00340,2024-06-26,Cancelled
O001033,C00892,2025-08-16,Completed
O001034,C00788,2025-09-21,Completed
O001035,C01007,2025-03-23,Completed
O001036,C00421,2025-01-16,Completed
O001037,C00345,2025-02-17,Completed
O001038,C00596,2024-08-24,Completed
O001039,C00737,2025-01-25,Completed
O001040,C00552,2025-01-10,Cancelled
O001041,C01200,2025-10-22,Completed
O001042,C00469,2024-04-02,Completed
O001043,C00513,2024-03-22,Completed
O001044,C00893,2024-10-12,Completed
O001045,C00137,2024-08-25,Completed
O001046,C00361,2024-10-22,Completed
O001047,C00367,2025-06-30,Completed
O001048,C00504,2024-01-09,Completed
O001049,C01026,2025-05-31,Completed
O001050,C00753,2025-08-10,Completed
O001051,C00087,2024-03-09,Returned
O001052,C01004,2025-11-24,Completed
O001053,C01065,2024-12-28,Completed
O001054,C00342,2025-05-30,Completed
O001055,C00753,2024-11-01,Completed
O001056,C00922,2025-08-27,Completed
O001057,C00997,2025-02-12,Completed
O001058,C00299,2025-10-17,Cancelled
O001059,C00792,2025-10-31,Completed
O001060,C01130,2025-05-03,Completed
O001061,C01044,2024-08-11,Completed
O001062,C00669,2024-10-18,Completed
O001063,C01123,2025-08-02,Completed
O001064,C00565,2025-02-07,Completed
O001065,C00857,2025-08-05,Completed
O001066,C00335,2024-02-08,Completed
O001067,C01011,2024-04-26,Completed
O001068,C00529,2025-08-13,Completed
O001069,C00503,2024-08-19,Completed
O001070,C00829,2024-02-22,Cancelled
O001071,C00304,2025-07-22,Completed
O001072,C00846,2025-02-13,Completed
O001073,C00986,2025-11-09,Completed
O001074,C00886,2024-06-06,Completed
O001075,C00499,2025-09-17,Completed
O001076,C00170,2024-04-13,Completed
O001077,C00312,2024-02-22,Completed
O001078,C00752,2025-11-26,Completed
O001079,C01194,2024-03-25,Returned
O001080,C01005,2024-04-20,Completed
O001081,C00583,2024-05-21,Completed
O001082,C00459,2025-12-06,Completed
O001083,C01043,2024-11-09,Completed
O001084,C00493,2025-04-17,Completed
O001085,C00242,2024-05-31,Completed
O001086,C01187,2024-09-01,Completed
O001087,C00620,2025-12-27,Completed
O001088,C00065,2024-09-15,Completed
O001089,C00865,2025-11-05,Completed
O001090,C00304,2024-02-13,Completed
O001091,C00415,2024-07-03,Completed
O001092,C01027,2024-07-25,Completed
O001093,C01035,2024-10-07,Completed
O001094,C01121,2024-10-24,Completed
O001095,C00855,2025-04-19,Cancelled
O001096,C00615,2025-10-29,Completed
O001097,C00921,2024-09-01,Completed
O001098,C01120,2025-03-02,Completed
O001099,C01132,2024-10-21,Completed
O001100,C00503,2025-05-06,Completed
O001101,C00599,2025-11-18,Completed
O001102,C00741,2024-04-09,Completed
O001103,C00141,2024-03-19,Returned
O001104,C00925,2024-12-11,Completed
O001105,C00189,2024-12-27,Completed
O001106,C00177,2024-03-05,Completed
O001107,C00398,2025-05-05,Returned
O001108,C00825,2024-08-05,Completed
O001109,C00465,2025-11-03,Cancelled
O001110,C00386,2024-01-04,Completed
O001111,C00694,2025-03-01,Completed
O001112,C00275,2024-04-08,Completed
O001113,C00698,2024-05-02,Completed
O001114,C00640,2025-07-03,Completed
O001115,C00615,2025-11-11,Cancelled
O001116,C00314,2024-10-14,Completed
O001117,C00615,2025-02-20,Completed
O001118,C00254,2024-07-06,Completed
O001119,C01109,2024-03-22,Completed
O001120,C00610,2024-04-12,Completed
O001121,C00141,2024-04-06,Cancelled
O001122,C01110,2024-04-19,Completed
O001123,C01166,2025-12-18,Completed
O001124,C01044,2024-09-01,Returned
O001125,C00385,2025-05-19,Completed
O001126,C00395,2025-06-24,Completed
O001127,C01185,2024-10-21,Completed
O001128,C00003,2024-04-27,Completed
O001129,C00378,2025-10-18,Completed
O001130,C00006,2025-10-29,Completed
O001131,C00700,2024-07-30,Completed
O001132,C00756,2024-11-28,Returned
O001133,C00299,2024-07-30,Completed
O001134,C00498,2025-05-16,Completed
O001135,C00950,2024-06-11,Completed
O001136,C00029,2025-04-29,Completed
O001137,C00565,2025-05-03,Cancelled
O001138,C00274,2024-01-18,Completed
O001139,C00297,2024-04-22,Completed
O001140,C00636,2025-02-17,Completed
O001141,C01139,2025-09-20,Completed
O001142,C01164,2024-12-15,Completed
O001143,C00871,2024-09-14,Completed
O001144,C01158,2025-07-31,Completed
O001145,C00731,2025-04-27,Completed
O001146,C00212,2025-08-01,Completed
O001147,C00845,2025-07-01,Returned
O001148,C00904,2024-05-18,Completed
O001149,C00024,2025-08-24,Completed
O001150,C00494,2024-02-15,Completed
O001151,C00014,2025-05-16,Completed
O001152,C00182,2025-05-30,Completed
O001153,C01171,2024-01-22,Completed
O001154,C00093,2024-07-02,Completed
O001155,C00921,2024-08-19,Completed
O001156,C00751,2025-10-04,Completed
O001157,C00351,2025-01-18,Completed
O001158,C00174,2024-06-10,Completed
O001159,C00341,2024-09-29,Completed
O001160,C00676,2025-04-08,Completed
O001161,C00042,2024-07-19,Completed
O001162,C00260,2024-02-25,Completed
O001163,C00277,2024-02-24,Completed
O001164,C01114,2024-03-16,Completed
O001165,C00279,2024-07-01,Completed
O001166,C00184,2025-06-14,Completed
O001167,C00944,2024-06-17,Completed
O001168,C01200,2024-03-24,Completed
O001169,C01104,2025-10-25,Completed
O001170,C01033,2025-10-23,Completed
O001171,C00303,2025-09-06,Completed
O001172,C00592,2025-05-28,Completed
O001173,C00891,2025-04-23,Completed
O001174,C00700,2024-03-31,Completed
O001175,C00306,2024-10-02,Completed
O001176,C00493,2025-02-24,Completed
O001177,C01077,2024-07-08,Completed
O001178,C00803,2024-09-15,Completed
O001179,C00011,2024-09-24,Completed
O001180,C00971,2025-05-25,Completed
O001181,C00385,2025-06-25,Completed
O001182,C00605,2024-06-23,Completed
O001183,C00860,2024-05-13,Completed
O001184,C00800,2024-10-25,Cancelled
O001185,C00087,2024-07-10,Completed
O001186,C00383,2024-10-27,Completed
O001187,C01087,2025-06-01,Cancelled
O001188,C00495,2025-07-23,Completed
O001189,C00127,2025-11-20,Completed
O001190,C00597,2024-09-01,Completed
O001191,C00398,2025-06-22,Completed
O001192,C00455,2024-05-24,Completed
O001193,C00956,2024-05-06,Completed
O001194,C00444,2024-05-17,Completed
O001195,C00072,2024-03-19,Cancelled
O001196,C01132,2025-06-21,Completed
O001197,C00061,2025-08-23,Completed
O001198,C00968,2025-10-14,Completed
O001199,C00246,2025-03-01,Cancelled
O001200,C01078,2025-10-16,Completed
O001201,C00814,2025-06-26,Completed
O001202,C01036,2024-05-31,Completed
O001203,C00603,2024-05-13,Completed
O001204,C00692,2024-08-31,Completed
O001205,C00239,2024-05-11,Completed
O001206,C00815,2025-09-14,Completed
O001207,C00698,2024-12-30,Completed
O001208,C00994,2025-03-10,Completed
O001209,C00083,2024-04-28,Completed
O001210,C01083,2024-05-19,Completed
O001211,C00255,2024-02-24,Completed
O001212,C01157,2025-08-17,Completed
O001213,C00340,2025-02-16,Completed
O001214,C00608,2025-07-19,Completed
O001215,C00298,2025-07-02,Completed
O001216,C00603,2024-01-22,Completed
O001217,C00457,2024-10-28,Completed
O001218,C01143,2025-04-29,Completed
O001219,C00357,2024-08-09,Completed
O001220,C00284,2025-11-04,Completed
O001221,C00242,2024-05-25,Completed
O001222,C00832,2025-08-27,Completed
O001223,C01174,2025-01-22,Completed
O001224,C00202,2025-11-19,Completed
O001225,C00817,2025-07-08,Completed
O001226,C00061,2024-06-17,Completed
O001227,C00890,2025-09-06,Completed
O001228,C00686,2024-01-27,Completed
O001229,C00572,2024-03-23,Completed
O001230,C01069,2024-07-19,Completed
O001231,C00577,2025-02-04,Completed
O001232,C00706,2024-01-20,Completed
O001233,C00972,2025-01-28,Cancelled
O001234,C00930,2024-08-25,Completed
O001235,C00351,2024-07-26,Completed
O001236,C00231,2024-08-12,Completed
O001237,C00272,2025-04-23,Completed
O001238,C01117,2024-10-30,Completed
O001239,C00811,2024-10-28,Completed
O001240,C00949,2025-05-26,Completed
O001241,C00331,2025-10-16,Completed
O001242,C00535,2025-06-15,Cancelled
O001243,C00897,2024-08-27,Completed
O001244,C00694,2024-08-22,Completed
O001245,C00878,2025-02-16,Completed
O001246,C00005,2025-01-20,Completed
O001247,C00716,2024-12-01,Completed
O001248,C00750,2024-01-16,Completed
O001249,C00150,2025-06-19,Completed
O001250,C00550,2024-08-28,Completed
O001251,C00078,2024-12-04,Completed
O001252,C00692,2025-09-16,Completed
O001253,C00938,2024-02-06,Completed
O001254,C00800,2025-05-04,Completed
O001255,C00131,2025-10-04,Completed
O001256,C01177,2025-03-22,Completed
O001257,C01090,2024-11-21,Completed
O001258,C00487,2025-01-12,Completed
O001259,C00739,2025-02-03,Completed
O001260,C00573,2025-07-08,Completed
O001261,C00288,2024-12-27,Completed
O001262,C01180,2024-10-02,Completed
O001263,C00830,2024-06-17,Completed
O001264,C00704,2025-02-02,Completed
O001265,C01085,2025-09-14,Completed
O001266,C00802,2025-01-13,Completed
O001267,C00016,2024-07-17,Completed
O001268,C00232,2025-05-07,Completed
O001269,C00684,2025-08-18,Completed
O001270,C00672,2024-07-26,Completed
O001271,C00488,2025-03-12,Completed
O001272,C00307,2025-12-14,Completed
O001273,C01084,2024-05-04,Completed
O001274,C00014,2024-10-05,Completed
O001275,C00714,2025-02-15,Completed
O001276,C00877,2025-03-02,Completed
O001277,C00922,2025-07-05,Completed
O001278,C00692,2025-06-06,Completed
O001279,C00650,2025-12-30,Completed
O001280,C00244,2024-03-25,Completed
O001281,C00088,2024-06-08,Completed
O001282,C00269,2025-10-20,Completed
O001283,C00872,2025-07-22,Completed
O001284,C01005,2024-05-27,Completed
O001285,C00014,2024-05-12,Completed
O001286,C00143,2025-06-22,Completed
O001287,C00294,2025-10-22,Completed
O001288,C00017,2024-04-02,Completed
O001289,C01091,2024-06-18,Completed
O001290,C00717,2025-05-06,Completed
O001291,C00545,2025-05-10,Completed
O001292,C00292,2025-09-25,Completed
O001293,C00109,2025-07-16,Completed
O001294,C00445,2025-08-01,Completed
O001295,C00875,2024-11-30,Completed
O001296,C00342,2024-11-28,Completed
O001297,C00856,2024-05-05,Completed
O001298,C00594,2024-09-10,Cancelled
O001299,C00239,2024-07-03,Completed
O001300,C00902,2024-03-12,Completed
O001301,C01080,2025-05-24,Completed
O001302,C00284,2025-08-16,Cancelled
O001303,C00112,2025-07-15,Completed
O001304,C01002,2025-09-13,Completed
O001305,C00763,2025-11-14,Completed
O001306,C00125,2024-02-11,Completed
O001307,C00168,2025-08-09,Completed
O001308,C00431,2025-08-07,Completed
O001309,C00621,2024-07-22,Completed
O001310,C00963,2024-03-25,Completed
O001311,C00310,2024-06-04,Completed
O001312,C00943,2025-02-23,Completed
O001313,C00266,2024-07-04,Completed
O001314,C01084,2025-03-24,Cancelled
O001315,C00076,2024-10-27,Completed
O001316,C00618,2025-06-17,Completed
O001317,C00288,2024-12-11,Completed
O001318,C00036,2025-08-28,Completed
O001319,C00003,2024-08-07,Completed
O001320,C00200,2024-08-22,Cancelled
O001321,C00736,2025-07-16,Completed
O001322,C00154,2024-06-08,Completed
O001323,C00175,2025-03-17,Completed
O001324,C00220,2024-12-16,Completed
O001325,C00831,2025-05-23,Completed
O001326,C00713,2025-01-15,Completed
O001327,C00006,2024-04-23,Completed
O001328,C00252,2024-02-09,Completed
O001329,C01002,2024-06-14,Completed
O001330,C00751,2025-04-03,Completed
O001331,C00173,2024-07-19,Completed
O001332,C00098,2024-10-21,Completed
O001333,C00403,2024-01-26,Completed
O001334,C00880,2025-09-02,Completed
O001335,C00408,2025-11-18,Completed
O001336,C00807,2025-03-23,Completed
O001337,C00284,2025-12-17,Completed
O001338,C00850,2025-03-11,Completed
O001339,C00538,2025-08-22,Completed
O001340,C01176,2024-01-04,Completed
O001341,C00610,2025-10-24,Completed
O001342,C00407,2025-04-19,Completed
O001343,C00204,2024-06-01,Completed
O001344,C00546,2024-09-11,Completed
O001345,C01056,2025-11-16,Completed
O001346,C00914,2024-01-16,Completed
O001347,C00105,2025-06-11,Completed
O001348,C00532,2024-04-07,Completed
O001349,C01198,2025-04-04,Completed
O001350,C00063,2024-03-13,Returned
O001351,C00478,2025-08-07,Returned
O001352,C00369,2024-07-12,Completed
O001353,C00173,2024-06-10,Completed
O001354,C01147,2025-05-31,Completed
O001355,C00089,2025-08-25,Completed
O001356,C01131,2025-10-19,Completed
O001357,C00773,2024-12-28,Completed
O001358,C00580,2025-09-16,Completed
O001359,C01048,2024-11-15,Completed
O001360,C00729,2025-08-16,Completed
O001361,C00455,2024-09-29,Completed
O001362,C00530,2025-02-08,Completed
O001363,C00509,2025-01-01,Completed
O001364,C00510,2024-02-14,Cancelled
O001365,C00045,2024-06-18,Completed
O001366,C00853,2025-02-15,Completed
O001367,C01057,2024-05-09,Completed
O001368,C00006,2025-02-14,Completed
O001369,C00215,2024-08-19,Completed
O001370,C01103,2025-09-24,Completed
O001371,C01126,2025-03-26,Completed
O001372,C00535,2024-11-17,Completed
O001373,C00370,2024-02-29,Completed
O001374,C00972,2024-03-21,Completed
O001375,C00510,2025-02-24,Returned
O001376,C00777,2025-05-12,Completed
O001377,C00279,2024-11-01,Completed
O001378,C00562,2025-07-24,Completed
O001379,C00637,2024-11-18,Completed
O001380,C00632,2024-11-22,Cancelled
O001381,C00871,2024-05-13,Completed
O001382,C00690,2025-12-18,Completed
O001383,C00711,2024-08-22,Cancelled
O001384,C00383,2024-05-01,Completed
O001385,C00877,2025-05-04,Completed
O001386,C00213,2024-03-21,Completed
O001387,C01059,2025-10-16,Completed
O001388,C00031,2024-04-20,Completed
O001389,C00163,2024-06-26,Completed
O001390,C00337,2025-10-15,Completed
O001391,C00110,2024-07-27,Completed
O001392,C00467,2025-03-16,Completed
O001393,C00346,2025-01-12,Returned
O001394,C00550,2024-02-18,Completed
O001395,C00287,2024-07-17,Completed
O001396,C00174,2025-04-06,Completed
O001397,C00063,2024-07-15,Completed
O001398,C00026,2025-11-01,Completed
O001399,C00399,2024-02-03,Completed
O001400,C00213,2025-06-11,Completed
O001401,C00737,2024-09-24,Completed
O001402,C00741,2025-12-05,Completed
O001403,C00657,2024-09-03,Completed
O001404,C01050,2025-11-07,Completed
O001405,C01081,2025-06-10,Completed
O001406,C00921,2025-11-28,Completed
O001407,C00781,2025-12-28,Completed
O001408,C00464,2025-08-29,Completed
O001409,C01126,2025-05-26,Completed
O001410,C00435,2024-06-20,Completed
O001411,C00360,2024-01-03,Completed
O001412,C01144,2025-11-23,Completed
O001413,C00191,2024-10-22,Completed
O001414,C00098,2025-05-09,Completed
O001415,C00648,2025-11-23,Completed
O001416,C00035,2025-04-13,Completed
O001417,C00777,2025-03-24,Completed
O001418,C00887,2025-11-15,Completed
O001419,C00805,2025-01-14,Completed
O001420,C00461,2024-10-15,Completed
O001421,C00551,2025-09-25,Completed
O001422,C01123,2024-07-26,Completed
O001423,C00830,2024-06-12,Completed
O001424,C01159,2024-05-01,Completed
O001425,C00773,2024-01-24,Completed
O001426,C00884,2025-12-19,Completed
O001427,C00383,2025-01-24,Completed
O001428,C00242,2025-04-16,Completed
O001429,C01000,2024-10-30,Completed
O001430,C01130,2024-05-28,Completed
O001431,C00289,2025-09-09,Cancelled
O001432,C00542,2025-01-10,Completed
O001433,C00602,2025-01-16,Completed
O001434,C00752,2025-05-23,Completed
O001435,C00840,2024-10-08,Cancelled
O001436,C00364,2025-05-30,Completed
O001437,C00183,2025-05-12,Completed
O001438,C01111,2025-01-17,Completed
O001439,C00121,2024-04-03,Completed
O001440,C00177,2024-11-18,Completed
O001441,C00466,2025-03-27,Completed
O001442,C00643,2025-11-27,Completed
O001443,C00289,2025-08-04,Completed
O001444,C00527,2024-10-12,Cancelled
O001445,C00972,2024-07-26,Completed
O001446,C00721,2025-07-28,Completed
O001447,C00738,2025-03-24,Completed
O001448,C01118,2025-03-21,Completed
O001449,C00614,2025-07-08,Completed
O001450,C00611,2025-02-19,Cancelled
O001451,C00103,2025-02-06,Completed
O001452,C00375,2024-01-10,Completed
O001453,C00634,2024-01-29,Completed
O001454,C01040,2025-02-01,Completed
O001455,C00760,2024-08-27,Completed
O001456,C01159,2024-12-31,Completed
O001457,C00104,2024-03-21,Completed
O001458,C00711,2025-11-01,Completed
O001459,C00090,2025-05-19,Completed
O001460,C00725,2025-12-26,Completed
O001461,C00590,2025-11-24,Completed
O001462,C00583,2024-03-06,Completed
O001463,C00454,2025-10-31,Completed
O001464,C00499,2025-01-17,Completed
O001465,C00069,2024-03-01,Completed
O001466,C01122,2024-03-01,Completed
O001467,C00981,2025-05-27,Completed
O001468,C00768,2024-08-18,Completed
O001469,C00017,2024-08-11,Completed
O001470,C00778,2024-11-16,Completed
O001471,C00307,2024-08-12,Completed
O001472,C00066,2025-08-08,Completed
O001473,C00498,2024-01-15,Completed
O001474,C00935,2024-12-08,Completed
O001475,C00096,2024-08-24,Cancelled
O001476,C00018,2025-12-11,Completed
O001477,C00051,2025-12-12,Completed
O001478,C00706,2024-06-14,Completed
O001479,C00351,2024-03-10,Completed
O001480,C01031,2025-03-23,Completed
O001481,C00950,2025-12-07,Returned
O001482,C01059,2024-02-15,Completed
O001483,C00138,2025-07-14,Returned
O001484,C01043,2024-10-09,Completed
O001485,C00438,2025-09-21,Completed
O001486,C00278,2025-11-09,Cancelled
O001487,C00571,2025-11-01,Completed
O001488,C00225,2024-03-08,Completed
O001489,C00306,2024-08-12,Completed
O001490,C00261,2025-12-13,Completed
O001491,C00268,2025-05-30,Completed
O001492,C00404,2024-01-03,Completed
O001493,C01198,2024-04-08,Completed
O001494,C00332,2025-09-04,Completed
O001495,C00326,2025-08-19,Completed
O001496,C01109,2024-10-09,Completed
O001497,C00243,2025-03-05,Completed
O001498,C00806,2025-04-16,Cancelled
O001499,C01191,2024-10-20,Completed
O001500,C00387,2024-08-18,Completed
O001501,C00343,2025-04-09,Completed
O001502,C00842,2025-11-12,Completed
O001503,C01052,2025-10-13,Completed
O001504,C00201,2025-09-29,Cancelled
O001505,C00174,2025-11-04,Completed
O001506,C00577,2025-04-16,Returned
O001507,C01089,2024-08-29,Completed
O001508,C00494,2024-03-20,Completed
O001509,C00957,2025-02-03,Cancelled
O001510,C00550,2025-10-12,Completed
O001511,C01156,2025-04-28,Returned
O001512,C01030,2025-01-26,Cancelled
O001513,C00162,2024-06-30,Completed
O001514,C00628,2025-06-04,Completed
O001515,C00662,2025-01-15,Completed
O001516,C00929,2024-10-09,Completed
O001517,C00586,2024-02-23,Returned
O001518,C00115,2025-04-08,Completed
O001519,C00038,2024-01-31,Completed
O001520,C00755,2025-07-16,Completed
O001521,C01036,2025-04-16,Completed
O001522,C00052,2025-12-09,Completed
O001523,C00820,2025-11-29,Completed
O001524,C00127,2025-10-23,Completed
O001525,C01064,2025-11-05,Returned
O001526,C00365,2024-05-11,Completed
O001527,C00400,2024-05-02,Completed
O001528,C00446,2025-02-11,Completed
O001529,C00406,2025-01-22,Completed
O001530,C00382,2025-08-12,Completed
O001531,C00481,2024-05-31,Completed
O001532,C01070,2025-09-09,Completed
O001533,C00455,2024-12-28,Completed
O001534,C00072,2025-04-25,Completed
O001535,C00410,2025-01-25,Completed
O001536,C00726,2025-10-22,Completed
O001537,C01010,2025-11-13,Completed
O001538,C00825,2025-05-04,Completed
O001539,C00313,2024-05-25,Cancelled
O001540,C01160,2024-06-06,Completed
O001541,C00692,2024-08-04,Completed
O001542,C00981,2024-09-07,Completed
O001543,C00215,2024-08-29,Completed
O001544,C00147,2024-08-13,Completed
O001545,C00588,2025-11-10,Completed
O001546,C00567,2025-05-02,Completed
O001547,C00138,2025-01-12,Completed
O001548,C00434,2025-08-28,Completed
O001549,C00281,2024-01-19,Completed
O001550,C00197,2024-05-19,Completed
O001551,C01171,2024-09-06,Completed
O001552,C00832,2024-02-07,Completed
O001553,C00164,2025-09-08,Returned
O001554,C00058,2025-04-16,Cancelled
O001555,C00426,2025-10-08,Completed
O001556,C01185,2025-10-14,Completed
O001557,C00142,2024-12-26,Completed
O001558,C00983,2024-01-08,Completed
O001559,C00811,2024-11-09,Completed
O001560,C00183,2025-03-05,Completed
O001561,C00068,2024-01-24,Completed
O001562,C00558,2025-08-01,Completed
O001563,C01159,2025-10-27,Completed
O001564,C00955,2024-01-09,Completed
O001565,C00847,2025-11-21,Completed
O001566,C00594,2025-06-21,Completed
O001567,C00848,2025-11-04,Completed
O001568,C00599,2024-08-14,Completed
O001569,C00249,2025-02-09,Completed
O001570,C00530,2024-10-09,Completed
O001571,C00840,2024-09-27,Completed
O001572,C00263,2025-09-11,Completed
O001573,C00553,2024-04-12,Completed
O001574,C01170,2025-04-01,Completed
O001575,C00395,2024-10-20,Completed
O001576,C00088,2024-11-05,Completed
O001577,C01161,2024-02-25,Completed
O001578,C00280,2024-04-27,Completed
O001579,C00966,2024-01-03,Completed
O001580,C00535,2025-12-23,Completed
O001581,C00795,2024-08-14,Completed
O001582,C00420,2024-10-30,Completed
O001583,C00278,2024-02-04,Completed
O001584,C00833,2024-07-31,Completed
O001585,C01187,2025-03-01,Completed
O001586,C00643,2025-12-28,Completed
O001587,C01194,2024-02-21,Completed
O001588,C00077,2024-11-05,Completed
O001589,C00751,2024-02-18,Completed
O001590,C00327,2024-07-22,Completed
O001591,C00677,2025-02-14,Completed
O001592,C00045,2024-08-12,Completed
O001593,C00935,2025-01-08,Cancelled
O001594,C00980,2025-09-16,Completed
O001595,C00355,2024-08-24,Completed
O001596,C00270,2024-02-17,Completed
O001597,C01191,2024-01-17,Completed
O001598,C00848,2024-09-22,Completed
O001599,C01015,2024-11-24,Completed
O001600,C00541,2024-02-21,Completed
O001601,C00961,2025-10-06,Completed
O001602,C01198,2025-12-05,Completed
O001603,C00302,2024-09-10,Completed
O001604,C00267,2024-03-27,Completed
O001605,C00086,2024-08-29,Completed
O001606,C00074,2025-10-06,Cancelled
O001607,C00727,2024-07-01,Completed
O001608,C00522,2024-09-12,Completed
O001609,C00770,2024-06-29,Completed
O001610,C00784,2024-07-15,Completed
O001611,C00038,2024-11-08,Completed
O001612,C00043,2024-06-19,Completed
O001613,C00642,2024-07-13,Completed
O001614,C00429,2024-06-12,Cancelled
O001615,C00972,2024-11-22,Completed
O001616,C00857,2024-03-23,Completed
O001617,C00275,2024-01-29,Completed
O001618,C00841,2024-08-11,Completed
O001619,C00501,2025-04-19,Completed
O001620,C00884,2025-01-21,Completed
O001621,C00457,2025-11-01,Completed
O001622,C00311,2024-04-06,Cancelled
O001623,C01048,2025-11-09,Cancelled
O001624,C00892,2025-07-10,Completed
O001625,C01088,2024-11-30,Completed
O001626,C00002,2024-02-13,Completed
O001627,C01020,2025-03-28,Completed
O001628,C00823,2024-10-15,Cancelled
O001629,C00446,2024-10-30,Completed
O001630,C00297,2024-07-02,Completed
O001631,C00583,2024-06-16,Completed
O001632,C01164,2025-12-17,Completed
O001633,C00833,2025-08-25,Completed
O001634,C00043,2025-12-05,Completed
O001635,C00387,2024-04-08,Completed
O001636,C00482,2025-07-17,Completed
O001637,C00924,2025-02-11,Completed
O001638,C00364,2025-07-23,Returned
O001639,C00790,2025-11-20,Completed
O001640,C00825,2024-06-30,Completed
O001641,C00223,2024-01-01,Returned
O001642,C00412,2024-08-19,Completed
O001643,C00459,2024-12-23,Completed
O001644,C00041,2025-02-19,Cancelled
O001645,C00759,2025-08-18,Completed
O001646,C00507,2024-03-17,Completed
O001647,C00227,2024-12-26,Cancelled
O001648,C01019,2024-07-01,Completed
O001649,C00801,2025-01-20,Completed
O001650,C00333,2024-12-17,Completed
O001651,C00611,2024-05-19,Completed
O001652,C00867,2025-08-27,Returned
O001653,C00812,2025-05-11,Completed
O001654,C01020,2024-09-18,Completed
O001655,C01033,2024-11-05,Completed
O001656,C00817,2025-08-18,Completed
O001657,C00594,2024-11-19,Completed
O001658,C00351,2024-05-01,Completed
O001659,C00518,2025-01-02,Completed
O001660,C00989,2024-11-08,Completed
O001661,C00218,2025-07-20,Completed
O001662,C00826,2024-04-14,Completed
O001663,C00393,2025-03-24,Returned
O001664,C00040,2025-10-31,Completed
O001665,C00418,2025-03-13,Completed
O001666,C00089,2025-02-06,Completed
O001667,C00080,2025-01-21,Completed
O001668,C00872,2024-07-01,Completed
O001669,C00630,2025-05-06,Completed
O001670,C00763,2025-09-03,Completed
O001671,C00641,2024-01-07,Completed
O001672,C00713,2024-08-11,Completed
O001673,C00188,2024-03-10,Cancelled
O001674,C00555,2025-07-02,Completed
O001675,C00626,2024-06-23,Completed
O001676,C00832,2024-04-28,Returned
O001677,C00137,2024-02-26,Completed
O001678,C00632,2025-09-05,Completed
O001679,C00731,2024-05-24,Completed
O001680,C01170,2025-04-15,Completed
O001681,C00683,2024-08-24,Completed
O001682,C00141,2025-12-05,Completed
O001683,C00359,2025-07-24,Completed
O001684,C00129,2024-11-16,Completed
O001685,C00464,2025-05-09,Completed
O001686,C00572,2025-01-25,Completed
O001687,C00636,2024-08-17,Completed
O001688,C00881,2024-09-25,Returned
O001689,C00060,2025-12-07,Completed
O001690,C00467,2025-08-14,Completed
O001691,C00589,2024-06-23,Completed
O001692,C00938,2025-08-19,Completed
O001693,C01005,2024-12-02,Completed
O001694,C00106,2024-07-02,Completed
O001695,C00152,2024-05-20,Completed
O001696,C00030,2024-12-02,Completed
O001697,C00545,2024-07-30,Completed
O001698,C00061,2024-08-02,Completed
O001699,C00168,2025-08-14,Completed
O001700,C01174,2025-10-07,Completed
O001701,C01199,2024-07-31,Completed
O001702,C00952,2024-01-13,Completed
O001703,C01198,2024-03-22,Completed
O001704,C01088,2024-12-01,Completed
O001705,C00945,2024-07-30,Completed
O001706,C00715,2025-06-05,Completed
O001707,C00015,2025-10-03,Completed
O001708,C00882,2024-04-02,Completed
O001709,C00208,2025-01-23,Completed
O001710,C00492,2025-04-27,Completed
O001711,C00775,2025-02-23,Completed
O001712,C00215,2025-09-30,Returned
O001713,C00614,2025-02-23,Completed
O001714,C00387,2025-11-16,Completed
O001715,C00541,2024-05-26,Completed
O001716,C00210,2024-09-26,Completed
O001717,C01179,2025-02-25,Completed
O001718,C00008,2025-08-06,Completed
O001719,C00553,2024-11-23,Completed
O001720,C00930,2024-05-19,Completed
O001721,C00871,2025-07-20,Cancelled
O001722,C01071,2024-03-07,Completed
O001723,C00736,2025-06-08,Completed
O001724,C00921,2024-01-15,Completed
O001725,C00231,2024-12-23,Completed
O001726,C00342,2024-02-10,Cancelled
O001727,C00477,2024-03-28,Completed
O001728,C01014,2025-12-07,Completed
O001729,C00155,2024-03-01,Completed
O001730,C00058,2025-08-24,Completed
O001731,C00834,2024-07-28,Completed
O001732,C00029,2024-09-28,Completed
O001733,C00626,2025-01-26,Completed
O001734,C00025,2024-06-01,Completed
O001735,C00066,2025-08-31,Completed
O001736,C01114,2025-08-20,Completed
O001737,C00123,2024-04-08,Completed
O001738,C00026,2024-01-27,Completed
O001739,C00071,2025-11-01,Completed
O001740,C00780,2025-08-02,Completed
O001741,C00052,2024-09-16,Completed
O001742,C00971,2024-01-07,Completed
O001743,C00297,2024-08-18,Completed
O001744,C00377,2025-01-04,Completed
O001745,C00169,2024-05-25,Cancelled
O001746,C00047,2024-08-01,Completed
O001747,C00838,2024-03-21,Completed
O001748,C00554,2024-12-19,Completed
O001749,C01178,2025-11-14,Completed
O001750,C00848,2024-09-18,Completed
O001751,C00950,2025-01-23,Returned
O001752,C01157,2024-04-22,Completed
O001753,C00104,2025-02-17,Completed
O001754,C00262,2024-07-21,Completed
O001755,C00885,2024-07-10,Completed
O001756,C00674,2024-01-02,Completed
O001757,C00826,2025-04-09,Completed
O001758,C01171,2025-08-04,Returned
O001759,C00048,2025-08-16,Cancelled
O001760,C01192,2025-11-20,Completed
O001761,C00615,2025-07-10,Returned
O001762,C01055,2024-10-10,Completed
O001763,C00501,2025-04-01,Completed
O001764,C01138,2025-10-23,Completed
O001765,C00633,2024-06-02,Returned
O001766,C00025,2024-03-11,Completed
O001767,C00062,2025-04-02,Completed
O001768,C00120,2025-07-17,Completed
O001769,C01052,2025-04-02,Completed
O001770,C00144,2025-05-23,Completed
O001771,C00735,2025-10-14,Returned
O001772,C00018,2024-10-28,Completed
O001773,C00220,2025-07-16,Completed
O001774,C01157,2024-01-19,Completed
O001775,C00262,2025-07-29,Completed
O001776,C00360,2024-07-24,Returned
O001777,C00875,2024-03-11,Completed
O001778,C01091,2025-01-18,Completed
O001779,C00530,2024-11-15,Completed
O001780,C00296,2025-03-26,Completed
O001781,C00052,2024-04-19,Completed
O001782,C00420,2024-11-12,Completed
O001783,C00864,2024-03-26,Completed
O001784,C00259,2025-04-14,Completed
O001785,C00803,2025-03-04,Completed
O001786,C00267,2024-10-09,Returned
O001787,C00327,2025-08-15,Completed
O001788,C00223,2025-06-06,Completed
O001789,C00557,2024-08-02,Completed
O001790,C00775,2025-07-14,Completed
O001791,C00887,2024-09-15,Completed
O001792,C00580,2025-10-20,Completed
O001793,C00950,2024-09-12,Completed
O001794,C00367,2024-03-07,Completed
O001795,C00830,2025-02-18,Completed
O001796,C00760,2024-11-14,Completed
O001797,C01082,2025-03-10,Completed
O001798,C00413,2024-04-17,Completed
O001799,C00566,2024-02-03,Cancelled
O001800,C00240,2024-09-03,Completed
O001801,C00215,2025-10-07,Completed
O001802,C01192,2025-10-25,Completed
O001803,C00245,2024-01-24,Completed
O001804,C00909,2025-06-19,Completed
O001805,C00230,2025-03-01,Completed
O001806,C00963,2024-06-07,Completed
O001807,C00787,2024-09-14,Completed
O001808,C00218,2024-01-08,Completed
O001809,C01125,2025-01-10,Completed
O001810,C00601,2024-07-17,Completed
O001811,C00333,2024-05-04,Completed
O001812,C00784,2025-07-18,Completed
O001813,C00731,2024-03-08,Completed
O001814,C00291,2024-04-01,Completed
O001815,C00446,2024-07-21,Completed
O001816,C01184,2024-05-20,Completed
O001817,C00648,2024-08-22,Completed
O001818,C00747,2025-07-17,Returned
O001819,C00635,2025-07-17,Completed
O001820,C00566,2025-05-25,Completed
O001821,C00968,2024-09-09,Completed
O001822,C00281,2025-07-13,Completed
O001823,C00532,2024-06-07,Completed
O001824,C00758,2024-10-13,Completed
O001825,C00417,2024-03-03,Completed
O001826,C00471,2025-05-07,Completed
O001827,C00468,2025-06-26,Completed
O001828,C00618,2025-05-30,Completed
O001829,C01082,2025-02-16,Returned
O001830,C00773,2025-11-30,Completed
O001831,C01124,2025-02-14,Completed
O001832,C00107,2025-02-20,Completed
O001833,C00118,2025-12-11,Completed
O001834,C00297,2025-04-30,Completed
O001835,C00528,2024-01-10,Completed
O001836,C00695,2024-12-18,Completed
O001837,C01080,2024-09-22,Completed
O001838,C00267,2025-04-11,Completed
O001839,C00302,2025-05-08,Completed
O001840,C00219,2025-03-09,Completed
O001841,C01134,2024-08-26,Completed
O001842,C01185,2024-01-09,Completed
O001843,C00546,2024-07-07,Completed
O001844,C01119,2024-01-26,Completed
O001845,C00165,2025-02-13,Cancelled
O001846,C00597,2025-08-20,Completed
O001847,C00573,2025-01-20,Completed
O001848,C01153,2024-02-03,Completed
O001849,C00666,2024-04-21,Completed
O001850,C00324,2025-05-20,Completed
O001851,C00122,2024-05-08,Completed
O001852,C00729,2024-07-29,Completed
O001853,C00048,2025-04-08,Completed
O001854,C00745,2025-02-26,Completed
O001855,C00212,2025-08-01,Cancelled
O001856,C00488,2025-09-26,Completed
O001857,C00462,2024-06-26,Completed
O001858,C00014,2024-06-20,Completed
O001859,C00679,2024-12-18,Completed
O001860,C00692,2024-10-17,Completed
O001861,C00427,2025-09-30,Completed
O001862,C00015,2025-07-04,Completed
O001863,C00552,2024-10-03,Completed
O001864,C00242,2024-05-26,Completed
O001865,C00328,2024-03-08,Completed
O001866,C00918,2024-12-16,Completed
O001867,C00821,2024-05-11,Cancelled
O001868,C00053,2025-09-27,Completed
O001869,C01092,2024-10-02,Completed
O001870,C00217,2024-03-05,Completed
O001871,C00193,2024-10-04,Completed
O001872,C00994,2025-08-28,Completed
O001873,C00767,2025-12-10,Completed
O001874,C00225,2025-08-27,Completed
O001875,C00481,2024-06-23,Completed
O001876,C01065,2024-12-07,Completed
O001877,C00896,2025-12-28,Completed
O001878,C01041,2024-09-29,Completed
O001879,C00625,2024-08-09,Completed
O001880,C01138,2024-06-11,Completed
O001881,C00615,2025-04-02,Completed
O001882,C00348,2024-06-15,Completed
O001883,C00024,2024-01-14,Completed
O001884,C00702,2024-02-23,Cancelled
O001885,C00039,2024-08-25,Completed
O001886,C00504,2025-01-14,Completed
O001887,C00456,2025-01-26,Completed
O001888,C00576,2025-02-13,Completed
O001889,C01077,2025-12-31,Cancelled
O001890,C00356,2024-07-23,Completed
O001891,C00457,2025-11-20,Completed
O001892,C00204,2025-02-02,Completed
O001893,C00861,2024-02-02,Completed
O001894,C00143,2025-04-29,Completed
O001895,C00178,2025-05-21,Completed
O001896,C01148,2024-08-12,Completed
O001897,C00345,2024-08-12,Completed
O001898,C00919,2025-08-06,Completed
O001899,C01098,2025-01-13,Completed
O001900,C00958,2024-06-26,Completed
O001901,C00695,2024-08-20,Completed
O001902,C00549,2024-06-27,Completed
O001903,C00977,2025-06-30,Completed
O001904,C01035,2025-06-19,Completed
O001905,C00169,2025-07-09,Completed
O001906,C00795,2024-08-27,Completed
O001907,C01170,2024-02-04,Cancelled
O001908,C01182,2024-04-22,Completed
O001909,C00789,2024-01-21,Completed
O001910,C00069,2024-12-11,Completed
O001911,C00871,2025-08-29,Completed
O001912,C00433,2024-01-23,Completed
O001913,C00376,2025-03-06,Completed
O001914,C00447,2025-05-29,Completed
O001915,C00347,2025-12-14,Completed
O001916,C00645,2025-10-14,Completed
O001917,C00283,2024-05-22,Completed
O001918,C00823,2025-11-30,Completed
O001919,C00126,2024-03-12,Completed
O001920,C00031,2025-04-30,Completed
O001921,C01099,2024-06-12,Completed
O001922,C00478,2025-04-19,Completed
O001923,C00598,2024-06-10,Completed
O001924,C00670,2024-11-05,Completed
O001925,C00858,2025-04-05,Completed
O001926,C00005,2025-01-11,Completed
O001927,C00570,2025-11-05,Completed
O001928,C00229,2025-02-28,Completed
O001929,C00107,2024-04-15,Completed
O001930,C00920,2024-02-17,Completed
O001931,C00612,2024-02-13,Completed
O001932,C00065,2025-06-14,Completed
O001933,C00607,2024-11-02,Completed
O001934,C00040,2025-04-13,Completed
O001935,C00957,2025-10-08,Completed
O001936,C00231,2025-09-06,Completed
O001937,C01142,2024-02-03,Completed
O001938,C00399,2025-11-19,Completed
O001939,C00782,2025-10-07,Completed
O001940,C00013,2024-03-24,Completed
O001941,C00836,2025-09-02,Completed
O001942,C00940,2025-01-07,Completed
O001943,C00830,2025-12-22,Completed
O001944,C00497,2025-01-19,Completed
O001945,C00163,2025-12-17,Completed
O001946,C00820,2025-12-19,Completed
O001947,C00820,2025-02-24,Completed
O001948,C00781,2025-02-16,Completed
O001949,C00764,2025-08-18,Completed
O001950,C00381,2025-09-11,Completed
O001951,C00264,2024-01-12,Completed
O001952,C00388,2024-12-19,Completed
O001953,C00978,2025-02-13,Completed
O001954,C00026,2024-11-04,Completed
O001955,C00516,2025-09-14,Completed
O001956,C00389,2025-09-05,Completed
O001957,C00138,2024-11-08,Completed
O001958,C00419,2025-06-12,Completed
O001959,C01107,2025-03-21,Completed
O001960,C00675,2025-09-27,Cancelled
O001961,C01168,2025-05-11,Returned
O001962,C00821,2024-05-08,Cancelled
O001963,C00070,2025-10-26,Returned
O001964,C00504,2025-10-05,Cancelled
O001965,C00984,2024-06-05,Completed
O001966,C00630,2025-05-17,Completed
O001967,C00199,2024-01-14,Completed
O001968,C00128,2024-08-19,Completed
O001969,C01196,2025-09-03,Completed
O001970,C00377,2024-10-27,Completed
O001971,C00001,2024-10-04,Completed
O001972,C00264,2024-08-18,Completed
O001973,C00964,2025-02-27,Completed
O001974,C00732,2024-04-01,Completed
O001975,C00711,2024-03-21,Completed
O001976,C00726,2025-06-05,Completed
O001977,C00196,2024-11-24,Completed
O001978,C00240,2025-02-11,Completed
O001979,C00026,2024-11-14,Completed
O001980,C00510,2025-09-10,Cancelled
O001981,C00329,2024-02-10,Completed
O001982,C00044,2025-11-06,Completed
O001983,C00783,2024-10-16,Completed
O001984,C00389,2025-09-11,Returned
O001985,C01039,2024-02-24,Completed
O001986,C00345,2024-02-12,Returned
O001987,C00578,2024-08-15,Completed
O001988,C00799,2025-01-22,Completed
O001989,C00097,2024-12-17,Completed
O001990,C00605,2025-04-10,Completed
O001991,C00559,2025-01-07,Completed
O001992,C00117,2025-06-28,Completed
O001993,C00151,2025-09-24,Completed
O001994,C00835,2024-07-03,Completed
O001995,C01095,2024-11-04,Completed
O001996,C01059,2025-02-14,Completed
O001997,C00180,2025-10-24,Completed
O001998,C00248,2024-01-12,Completed
O001999,C00060,2024-05-26,Completed
O002000,C00410,2025-04-16,Completed
O002001,C00383,2025-02-05,Completed
O002002,C01010,2024-10-29,Completed
O002003,C00281,2024-02-14,Completed
O002004,C00034,2025-10-07,Completed
O002005,C00677,2025-02-11,Returned
O002006,C00760,2024-06-01,Completed
O002007,C00837,2024-04-15,Completed
O002008,C00864,2025-02-19,Completed
O002009,C01033,2025-01-08,Completed
O002010,C00185,2025-03-09,Completed
O002011,C00902,2025-08-08,Completed
O002012,C00503,2025-08-27,Completed
O002013,C00749,2024-08-06,Completed
O002014,C00164,2025-10-20,Cancelled
O002015,C00829,2025-08-17,Completed
O002016,C00399,2024-11-26,Completed
O002017,C00767,2025-12-04,Completed
O002018,C00544,2024-09-07,Completed
O002019,C00295,2025-12-07,Completed
O002020,C00382,2025-07-28,Cancelled
O002021,C00943,2025-01-20,Completed
O002022,C00327,2024-08-17,Completed
O002023,C00387,2024-08-21,Completed
O002024,C00609,2025-05-21,Completed
O002025,C00679,2024-11-24,Completed
O002026,C00797,2024-02-28,Cancelled
O002027,C00453,2024-05-07,Completed
O002028,C00309,2024-05-11,Completed
O002029,C00070,2025-02-11,Completed
O002030,C00908,2024-01-04,Completed
O002031,C01032,2024-11-07,Completed
O002032,C00969,2025-12-26,Completed
O002033,C00890,2025-04-29,Completed
O002034,C00005,2025-03-16,Completed
O002035,C00391,2025-06-04,Completed
O002036,C00538,2025-02-25,Completed
O002037,C00995,2025-10-23,Completed
O002038,C01169,2025-11-26,Completed
O002039,C00528,2025-09-05,Cancelled
O002040,C00030,2024-10-15,Completed
O002041,C00456,2025-08-27,Completed
O002042,C01093,2025-10-28,Completed
O002043,C00895,2025-12-16,Returned
O002044,C00331,2024-12-15,Completed
O002045,C01078,2024-05-24,Completed
O002046,C00990,2024-02-29,Completed
O002047,C00158,2024-07-23,Completed
O002048,C00958,2025-08-11,Completed
O002049,C01110,2024-09-04,Returned
O002050,C00172,2025-01-28,Completed
O002051,C00653,2025-04-05,Completed
O002052,C00661,2024-12-01,Completed
O002053,C00883,2024-10-08,Completed
O002054,C00850,2025-06-27,Completed
O002055,C00784,2024-12-27,Completed
O002056,C00620,2024-09-23,Completed
O002057,C00414,2024-07-25,Completed
O002058,C00503,2025-02-22,Completed
O002059,C00100,2025-07-07,Completed
O002060,C00436,2024-10-02,Completed
O002061,C00975,2025-09-02,Completed
O002062,C00551,2024-04-22,Completed
O002063,C00420,2024-12-28,Completed
O002064,C01174,2024-11-25,Completed
O002065,C01124,2024-02-16,Completed
O002066,C00287,2024-12-06,Completed
O002067,C00466,2024-04-08,Completed
O002068,C00749,2024-04-26,Completed
O002069,C01071,2024-06-11,Completed
O002070,C01065,2025-02-09,Completed
O002071,C00880,2024-02-01,Completed
O002072,C00861,2025-05-07,Completed
O002073,C00826,2024-07-05,Completed
O002074,C00178,2025-01-15,Completed
O002075,C00782,2025-01-05,Completed
O002076,C00313,2024-08-29,Completed
O002077,C00351,2024-08-21,Completed
O002078,C01111,2025-10-04,Completed
O002079,C00955,2025-04-02,Completed
O002080,C01116,2025-07-07,Completed
O002081,C01054,2024-03-08,Completed
O002082,C01190,2024-11-05,Completed
O002083,C00035,2025-12-02,Completed
O002084,C00223,2024-07-03,Completed
O002085,C01121,2025-07-13,Completed
O002086,C00055,2025-10-26,Completed
O002087,C00076,2024-05-01,Completed
O002088,C01134,2025-09-13,Completed
O002089,C00895,2025-11-08,Completed
O002090,C00462,2024-07-14,Completed
O002091,C00447,2024-04-12,Completed
O002092,C00652,2025-03-26,Completed
O002093,C00980,2025-09-24,Completed
O002094,C00157,2024-11-14,Completed
O002095,C00407,2025-02-14,Completed
O002096,C00153,2024-02-08,Completed
O002097,C00292,2024-08-25,Completed
O002098,C00874,2025-06-08,Completed
O002099,C00475,2025-03-09,Completed
O002100,C00654,2025-05-06,Completed
O002101,C00750,2025-04-08,Completed
O002102,C00900,2024-08-27,Completed
O002103,C00182,2024-12-05,Completed
O002104,C00142,2025-07-17,Completed
O002105,C00598,2025-01-28,Completed
O002106,C00169,2025-10-04,Completed
O002107,C00340,2024-03-19,Completed
O002108,C00588,2024-04-11,Completed
O002109,C01152,2024-07-27,Completed
O002110,C00592,2025-11-11,Completed
O002111,C00311,2025-03-10,Cancelled
O002112,C00788,2025-12-25,Completed
O002113,C00927,2025-04-15,Completed
O002114,C00493,2024-10-11,Completed
O002115,C00897,2025-03-09,Completed
O002116,C00827,2024-05-03,Completed
O002117,C00718,2024-03-05,Completed
O002118,C00263,2025-01-23,Completed
O002119,C00686,2024-12-30,Completed
O002120,C00770,2024-09-26,Completed
O002121,C01122,2024-11-27,Completed
O002122,C00427,2024-10-04,Completed
O002123,C00494,2024-08-27,Completed
O002124,C00235,2024-09-23,Completed
O002125,C00275,2025-12-05,Completed
O002126,C01015,2025-10-28,Completed
O002127,C00766,2025-05-29,Completed
O002128,C00499,2024-03-28,Completed
O002129,C01096,2025-02-26,Completed
O002130,C01124,2024-03-20,Completed
O002131,C01075,2024-11-23,Completed
O002132,C00833,2025-10-19,Completed
O002133,C00763,2024-09-26,Completed
O002134,C00687,2025-10-24,Completed
O002135,C00283,2024-06-21,Completed
O002136,C00827,2025-02-22,Completed
O002137,C01160,2024-05-25,Completed
O002138,C00268,2024-07-07,Completed
O002139,C00196,2025-11-10,Completed
O002140,C00395,2024-08-21,Completed
O002141,C00499,2025-09-04,Completed
O002142,C00611,2025-09-16,Completed
O002143,C01195,2024-12-31,Completed
O002144,C00739,2024-06-30,Completed
O002145,C00828,2025-01-14,Completed
O002146,C00758,2024-09-09,Completed
O002147,C00757,2024-08-12,Completed
O002148,C00807,2025-03-20,Completed
O002149,C01181,2025-07-18,Completed
O002150,C00309,2024-10-31,Completed
O002151,C00403,2025-10-02,Completed
O002152,C00587,2025-02-24,Completed
O002153,C00806,2025-07-05,Completed
O002154,C01119,2025-11-04,Completed
O002155,C01025,2024-03-26,Completed
O002156,C00966,2025-12-08,Completed
O002157,C00040,2025-07-23,Completed
O002158,C00585,2025-02-11,Completed
O002159,C00570,2024-05-27,Completed
O002160,C00616,2024-01-12,Completed
O002161,C00785,2024-10-26,Completed
O002162,C00053,2025-02-25,Completed
O002163,C00798,2024-04-20,Completed
O002164,C00070,2024-03-24,Completed
O002165,C00859,2025-05-08,Completed
O002166,C00206,2024-10-15,Completed
O002167,C00890,2025-05-20,Completed
O002168,C00187,2024-04-16,Completed
O002169,C01085,2025-07-29,Completed
O002170,C00149,2025-09-27,Completed
O002171,C00411,2024-09-21,Completed
O002172,C00872,2024-03-03,Completed
O002173,C00421,2025-07-10,Completed
O002174,C00177,2025-05-22,Completed
O002175,C00009,2024-06-14,Returned
O002176,C01093,2025-04-15,Completed
O002177,C00154,2025-09-14,Completed
O002178,C00385,2025-09-11,Completed
O002179,C00228,2025-11-04,Returned
O002180,C00511,2025-10-18,Completed
O002181,C00487,2024-03-25,Cancelled
O002182,C00888,2025-11-08,Completed
O002183,C00691,2024-06-20,Returned
O002184,C00154,2024-01-03,Completed
O002185,C01112,2025-09-03,Completed
O002186,C00873,2025-02-03,Completed
O002187,C00218,2025-08-28,Returned
O002188,C01034,2024-10-30,Completed
O002189,C00531,2025-01-26,Completed
O002190,C00563,2024-04-23,Completed
O002191,C00863,2024-07-03,Completed
O002192,C00844,2025-02-22,Completed
O002193,C00206,2025-05-12,Completed
O002194,C01028,2024-04-23,Completed
O002195,C00670,2024-06-08,Completed
O002196,C00080,2025-07-21,Completed
O002197,C00505,2024-12-21,Completed
O002198,C01087,2025-08-29,Completed
O002199,C01140,2024-02-11,Completed
O002200,C00049,2024-11-03,Completed
O002201,C00497,2024-11-04,Completed
O002202,C01046,2024-04-07,Cancelled
O002203,C00931,2024-10-21,Completed
O002204,C00458,2024-01-24,Completed
O002205,C01144,2025-08-22,Completed
O002206,C00491,2025-02-16,Completed
O002207,C00706,2025-05-19,Completed
O002208,C01180,2024-01-01,Completed
O002209,C00314,2025-06-16,Completed
O002210,C00942,2024-09-03,Completed
O002211,C00457,2025-03-04,Completed
O002212,C00287,2025-01-01,Completed
O002213,C00817,2025-09-22,Completed
O002214,C01022,2024-07-03,Completed
O002215,C00066,2024-10-07,Completed
O002216,C01095,2024-12-12,Completed
O002217,C00787,2024-06-27,Completed
O002218,C00490,2024-08-06,Completed
O002219,C00597,2025-01-02,Completed
O002220,C00286,2025-06-21,Completed
O002221,C00892,2025-02-05,Completed
O002222,C00179,2025-02-21,Completed
O002223,C00011,2025-02-09,Completed
O002224,C00442,2024-05-04,Completed
O002225,C00016,2024-07-08,Completed
O002226,C00434,2025-01-17,Completed
O002227,C00377,2025-12-26,Completed
O002228,C00698,2025-01-20,Completed
O002229,C00921,2025-08-16,Returned
O002230,C00480,2024-03-25,Cancelled
O002231,C00590,2024-09-07,Completed
O002232,C00165,2025-11-17,Completed
O002233,C00965,2025-10-25,Completed
O002234,C00658,2025-05-03,Completed
O002235,C00142,2025-11-22,Completed
O002236,C00979,2025-10-09,Completed
O002237,C00996,2024-05-06,Completed
O002238,C00583,2025-10-24,Completed
O002239,C00639,2024-07-16,Completed
O002240,C00690,2024-09-08,Completed
O002241,C00425,2024-05-26,Completed
O002242,C00779,2025-01-24,Completed
O002243,C00529,2024-04-15,Completed
O002244,C00699,2024-08-03,Cancelled
O002245,C00063,2025-02-01,Completed
O002246,C00883,2025-03-31,Completed
O002247,C00510,2025-05-15,Cancelled
O002248,C00842,2024-09-23,Completed
O002249,C00590,2025-12-26,Completed
O002250,C00645,2024-01-06,Cancelled
O002251,C00225,2024-05-26,Completed
O002252,C00917,2025-03-03,Completed
O002253,C00045,2025-09-20,Completed
O002254,C00761,2024-01-05,Completed
O002255,C00013,2024-10-20,Cancelled
O002256,C01085,2024-05-17,Completed
O002257,C00498,2024-07-16,Completed
O002258,C00809,2025-05-14,Completed
O002259,C01066,2025-03-12,Completed
O002260,C00311,2024-01-28,Completed
O002261,C00519,2025-07-10,Completed
O002262,C00176,2025-12-15,Completed
O002263,C00586,2025-03-21,Completed
O002264,C00107,2024-04-26,Completed
O002265,C00192,2025-07-31,Cancelled
O002266,C00680,2024-10-25,Completed
O002267,C00123,2025-07-07,Completed
O002268,C00074,2024-10-19,Completed
O002269,C00131,2024-12-22,Completed
O002270,C00636,2025-04-14,Completed
O002271,C01058,2024-11-21,Completed
O002272,C00077,2024-06-07,Completed
O002273,C00211,2025-03-22,Completed
O002274,C00232,2024-03-28,Completed
O002275,C00414,2025-11-10,Completed
O002276,C01099,2024-07-31,Completed
O002277,C00713,2025-03-08,Completed
O002278,C01043,2024-06-16,Completed
O002279,C00687,2025-07-26,Completed
O002280,C00415,2024-01-07,Completed
O002281,C00787,2025-03-16,Completed
O002282,C00258,2025-06-14,Completed
O002283,C01115,2025-04-23,Completed
O002284,C01138,2024-06-19,Cancelled
O002285,C00288,2024-11-22,Completed
O002286,C00170,2024-05-29,Completed
O002287,C00107,2024-12-23,Completed
O002288,C00875,2024-05-03,Completed
O002289,C00817,2025-02-16,Completed
O002290,C00481,2024-07-18,Completed
O002291,C00312,2024-06-14,Cancelled
O002292,C00411,2025-12-12,Completed
O002293,C00583,2025-05-04,Completed
O002294,C00170,2024-12-02,Completed
O002295,C00276,2025-02-14,Completed
O002296,C00934,2025-07-23,Cancelled
O002297,C00424,2025-01-01,Completed
O002298,C00826,2025-04-28,Completed
O002299,C00581,2025-11-26,Completed
O002300,C00835,2025-03-09,Completed
O002301,C01021,2025-11-16,Completed
O002302,C00290,2024-01-22,Completed
O002303,C00693,2024-10-13,Completed
O002304,C00416,2024-02-28,Completed
O002305,C00412,2024-01-14,Completed
O002306,C01078,2025-09-01,Completed
O002307,C00008,2024-11-13,Completed
O002308,C00571,2024-03-07,Completed
O002309,C00855,2025-03-10,Completed
O002310,C00281,2025-11-21,Completed
O002311,C00940,2025-12-15,Returned
O002312,C00181,2024-02-07,Returned
O002313,C00416,2025-09-11,Completed
O002314,C00632,2024-05-23,Completed
O002315,C00213,2025-02-19,Completed
O002316,C00257,2025-11-04,Completed
O002317,C00180,2025-11-01,Completed
O002318,C00910,2025-06-11,Completed
O002319,C00810,2024-11-28,Completed
O002320,C00002,2025-04-19,Completed
O002321,C00977,2025-05-06,Completed
O002322,C00385,2025-07-24,Completed
O002323,C00903,2024-04-21,Completed
O002324,C00722,2025-02-09,Completed
O002325,C00234,2024-11-11,Completed
O002326,C00090,2024-01-05,Completed
O002327,C00371,2025-06-19,Cancelled
O002328,C00478,2025-10-19,Completed
O002329,C00308,2024-12-14,Completed
O002330,C00074,2025-05-20,Completed
O002331,C00372,2024-06-14,Completed
O002332,C01149,2024-01-17,Completed
O002333,C00868,2024-05-22,Completed
O002334,C00669,2025-05-21,Completed
O002335,C00836,2025-11-25,Completed
O002336,C00742,2025-10-23,Completed
O002337,C00725,2025-06-10,Completed
O002338,C00724,2025-11-01,Completed
O002339,C00803,2024-11-02,Completed
O002340,C00944,2025-04-29,Completed
O002341,C00837,2025-09-16,Completed
O002342,C01097,2024-02-02,Completed
O002343,C00552,2025-02-14,Completed
O002344,C01162,2024-02-16,Completed
O002345,C00645,2024-10-03,Completed
O002346,C00226,2024-12-28,Completed
O002347,C00704,2024-01-24,Completed
O002348,C01007,2025-09-27,Completed
O002349,C01180,2024-01-30,Completed
O002350,C00705,2024-04-23,Completed
O002351,C00714,2024-10-26,Completed
O002352,C00084,2025-09-10,Completed
O002353,C00624,2024-12-18,Completed
O002354,C00065,2025-03-03,Completed
O002355,C00410,2024-09-10,Completed
O002356,C00975,2025-01-18,Cancelled
O002357,C00059,2025-06-10,Completed
O002358,C00804,2024-06-12,Completed
O002359,C00493,2024-01-21,Completed
O002360,C00152,2025-03-22,Completed
O002361,C00858,2025-03-27,Completed
O002362,C01139,2025-06-27,Cancelled
O002363,C00598,2025-10-27,Completed
O002364,C00610,2025-01-10,Completed
O002365,C00760,2025-03-28,Completed
O002366,C00679,2024-10-26,Completed
O002367,C00893,2025-09-21,Completed
O002368,C00657,2024-01-17,Completed
O002369,C00132,2025-04-07,Completed
O002370,C00171,2024-02-24,Completed
O002371,C00814,2025-08-03,Completed
O002372,C01157,2025-06-10,Completed
O002373,C00166,2025-01-17,Completed
O002374,C00364,2024-01-07,Completed
O002375,C00071,2024-08-06,Completed
O002376,C00648,2025-05-30,Completed
O002377,C00560,2025-02-21,Completed
O002378,C00492,2025-03-10,Completed
O002379,C01126,2025-11-11,Completed
O002380,C00206,2024-09-06,Completed
O002381,C01097,2025-11-04,Completed
O002382,C00158,2025-11-19,Completed
O002383,C00851,2024-01-10,Completed
O002384,C00503,2025-01-24,Completed
O002385,C00378,2024-02-17,Completed
O002386,C00971,2024-01-10,Completed
O002387,C01092,2025-09-13,Completed
O002388,C00166,2024-04-22,Completed
O002389,C00745,2025-03-06,Completed
O002390,C00236,2025-09-06,Completed
O002391,C01027,2025-05-27,Completed
O002392,C00821,2024-04-19,Completed
O002393,C00052,2025-01-16,Completed
O002394,C01075,2025-05-04,Completed
O002395,C00780,2024-03-11,Completed
O002396,C00227,2024-03-14,Completed
O002397,C00381,2024-10-29,Completed
O002398,C00864,2024-07-31,Completed
O002399,C01158,2025-01-31,Completed
O002400,C00467,2025-02-15,Completed
O002401,C00233,2025-11-08,Completed
O002402,C00542,2024-02-21,Completed
O002403,C00180,2025-07-03,Completed
O002404,C01077,2025-09-19,Completed
O002405,C00117,2024-11-19,Completed
O002406,C01133,2025-09-26,Completed
O002407,C00887,2024-03-19,Completed
O002408,C00499,2024-04-06,Returned
O002409,C00751,2024-12-26,Completed
O002410,C00858,2025-09-03,Completed
O002411,C00433,2025-06-22,Completed
O002412,C00234,2024-07-31,Completed
O002413,C00713,2024-07-12,Completed
O002414,C00496,2024-03-19,Completed
O002415,C00732,2024-10-29,Completed
O002416,C01123,2024-05-06,Completed
O002417,C00558,2024-03-12,Completed
O002418,C00521,2025-05-20,Completed
O002419,C00478,2025-08-08,Completed
O002420,C00479,2024-04-06,Completed
O002421,C00964,2025-09-04,Completed
O002422,C01187,2025-07-05,Completed
O002423,C00361,2025-12-20,Completed
O002424,C00191,2025-03-04,Completed
O002425,C00964,2024-07-15,Cancelled
O002426,C00602,2024-01-12,Completed
O002427,C00350,2024-10-03,Completed
O002428,C00844,2025-11-20,Cancelled
O002429,C00030,2024-04-06,Completed
O002430,C00345,2024-10-30,Completed
O002431,C00573,2024-09-07,Completed
O002432,C01055,2025-03-12,Completed
O002433,C00958,2024-02-09,Completed
O002434,C00367,2025-01-29,Completed
O002435,C01184,2025-08-30,Returned
O002436,C00783,2025-12-29,Completed
O002437,C00711,2024-08-27,Completed
O002438,C00393,2025-09-15,Completed
O002439,C00005,2025-01-22,Completed
O002440,C00392,2024-07-25,Completed
O002441,C01079,2025-01-25,Completed
O002442,C00590,2024-06-28,Completed
O002443,C00419,2024-12-14,Completed
O002444,C01146,2025-10-10,Completed
O002445,C00983,2025-10-08,Completed
O002446,C00865,2024-10-17,Completed
O002447,C00830,2024-12-02,Completed
O002448,C00697,2024-10-07,Completed
O002449,C00824,2025-11-13,Completed
O002450,C00888,2025-08-21,Completed
O002451,C00918,2024-04-15,Completed
O002452,C00157,2025-07-09,Completed
O002453,C01153,2025-11-30,Completed
O002454,C00891,2025-08-12,Completed
O002455,C00664,2024-01-18,Completed
O002456,C00542,2024-07-01,Completed
O002457,C00913,2024-05-07,Completed
O002458,C00493,2025-07-05,Completed
O002459,C00147,2025-10-06,Completed
O002460,C00790,2024-07-19,Completed
O002461,C00290,2025-03-25,Completed
O002462,C00603,2025-10-20,Cancelled
O002463,C00671,2025-02-28,Completed
O002464,C00501,2024-08-26,Completed
O002465,C00760,2025-03-26,Completed
O002466,C00098,2025-04-04,Completed
O002467,C00847,2024-05-19,Completed
O002468,C00543,2025-05-22,Cancelled
O002469,C00390,2025-04-01,Completed
O002470,C01142,2025-05-01,Completed
O002471,C00984,2025-03-07,Completed
O002472,C00611,2024-03-31,Completed
O002473,C00096,2025-08-07,Completed
O002474,C00540,2024-12-17,Completed
O002475,C00028,2024-02-07,Completed
O002476,C00144,2024-03-02,Completed
O002477,C01028,2025-08-04,Completed
O002478,C00652,2025-05-29,Completed
O002479,C00998,2025-11-15,Completed
O002480,C00302,2025-12-26,Completed
O002481,C00139,2024-10-09,Completed
O002482,C00036,2024-11-19,Completed
O002483,C00519,2024-02-26,Completed
O002484,C00067,2024-11-11,Completed
O002485,C01025,2024-12-13,Completed
O002486,C00538,2024-10-15,Completed
O002487,C01101,2025-11-29,Completed
O002488,C01036,2025-11-21,Completed
O002489,C00857,2024-11-21,Completed
O002490,C01080,2025-07-04,Completed
O002491,C00672,2024-12-17,Completed
O002492,C00350,2025-07-21,Returned
O002493,C00227,2025-01-20,Completed
O002494,C01172,2024-04-03,Completed
O002495,C00388,2024-09-22,Completed
O002496,C00758,2025-08-11,Completed
O002497,C00644,2024-06-07,Completed
O002498,C00823,2024-03-31,Completed
O002499,C00401,2024-02-25,Cancelled
O002500,C00630,2024-10-30,Completed
O002501,C00835,2025-01-04,Completed
O002502,C00834,2025-12-25,Completed
O002503,C00202,2024-05-24,Completed
O002504,C00169,2025-09-24,Cancelled
O002505,C00192,2024-01-18,Completed
O002506,C00253,2025-02-18,Completed
O002507,C01023,2024-12-30,Cancelled
O002508,C00300,2024-02-01,Completed
O002509,C00023,2024-12-19,Completed
O002510,C00721,2025-05-19,Completed
O002511,C00413,2024-06-10,Completed
O002512,C00548,2025-07-26,Completed
O002513,C00297,2025-09-16,Completed
O002514,C00092,2024-12-05,Completed
O002515,C01057,2025-02-13,Completed
O002516,C00537,2024-01-14,Completed
O002517,C00699,2024-02-12,Completed
O002518,C01197,2025-06-01,Completed
O002519,C00726,2025-03-17,Completed
O002520,C01046,2025-03-29,Completed
O002521,C00487,2024-03-16,Completed
O002522,C00201,2024-07-17,Completed
O002523,C00568,2025-11-12,Completed
O002524,C01068,2025-08-23,Completed
O002525,C00250,2024-09-22,Completed
O002526,C00491,2025-08-25,Completed
O002527,C00116,2025-07-31,Completed
O002528,C00017,2025-07-23,Completed
O002529,C00680,2025-01-24,Completed
O002530,C01096,2025-11-10,Completed
O002531,C00086,2025-03-23,Completed
O002532,C00994,2025-02-23,Completed
O002533,C00983,2024-10-02,Completed
O002534,C00411,2024-03-24,Cancelled
O002535,C00676,2025-09-06,Completed
O002536,C01079,2025-01-30,Completed
O002537,C00833,2024-12-30,Completed
O002538,C00637,2024-04-24,Completed
O002539,C00103,2025-08-02,Cancelled
O002540,C00393,2024-02-08,Completed
O002541,C01109,2024-08-08,Completed
O002542,C00101,2024-03-25,Completed
O002543,C00449,2025-03-25,Completed
O002544,C00709,2024-11-30,Completed
O002545,C00896,2025-05-11,Completed
O002546,C00613,2025-10-01,Completed
O002547,C00715,2025-02-22,Completed
O002548,C00176,2024-12-31,Cancelled
O002549,C00930,2024-12-14,Completed
O002550,C00760,2025-02-11,Completed
O002551,C00046,2025-05-07,Completed
O002552,C01167,2024-04-12,Completed
O002553,C00314,2025-08-09,Completed
O002554,C00339,2024-12-13,Completed
O002555,C00365,2025-06-16,Completed
O002556,C00777,2024-11-22,Completed
O002557,C00540,2025-10-26,Completed
O002558,C00885,2025-07-03,Completed
O002559,C00006,2025-08-19,Completed
O002560,C00612,2024-04-25,Completed
O002561,C00253,2024-12-07,Completed
O002562,C00147,2025-11-06,Completed
O002563,C00690,2025-02-14,Completed
O002564,C01000,2024-11-12,Completed
O002565,C00311,2024-08-31,Completed
O002566,C01193,2024-12-18,Completed
O002567,C00825,2024-02-15,Completed
O002568,C00619,2025-03-30,Completed
O002569,C00911,2025-10-10,Completed
O002570,C01002,2025-12-11,Completed
O002571,C01172,2024-12-14,Returned
O002572,C00076,2024-05-05,Completed
O002573,C00160,2025-04-16,Completed
O002574,C00553,2025-08-11,Completed
O002575,C00201,2025-02-11,Completed
O002576,C00485,2025-11-11,Completed
O002577,C00492,2025-01-11,Completed
O002578,C00440,2024-10-03,Completed
O002579,C00635,2025-09-21,Completed
O002580,C01163,2025-02-27,Completed
O002581,C00023,2025-11-11,Completed
O002582,C00748,2025-07-28,Completed
O002583,C00851,2024-08-30,Completed
O002584,C01038,2025-06-19,Completed
O002585,C00661,2024-06-11,Completed
O002586,C01120,2025-08-04,Completed
O002587,C00627,2025-02-07,Returned
O002588,C00768,2025-12-03,Completed
O002589,C00200,2025-12-05,Completed
O002590,C00423,2025-07-19,Completed
O002591,C00879,2025-06-09,Completed
O002592,C01018,2024-03-23,Completed
O002593,C00123,2024-04-09,Completed
O002594,C00987,2025-02-08,Cancelled
O002595,C00990,2025-03-21,Completed
O002596,C00990,2025-03-07,Completed
O002597,C01058,2025-02-08,Completed
O002598,C00793,2024-10-31,Completed
O002599,C00473,2025-09-15,Completed
O002600,C00997,2025-10-22,Completed
O002601,C00235,2025-12-23,Cancelled
O002602,C01176,2024-04-12,Completed
O002603,C00284,2024-12-15,Cancelled
O002604,C00052,2025-07-17,Completed
O002605,C00475,2024-07-22,Completed
O002606,C00170,2024-01-05,Completed
O002607,C00520,2025-01-21,Completed
O002608,C00182,2024-06-03,Cancelled
O002609,C01052,2025-10-12,Completed
O002610,C00930,2024-04-12,Completed
O002611,C01025,2025-04-07,Completed
O002612,C00475,2025-10-11,Completed
O002613,C01142,2025-04-09,Completed
O002614,C00574,2024-08-17,Completed
O002615,C00968,2024-08-30,Completed
O002616,C00925,2024-12-07,Cancelled
O002617,C00899,2024-08-10,Completed
O002618,C00333,2025-05-10,Completed
O002619,C00613,2025-05-03,Completed
O002620,C01180,2025-04-29,Completed
O002621,C01181,2024-08-03,Completed
O002622,C00417,2025-08-16,Completed
O002623,C00024,2025-03-20,Completed
O002624,C00836,2024-03-10,Completed
O002625,C00070,2025-10-01,Completed
O002626,C00421,2025-08-06,Completed
O002627,C00910,2024-03-12,Completed
O002628,C00733,2024-05-06,Completed
O002629,C00344,2024-10-21,Completed
O002630,C00107,2024-05-26,Completed
O002631,C00057,2025-01-21,Completed
O002632,C00626,2024-04-02,Completed
O002633,C00068,2025-01-26,Completed
O002634,C00689,2024-10-21,Completed
O002635,C00021,2024-09-19,Completed
O002636,C00910,2025-02-24,Completed
O002637,C00062,2025-05-06,Completed
O002638,C00154,2025-05-07,Completed
O002639,C00270,2025-07-06,Completed
O002640,C00157,2024-09-14,Completed
O002641,C00804,2024-11-13,Completed
O002642,C00965,2024-01-05,Completed
O002643,C00640,2024-12-12,Completed
O002644,C00008,2024-03-25,Completed
O002645,C01021,2025-09-26,Completed
O002646,C00729,2024-06-24,Completed
O002647,C01095,2024-12-15,Completed
O002648,C01040,2025-05-20,Completed
O002649,C00022,2025-03-12,Completed
O002650,C00315,2024-08-22,Completed
O002651,C00943,2024-01-08,Completed
O002652,C00990,2025-11-16,Completed
O002653,C00317,2025-07-16,Completed
O002654,C00008,2024-10-02,Completed
O002655,C00661,2024-05-07,Completed
O002656,C00956,2024-12-08,Completed
O002657,C00376,2024-11-02,Completed
O002658,C00164,2025-06-13,Cancelled
O002659,C01178,2025-04-26,Completed
O002660,C00945,2025-05-06,Completed
O002661,C00948,2025-06-15,Completed
O002662,C00630,2024-08-16,Completed
O002663,C00608,2024-05-08,Completed
O002664,C00588,2024-01-10,Completed
O002665,C00344,2025-02-19,Completed
O002666,C00473,2024-02-24,Completed
O002667,C00121,2024-04-12,Completed
O002668,C00233,2025-04-16,Completed
O002669,C01007,2024-12-02,Completed
O002670,C00919,2024-11-09,Completed
O002671,C00662,2025-09-23,Completed
O002672,C00723,2024-09-12,Completed
O002673,C00335,2024-11-04,Completed
O002674,C00114,2025-03-18,Completed
O002675,C01031,2025-05-15,Completed
O002676,C00256,2025-02-14,Completed
O002677,C00745,2024-10-01,Cancelled
O002678,C01177,2025-02-13,Completed
O002679,C00376,2025-12-06,Completed
O002680,C01047,2024-04-10,Completed
O002681,C00698,2024-09-11,Completed
O002682,C00975,2024-09-16,Completed
O002683,C00472,2024-12-21,Completed
O002684,C00665,2025-07-01,Completed
O002685,C00108,2024-10-06,Completed
O002686,C00180,2024-05-14,Completed
O002687,C00187,2024-09-12,Completed
O002688,C00521,2024-03-11,Completed
O002689,C00473,2024-06-26,Cancelled
O002690,C00882,2024-05-03,Completed
O002691,C01099,2025-11-03,Completed
O002692,C00113,2024-11-17,Completed
O002693,C00389,2025-12-03,Completed
O002694,C00103,2024-08-09,Completed
O002695,C00079,2024-10-14,Completed
O002696,C00182,2025-06-24,Completed
O002697,C00782,2024-12-08,Returned
O002698,C01000,2024-06-09,Completed
O002699,C00939,2024-08-03,Completed
O002700,C00059,2025-06-30,Completed
O002701,C00212,2025-10-18,Completed
O002702,C00921,2025-01-16,Completed
O002703,C00883,2024-02-16,Completed
O002704,C00184,2025-05-30,Completed
O002705,C00276,2024-12-23,Completed
O002706,C01142,2025-05-07,Completed
O002707,C00295,2024-09-25,Completed
O002708,C00691,2024-11-24,Completed
O002709,C00065,2025-06-03,Returned
O002710,C00939,2024-08-30,Completed
O002711,C00578,2024-09-11,Completed
O002712,C00463,2024-01-19,Completed
O002713,C00399,2025-01-02,Completed
O002714,C00828,2024-02-27,Completed
O002715,C00588,2024-02-09,Completed
O002716,C01155,2024-02-14,Completed
O002717,C01039,2024-01-13,Completed
O002718,C00446,2025-08-16,Completed
O002719,C01141,2025-01-25,Completed
O002720,C00578,2024-11-06,Completed
O002721,C01138,2024-06-01,Completed
O002722,C00947,2024-03-19,Completed
O002723,C00226,2025-06-29,Completed
O002724,C00250,2024-09-26,Completed
O002725,C00541,2025-04-10,Cancelled
O002726,C00257,2024-11-18,Completed
O002727,C00839,2025-07-27,Completed
O002728,C01057,2024-04-16,Completed
O002729,C00238,2025-03-31,Completed
O002730,C00098,2025-01-30,Completed
O002731,C00436,2024-03-11,Completed
O002732,C00799,2024-10-05,Completed
O002733,C00968,2025-09-06,Completed
O002734,C00440,2025-04-05,Completed
O002735,C00471,2024-09-09,Completed
O002736,C00616,2024-03-13,Completed
O002737,C00134,2025-12-20,Completed
O002738,C00495,2024-03-30,Completed
O002739,C00832,2025-10-21,Completed
O002740,C00592,2024-01-22,Completed
O002741,C00776,2025-10-12,Completed
O002742,C00219,2024-01-26,Returned
O002743,C01176,2024-11-13,Completed
O002744,C00219,2025-08-10,Completed
O002745,C00191,2024-10-01,Completed
O002746,C00867,2025-04-03,Completed
O002747,C01157,2025-02-20,Returned
O002748,C00500,2024-01-02,Completed
O002749,C00440,2025-01-30,Completed
O002750,C01038,2025-05-22,Completed
O002751,C01148,2024-12-23,Completed
O002752,C00982,2025-11-05,Completed
O002753,C00495,2024-10-07,Completed
O002754,C00746,2025-07-26,Completed
O002755,C00249,2025-02-01,Completed
O002756,C00385,2025-01-14,Completed
O002757,C00032,2024-04-14,Cancelled
O002758,C00514,2025-11-08,Completed
O002759,C00742,2024-11-25,Completed
O002760,C00165,2024-04-23,Completed
O002761,C00529,2024-09-15,Cancelled
O002762,C01139,2025-06-08,Completed
O002763,C01149,2025-02-18,Completed
O002764,C00541,2025-11-12,Completed
O002765,C00955,2025-10-05,Completed
O002766,C00287,2024-01-22,Completed
O002767,C00458,2024-01-30,Completed
O002768,C01038,2024-07-12,Completed
O002769,C00500,2024-05-30,Completed
O002770,C00704,2024-05-23,Completed
O002771,C00209,2024-06-28,Completed
O002772,C00339,2024-07-09,Completed
O002773,C01111,2025-03-21,Completed
O002774,C00657,2025-07-29,Completed
O002775,C00115,2025-10-17,Completed
O002776,C00201,2025-12-05,Completed
O002777,C00813,2025-02-08,Completed
O002778,C00149,2025-07-02,Completed
O002779,C01163,2025-05-16,Completed
O002780,C01170,2024-07-19,Completed
O002781,C00300,2024-09-17,Completed
O002782,C00444,2025-02-04,Cancelled
O002783,C00949,2025-03-17,Completed
O002784,C00329,2024-07-29,Completed
O002785,C01184,2024-06-19,Completed
O002786,C00171,2024-06-24,Completed
O002787,C00596,2025-07-11,Completed
O002788,C00920,2024-01-24,Completed
O002789,C00143,2025-03-23,Completed
O002790,C00429,2025-10-06,Completed
O002791,C00724,2024-12-05,Completed
O002792,C00525,2025-12-28,Completed
O002793,C00926,2024-05-17,Completed
O002794,C00473,2024-01-03,Completed
O002795,C00563,2024-07-21,Returned
O002796,C00891,2025-08-09,Completed
O002797,C00626,2024-01-10,Completed
O002798,C00063,2025-12-03,Completed
O002799,C00205,2024-12-03,Completed
O002800,C00846,2025-12-10,Completed
O002801,C00735,2024-01-07,Completed
O002802,C01174,2025-12-23,Completed
O002803,C00334,2024-05-16,Completed
O002804,C00627,2025-05-23,Returned
O002805,C00407,2025-09-02,Completed
O002806,C00372,2025-04-19,Completed
O002807,C00566,2025-06-28,Completed
O002808,C00139,2024-11-12,Completed
O002809,C00754,2025-12-20,Completed
O002810,C01155,2025-02-20,Completed
O002811,C00920,2025-08-29,Completed
O002812,C00958,2025-02-25,Returned
O002813,C00797,2024-01-01,Completed
O002814,C00421,2024-07-25,Completed
O002815,C00940,2025-03-19,Completed
O002816,C01058,2025-08-23,Completed
O002817,C00576,2025-02-03,Completed
O002818,C00260,2025-04-22,Completed
O002819,C01064,2025-11-23,Completed
O002820,C00215,2025-07-13,Completed
O002821,C00811,2025-12-14,Completed
O002822,C00609,2024-10-10,Completed
O002823,C00826,2025-08-18,Completed
O002824,C00704,2024-10-18,Completed
O002825,C01164,2024-04-21,Completed
O002826,C00699,2025-08-16,Completed
O002827,C01163,2024-02-25,Completed
O002828,C00923,2025-06-03,Completed
O002829,C00628,2025-11-24,Completed
O002830,C00954,2025-02-01,Completed
O002831,C00305,2024-07-14,Completed
O002832,C01136,2024-12-07,Completed
O002833,C00284,2025-11-30,Completed
O002834,C00678,2024-05-01,Completed
O002835,C00504,2024-10-01,Completed
O002836,C00069,2025-08-22,Completed
O002837,C00305,2024-02-07,Completed
O002838,C00634,2024-09-28,Cancelled
O002839,C00511,2025-11-09,Completed
O002840,C01109,2025-10-26,Completed
O002841,C00526,2025-01-14,Completed
O002842,C01024,2025-05-25,Completed
O002843,C00281,2025-05-14,Completed
O002844,C00292,2025-03-10,Completed
O002845,C00768,2024-12-11,Completed
O002846,C00947,2024-01-25,Cancelled
O002847,C00080,2024-02-27,Completed
O002848,C00784,2024-07-05,Completed
O002849,C00149,2025-09-02,Completed
O002850,C00087,2024-02-26,Completed
O002851,C00949,2025-03-31,Completed
O002852,C01147,2024-11-27,Completed
O002853,C00128,2025-02-13,Completed
O002854,C00053,2024-03-22,Returned
O002855,C00597,2024-09-21,Completed
O002856,C00837,2024-01-14,Completed
O002857,C00544,2025-03-26,Completed
O002858,C00928,2025-07-17,Completed
O002859,C00535,2024-01-15,Completed
O002860,C00889,2024-03-29,Completed
O002861,C00318,2025-02-12,Completed
O002862,C00774,2024-09-20,Completed
O002863,C00153,2025-10-22,Completed
O002864,C00413,2024-03-17,Completed
O002865,C00357,2024-09-25,Completed
O002866,C01182,2025-09-10,Completed
O002867,C00243,2025-04-27,Completed
O002868,C00350,2024-02-10,Completed
O002869,C00464,2024-08-18,Completed
O002870,C00602,2025-02-26,Completed
O002871,C01169,2024-01-01,Completed
O002872,C00362,2024-01-13,Completed
O002873,C00335,2025-12-03,Completed
O002874,C00353,2025-09-26,Completed
O002875,C00684,2025-10-17,Completed
O002876,C00522,2024-06-20,Completed
O002877,C00340,2024-02-27,Completed
O002878,C00751,2024-04-05,Completed
O002879,C00917,2025-01-23,Completed
O002880,C00938,2024-11-04,Completed
O002881,C00801,2025-06-12,Completed
O002882,C00120,2024-08-04,Cancelled
O002883,C00055,2025-08-01,Completed
O002884,C00904,2025-08-28,Completed
O002885,C00869,2025-06-07,Completed
O002886,C00242,2025-05-27,Completed
O002887,C00407,2025-10-28,Completed
O002888,C01015,2025-11-09,Cancelled
O002889,C00336,2025-08-11,Completed
O002890,C00524,2025-09-15,Completed
O002891,C00358,2025-08-20,Completed
O002892,C00370,2024-03-23,Completed
O002893,C00098,2024-10-04,Completed
O002894,C00914,2025-03-14,Completed
O002895,C00964,2024-12-04,Completed
O002896,C00604,2024-03-11,Completed
O002897,C00279,2025-08-18,Returned
O002898,C00428,2024-09-14,Completed
O002899,C00571,2025-06-24,Completed
O002900,C00716,2025-02-20,Completed
O002901,C00954,2024-01-29,Completed
O002902,C00648,2024-08-25,Completed
O002903,C00614,2024-09-04,Completed
O002904,C01008,2024-03-10,Completed
O002905,C00386,2024-03-05,Completed
O002906,C00030,2025-05-18,Completed
O002907,C00098,2025-02-08,Completed
O002908,C01046,2024-12-05,Completed
O002909,C00059,2024-06-18,Completed
O002910,C01072,2025-12-22,Completed
O002911,C00799,2025-08-26,Cancelled
O002912,C01091,2024-10-20,Completed
O002913,C00452,2025-11-21,Completed
O002914,C00344,2024-08-02,Completed
O002915,C01117,2025-02-02,Completed
O002916,C00013,2025-06-01,Returned
O002917,C00015,2025-02-20,Completed
O002918,C00755,2025-05-06,Completed
O002919,C00522,2024-12-04,Completed
O002920,C00947,2024-08-13,Completed
O002921,C00335,2024-09-17,Completed
O002922,C00457,2025-08-15,Completed
O002923,C01196,2025-03-07,Completed
O002924,C00571,2025-06-11,Completed
O002925,C00581,2025-07-11,Completed
O002926,C00867,2024-06-14,Completed
O002927,C00327,2025-03-07,Completed
O002928,C00264,2024-02-18,Completed
O002929,C01126,2025-10-01,Completed
O002930,C00405,2024-11-29,Completed
O002931,C00340,2025-06-07,Completed
O002932,C00884,2025-11-06,Completed
O002933,C00698,2025-08-04,Completed
O002934,C00492,2025-12-05,Completed
O002935,C00235,2024-11-03,Completed
O002936,C00752,2024-05-26,Completed
O002937,C01085,2025-10-22,Returned
O002938,C00642,2024-04-08,Completed
O002939,C00605,2025-12-28,Completed
O002940,C00278,2025-04-29,Completed
O002941,C00117,2024-07-12,Completed
O002942,C00583,2024-10-19,Completed
O002943,C01180,2024-09-13,Completed
O002944,C01171,2024-11-20,Completed
O002945,C00980,2025-09-14,Cancelled
O002946,C00316,2024-11-28,Completed
O002947,C00234,2024-07-27,Completed
O002948,C00886,2025-12-09,Completed
O002949,C00264,2024-04-28,Completed
O002950,C00418,2025-05-29,Completed
O002951,C00626,2025-07-27,Completed
O002952,C00144,2025-08-15,Completed
O002953,C01180,2025-08-27,Completed
O002954,C00804,2025-07-29,Completed
O002955,C00111,2024-11-03,Returned
O002956,C01154,2024-04-04,Completed
O002957,C00510,2024-10-05,Cancelled
O002958,C01010,2024-03-19,Completed
O002959,C00711,2025-12-21,Completed
O002960,C00054,2024-07-19,Completed
O002961,C00064,2024-07-11,Completed
O002962,C00946,2024-01-24,Completed
O002963,C00814,2025-12-03,Completed
O002964,C00019,2024-01-28,Completed
O002965,C00832,2024-12-11,Completed
O002966,C00351,2024-09-06,Completed
O002967,C00666,2025-07-08,Completed
O002968,C00562,2024-12-30,Completed
O002969,C00339,2024-08-28,Completed
O002970,C01153,2025-10-12,Completed
O002971,C00983,2025-12-29,Completed
O002972,C00937,2024-12-06,Completed
O002973,C00250,2024-09-23,Completed
O002974,C00552,2024-09-16,Completed
O002975,C00777,2024-03-11,Completed
O002976,C00769,2024-03-18,Completed
O002977,C00553,2025-01-23,Returned
O002978,C00475,2025-05-26,Completed
O002979,C00869,2024-01-30,Completed
O002980,C00966,2024-09-30,Completed
O002981,C01087,2024-08-25,Completed
O002982,C01200,2024-07-17,Completed
O002983,C00388,2025-02-25,Completed
O002984,C01151,2024-10-05,Completed
O002985,C00678,2025-12-30,Completed
O002986,C00372,2025-08-31,Cancelled
O002987,C01180,2024-12-03,Completed
O002988,C00268,2025-05-01,Completed
O002989,C00137,2025-10-25,Returned
O002990,C00583,2025-12-14,Completed
O002991,C01129,2024-08-21,Completed
O002992,C00095,2024-02-24,Completed
O002993,C00257,2025-11-30,Completed
O002994,C00154,2024-09-02,Completed
O002995,C01160,2024-11-04,Completed
O002996,C00503,2024-11-16,Completed
O002997,C01096,2025-04-28,Completed
O002998,C00935,2025-12-29,Completed
O002999,C00960,2024-02-08,Completed
O003000,C01182,2024-05-03,Completed
O003001,C00168,2024-04-15,Returned
O003002,C01058,2025-07-13,Completed
O003003,C01015,2025-04-14,Completed
O003004,C00685,2024-04-07,Completed
O003005,C01171,2025-08-22,Completed
O003006,C00417,2025-07-16,Returned
O003007,C00274,2024-04-21,Completed
O003008,C00968,2024-01-10,Completed
O003009,C01049,2025-03-02,Cancelled
O003010,C00072,2025-08-07,Cancelled
O003011,C00839,2025-12-01,Completed
O003012,C00697,2025-02-08,Completed
O003013,C00566,2024-04-01,Completed
O003014,C01183,2024-12-24,Completed
O003015,C00463,2024-02-29,Completed
O003016,C00457,2024-09-04,Completed
O003017,C00178,2025-03-19,Completed
O003018,C00981,2025-01-11,Completed
O003019,C01178,2025-08-30,Returned
O003020,C00430,2025-02-13,Completed
O003021,C00307,2025-06-29,Cancelled
O003022,C00449,2025-05-24,Completed
O003023,C00073,2024-08-26,Completed
O003024,C00292,2025-11-01,Completed
O003025,C01101,2025-06-10,Completed
O003026,C00169,2024-05-10,Completed
O003027,C00207,2025-08-29,Completed
O003028,C00790,2025-07-07,Completed
O003029,C00456,2025-04-19,Completed
O003030,C00298,2025-10-06,Completed
O003031,C00878,2025-06-18,Completed
O003032,C01172,2024-02-08,Completed
O003033,C00446,2025-11-24,Completed
O003034,C00708,2025-01-06,Completed
O003035,C01074,2025-02-18,Completed
O003036,C01164,2025-08-13,Completed
O003037,C00002,2024-08-24,Completed
O003038,C00346,2024-06-05,Completed
O003039,C01174,2025-11-23,Returned
O003040,C00592,2024-01-08,Completed
O003041,C00754,2024-07-22,Completed
O003042,C00307,2024-04-03,Completed
O003043,C00418,2025-01-24,Completed
O003044,C00800,2025-11-03,Completed
O003045,C00419,2024-10-18,Cancelled
O003046,C00011,2024-04-08,Completed
O003047,C00883,2025-02-09,Completed
O003048,C00917,2025-07-25,Completed
O003049,C00573,2024-04-03,Completed
O003050,C01016,2024-04-09,Cancelled
O003051,C00750,2025-10-15,Cancelled
O003052,C00506,2024-10-05,Completed
O003053,C00667,2024-05-13,Completed
O003054,C01133,2024-07-14,Completed
O003055,C00912,2024-10-07,Completed
O003056,C01041,2024-11-22,Completed
O003057,C01048,2025-08-07,Completed
O003058,C00476,2025-01-01,Completed
O003059,C00729,2025-02-02,Completed
O003060,C01119,2024-02-16,Completed
O003061,C00566,2025-04-15,Completed
O003062,C01177,2025-11-27,Completed
O003063,C01030,2025-12-29,Cancelled
O003064,C00087,2024-11-05,Completed
O003065,C00822,2024-01-02,Completed
O003066,C00054,2024-06-20,Completed
O003067,C00603,2024-12-28,Completed
O003068,C01145,2024-02-26,Completed
O003069,C00075,2024-12-30,Completed
O003070,C01181,2025-02-25,Completed
O003071,C00158,2025-05-09,Completed
O003072,C00418,2025-12-25,Completed
O003073,C01005,2025-12-19,Completed
O003074,C00399,2024-10-13,Completed
O003075,C00544,2024-02-12,Completed
O003076,C00920,2024-09-18,Completed
O003077,C00849,2024-05-14,Completed
O003078,C00151,2025-03-15,Completed
O003079,C00249,2025-11-14,Completed
O003080,C01196,2025-06-04,Completed
O003081,C00583,2025-11-09,Completed
O003082,C00216,2024-01-21,Completed
O003083,C00705,2024-06-16,Completed
O003084,C00865,2024-01-07,Completed
O003085,C00028,2024-09-16,Completed
O003086,C00526,2024-02-09,Completed
O003087,C00722,2024-01-31,Completed
O003088,C00681,2025-05-28,Completed
O003089,C01119,2024-12-22,Completed
O003090,C00562,2024-03-21,Completed
O003091,C00883,2024-07-02,Completed
O003092,C00931,2025-02-19,Completed
O003093,C00586,2025-05-22,Completed
O003094,C00266,2025-09-15,Completed
O003095,C00820,2025-07-15,Completed
O003096,C00757,2025-01-22,Completed
O003097,C00746,2025-05-24,Cancelled
O003098,C00304,2024-10-07,Completed
O003099,C00800,2024-02-04,Completed
O003100,C00633,2025-09-06,Completed
O003101,C00116,2024-12-13,Completed
O003102,C00467,2024-12-04,Completed
O003103,C00761,2025-02-27,Completed
O003104,C00260,2025-12-29,Completed
O003105,C00464,2024-04-21,Completed
O003106,C00576,2024-02-01,Completed
O003107,C00404,2025-11-28,Completed
O003108,C00623,2024-02-16,Completed
O003109,C00302,2024-08-21,Completed
O003110,C01029,2024-04-21,Completed
O003111,C00445,2025-11-26,Completed
O003112,C00262,2025-03-03,Completed
O003113,C00306,2024-11-18,Completed
O003114,C01141,2024-07-10,Completed
O003115,C00749,2024-08-23,Completed
O003116,C00813,2025-04-29,Completed
O003117,C00265,2024-02-26,Completed
O003118,C00441,2025-02-03,Completed
O003119,C00196,2025-11-03,Completed
O003120,C00540,2024-08-13,Completed
O003121,C00783,2024-11-09,Completed
O003122,C00981,2024-04-09,Completed
O003123,C00886,2025-09-22,Completed
O003124,C00620,2024-08-19,Completed
O003125,C01130,2025-02-27,Completed
O003126,C00268,2024-04-28,Completed
O003127,C00450,2025-06-11,Completed
O003128,C01141,2024-02-11,Cancelled
O003129,C01076,2024-08-11,Completed
O003130,C00941,2024-01-19,Completed
O003131,C00921,2025-01-21,Cancelled
O003132,C00317,2024-05-03,Completed
O003133,C00248,2025-08-17,Completed
O003134,C01101,2024-06-17,Completed
O003135,C00023,2024-11-02,Completed
O003136,C00076,2025-02-15,Completed
O003137,C00568,2025-08-15,Completed
O003138,C00887,2024-12-25,Completed
O003139,C00462,2025-01-20,Completed
O003140,C00763,2025-08-09,Cancelled
O003141,C00405,2024-04-16,Completed
O003142,C00750,2025-08-04,Completed
O003143,C01198,2024-12-20,Completed
O003144,C00267,2024-07-15,Completed
O003145,C00057,2024-02-03,Completed
O003146,C01077,2024-01-01,Completed
O003147,C01023,2025-09-25,Completed
O003148,C00179,2024-01-03,Completed
O003149,C00513,2025-04-16,Completed
O003150,C01169,2024-04-01,Completed
O003151,C00372,2024-02-07,Completed
O003152,C00626,2024-08-17,Completed
O003153,C01159,2025-03-25,Returned
O003154,C00401,2024-06-09,Completed
O003155,C00197,2025-04-22,Completed
O003156,C00848,2024-01-05,Completed
O003157,C01128,2025-03-06,Completed
O003158,C00972,2024-07-24,Cancelled
O003159,C00601,2024-08-05,Cancelled
O003160,C00869,2024-12-25,Completed
O003161,C01195,2025-10-10,Completed
O003162,C00564,2025-03-29,Completed
O003163,C01146,2024-10-06,Completed
O003164,C00904,2024-12-23,Completed
O003165,C01189,2024-07-12,Completed
O003166,C00088,2025-12-14,Cancelled
O003167,C00003,2025-01-30,Completed
O003168,C00740,2025-06-12,Completed
O003169,C00809,2025-04-23,Completed
O003170,C00885,2024-02-08,Completed
O003171,C00110,2025-12-26,Cancelled
O003172,C01002,2025-03-22,Completed
O003173,C00946,2025-05-02,Completed
O003174,C00179,2024-09-26,Completed
O003175,C00705,2025-11-15,Completed
O003176,C00827,2025-06-24,Completed
O003177,C01110,2025-11-27,Cancelled
O003178,C00520,2025-01-07,Completed
O003179,C00425,2024-09-11,Completed
O003180,C00829,2025-10-18,Completed
O003181,C01088,2024-10-02,Completed
O003182,C00720,2025-04-18,Completed
O003183,C00021,2024-07-12,Completed
O003184,C00525,2024-09-08,Completed
O003185,C01030,2024-09-30,Cancelled
O003186,C00762,2025-03-22,Completed
O003187,C00078,2024-05-13,Completed
O003188,C00339,2024-09-08,Completed
O003189,C00369,2025-11-30,Completed
O003190,C00599,2024-05-11,Completed
O003191,C00114,2024-11-04,Completed
O003192,C00115,2024-12-20,Completed
O003193,C00736,2025-03-30,Completed
O003194,C00308,2024-10-04,Completed
O003195,C00215,2025-01-18,Completed
O003196,C00283,2025-03-23,Cancelled
O003197,C01082,2025-06-22,Completed
O003198,C00500,2024-02-24,Cancelled
O003199,C00673,2024-11-06,Completed
O003200,C00603,2025-06-08,Completed
O003201,C01172,2024-05-19,Completed
O003202,C00681,2024-01-28,Completed
O003203,C01047,2024-03-20,Completed
O003204,C00615,2025-04-02,Completed
O003205,C00758,2024-10-17,Completed
O003206,C00591,2025-08-23,Completed
O003207,C00035,2025-05-20,Completed
O003208,C00583,2025-07-14,Completed
O003209,C00217,2025-03-22,Completed
O003210,C01001,2024-04-30,Completed
O003211,C00883,2025-04-02,Completed
O003212,C00989,2025-02-10,Completed
O003213,C00102,2024-02-27,Completed
O003214,C01144,2025-11-10,Completed
O003215,C00850,2025-02-28,Completed
O003216,C01189,2024-04-03,Completed
O003217,C00676,2025-11-27,Completed
O003218,C01186,2025-04-12,Completed
O003219,C00497,2024-03-11,Completed
O003220,C01119,2024-12-24,Completed
O003221,C01131,2024-07-20,Completed
O003222,C00090,2024-06-14,Completed
O003223,C00487,2025-12-25,Completed
O003224,C00484,2025-07-10,Completed
O003225,C00433,2025-06-24,Completed
O003226,C01114,2024-08-26,Completed
O003227,C00846,2024-11-10,Completed
O003228,C00341,2025-05-21,Completed
O003229,C01126,2025-04-30,Completed
O003230,C00445,2025-08-05,Completed
O003231,C00896,2025-02-17,Completed
O003232,C00313,2025-10-03,Completed
O003233,C00796,2025-02-03,Completed
O003234,C00280,2024-09-29,Completed
O003235,C01143,2024-10-03,Completed
O003236,C01067,2024-11-30,Completed
O003237,C00672,2025-08-21,Completed
O003238,C00762,2025-04-16,Completed
O003239,C00270,2025-02-09,Completed
O003240,C00849,2024-08-17,Completed
O003241,C00890,2024-12-29,Completed
O003242,C00598,2024-06-03,Completed
O003243,C00170,2025-10-08,Completed
O003244,C00838,2025-01-18,Completed
O003245,C00655,2024-02-20,Completed
O003246,C01026,2025-05-02,Completed
O003247,C00098,2024-10-12,Completed
O003248,C01036,2025-09-22,Returned
O003249,C00606,2025-08-17,Completed
O003250,C00370,2024-12-25,Completed
O003251,C01032,2024-07-17,Completed
O003252,C00314,2024-05-23,Completed
O003253,C00226,2024-10-16,Returned
O003254,C00504,2024-03-25,Completed
O003255,C00816,2024-02-14,Completed
O003256,C00729,2024-12-13,Completed
O003257,C00936,2024-05-22,Completed
O003258,C00016,2024-12-30,Completed
O003259,C00156,2024-03-13,Returned
O003260,C00930,2025-12-05,Completed
O003261,C00474,2024-01-18,Completed
O003262,C00858,2024-12-04,Completed
O003263,C00298,2024-04-20,Completed
O003264,C00543,2025-02-26,Completed
O003265,C00141,2025-10-30,Completed
O003266,C00648,2024-04-10,Completed
O003267,C00508,2024-08-17,Returned
O003268,C00755,2025-12-17,Completed
O003269,C00245,2025-02-19,Completed
O003270,C00301,2024-04-08,Completed
O003271,C00126,2024-04-23,Completed
O003272,C01131,2025-11-27,Completed
O003273,C01158,2025-04-26,Completed
O003274,C00911,2025-01-18,Completed
O003275,C00490,2024-02-01,Completed
O003276,C00744,2025-08-26,Completed
O003277,C00434,2025-01-19,Completed
O003278,C00790,2024-12-24,Completed
O003279,C00755,2025-04-23,Completed
O003280,C00803,2024-07-03,Completed
O003281,C00374,2025-04-05,Completed
O003282,C00133,2024-05-04,Completed
O003283,C00452,2025-03-22,Completed
O003284,C00138,2025-10-31,Completed
O003285,C00832,2025-11-13,Completed
O003286,C01073,2025-04-17,Completed
O003287,C00275,2025-12-15,Completed
O003288,C00688,2025-03-13,Completed
O003289,C00742,2025-02-03,Completed
O003290,C00247,2024-07-28,Completed
O003291,C00942,2024-10-16,Completed
O003292,C01076,2025-03-02,Completed
O003293,C00232,2025-05-16,Completed
O003294,C01023,2025-04-06,Completed
O003295,C01127,2024-11-10,Completed
O003296,C00962,2024-05-07,Completed
O003297,C00410,2024-03-04,Completed
O003298,C00388,2024-08-03,Completed
O003299,C00806,2025-06-27,Completed
O003300,C00352,2024-02-24,Completed
O003301,C00826,2025-08-28,Completed
O003302,C00339,2024-05-10,Completed
O003303,C00884,2024-12-09,Completed
O003304,C00900,2025-01-17,Completed
O003305,C00989,2025-07-30,Completed
O003306,C00617,2024-08-04,Completed
O003307,C00157,2024-03-11,Completed
O003308,C00103,2025-09-25,Completed
O003309,C00765,2025-04-06,Completed
O003310,C00646,2024-11-28,Completed
O003311,C00545,2024-04-18,Completed
O003312,C00715,2024-10-12,Completed
O003313,C01075,2024-03-13,Completed
O003314,C00503,2025-01-13,Completed
O003315,C00109,2025-10-20,Completed
O003316,C00365,2024-05-06,Completed
O003317,C00348,2024-05-27,Completed
O003318,C00605,2024-08-22,Completed
O003319,C00531,2025-04-28,Completed
O003320,C00106,2025-03-28,Completed
O003321,C00364,2024-01-01,Cancelled
O003322,C00818,2024-03-09,Completed
O003323,C00176,2025-06-25,Completed
O003324,C00138,2024-12-02,Completed
O003325,C01124,2024-06-23,Completed
O003326,C00211,2025-10-28,Completed
O003327,C00015,2024-03-27,Completed
O003328,C01189,2024-05-03,Completed
O003329,C00248,2024-06-15,Completed
O003330,C00312,2024-02-22,Completed
O003331,C01067,2025-02-04,Completed
O003332,C00256,2024-09-10,Completed
O003333,C00640,2024-10-06,Completed
O003334,C00233,2025-07-27,Completed
O003335,C00483,2024-10-23,Completed
O003336,C00257,2024-05-31,Completed
O003337,C00286,2024-11-16,Completed
O003338,C00971,2025-01-29,Completed
O003339,C01097,2025-05-20,Completed
O003340,C00275,2024-03-17,Completed
O003341,C00759,2024-03-15,Completed
O003342,C00282,2024-12-18,Completed
O003343,C01090,2025-08-29,Completed
O003344,C00480,2025-08-17,Completed
O003345,C00781,2025-10-25,Completed
O003346,C00082,2024-10-07,Completed
O003347,C00166,2025-03-12,Completed
O003348,C00958,2024-02-28,Completed
O003349,C00610,2025-08-02,Completed
O003350,C00774,2025-05-31,Completed
O003351,C00736,2024-10-11,Completed
O003352,C00207,2024-07-19,Completed
O003353,C00726,2024-04-22,Cancelled
O003354,C00879,2024-08-22,Completed
O003355,C00133,2025-05-18,Completed
O003356,C00081,2025-12-27,Completed
O003357,C01168,2024-08-23,Completed
O003358,C00650,2025-08-18,Completed
O003359,C00216,2024-01-17,Returned
O003360,C00685,2025-08-18,Completed
O003361,C00856,2024-10-31,Completed
O003362,C00314,2024-11-07,Completed
O003363,C00276,2025-06-14,Completed
O003364,C00393,2024-07-07,Completed
O003365,C00023,2024-08-02,Completed
O003366,C00043,2024-10-28,Completed
O003367,C00409,2024-05-04,Completed
O003368,C00968,2024-05-30,Completed
O003369,C00867,2025-12-10,Completed
O003370,C01146,2025-08-19,Completed
O003371,C00131,2024-08-10,Completed
O003372,C01176,2024-08-16,Completed
O003373,C00564,2025-01-04,Completed
O003374,C01045,2024-03-27,Completed
O003375,C01186,2025-11-04,Completed
O003376,C00220,2024-12-22,Completed
O003377,C00489,2025-11-08,Completed
O003378,C00627,2025-09-07,Completed
O003379,C01155,2024-11-19,Completed
O003380,C00728,2024-07-20,Completed
O003381,C00449,2025-11-20,Completed
O003382,C01058,2025-12-26,Completed
O003383,C00338,2025-10-21,Completed
O003384,C00019,2024-10-10,Completed
O003385,C00909,2025-01-10,Completed
O003386,C00637,2025-07-19,Completed
O003387,C00259,2024-10-26,Completed
O003388,C00955,2024-01-15,Completed
O003389,C00585,2025-11-06,Completed
O003390,C00989,2025-11-04,Completed
O003391,C00535,2024-08-21,Completed
O003392,C01025,2025-08-27,Completed
O003393,C00957,2024-01-23,Completed
O003394,C00873,2024-10-22,Completed
O003395,C00777,2025-01-15,Completed
O003396,C00496,2025-04-16,Completed
O003397,C00678,2024-08-03,Completed
O003398,C00421,2024-05-06,Completed
O003399,C00056,2025-10-17,Completed
O003400,C00109,2024-02-03,Completed
O003401,C00543,2024-06-16,Completed
O003402,C00749,2024-07-23,Completed
O003403,C01170,2025-09-17,Completed
O003404,C00649,2025-07-02,Returned
O003405,C00553,2025-09-18,Completed
O003406,C00115,2025-12-11,Completed
O003407,C01016,2024-11-19,Completed
O003408,C00924,2024-08-04,Completed
O003409,C00989,2024-09-16,Completed
O003410,C01164,2025-06-28,Completed
O003411,C00467,2025-07-29,Completed
O003412,C00521,2024-01-25,Completed
O003413,C00456,2024-05-24,Completed
O003414,C00214,2025-12-24,Completed
O003415,C00446,2024-05-14,Completed
O003416,C00505,2025-11-21,Completed
O003417,C01174,2025-01-01,Completed
O003418,C00726,2025-12-29,Completed
O003419,C00590,2025-11-28,Completed
O003420,C00049,2024-06-14,Completed
O003421,C00570,2025-02-02,Completed
O003422,C00252,2024-01-17,Completed
O003423,C00731,2024-06-22,Completed
O003424,C00431,2024-11-21,Completed
O003425,C00936,2024-07-17,Completed
O003426,C00857,2025-08-15,Completed
O003427,C00528,2024-07-17,Completed
O003428,C00784,2024-12-17,Completed
O003429,C00730,2024-07-04,Completed
O003430,C01164,2025-01-05,Completed
O003431,C00216,2024-05-13,Completed
O003432,C00765,2025-09-13,Completed
O003433,C00979,2024-03-28,Completed
O003434,C00847,2024-02-08,Completed
O003435,C01057,2025-04-20,Cancelled
O003436,C00061,2024-07-21,Completed
O003437,C00117,2025-03-20,Completed
O003438,C00097,2025-03-30,Completed
O003439,C00698,2025-11-30,Completed
O003440,C00509,2025-02-04,Completed
O003441,C01028,2025-03-15,Cancelled
O003442,C00276,2024-02-10,Completed
O003443,C00535,2025-11-09,Completed
O003444,C00587,2024-04-19,Completed
O003445,C00860,2025-07-31,Completed
O003446,C00177,2024-02-25,Completed
O003447,C00484,2025-10-30,Completed
O003448,C00328,2024-10-12,Completed
O003449,C00899,2025-07-13,Completed
O003450,C00140,2025-06-05,Completed
O003451,C00286,2024-02-21,Completed
O003452,C00702,2025-05-23,Completed
O003453,C00511,2024-01-05,Completed
O003454,C00625,2024-07-04,Completed
O003455,C00684,2025-05-17,Completed
O003456,C00421,2024-02-01,Completed
O003457,C01098,2024-09-30,Completed
O003458,C00090,2025-03-12,Completed
O003459,C00912,2024-02-02,Returned
O003460,C00404,2025-01-31,Completed
O003461,C00782,2024-09-01,Completed
O003462,C00013,2024-11-28,Completed
O003463,C01105,2025-05-26,Completed
O003464,C00479,2025-10-04,Completed
O003465,C00963,2024-06-26,Completed
O003466,C01199,2025-06-20,Completed
O003467,C00284,2025-11-08,Completed
O003468,C00720,2025-03-05,Completed
O003469,C00778,2025-02-03,Completed
O003470,C01182,2024-03-27,Completed
O003471,C00922,2025-02-13,Cancelled
O003472,C00258,2024-01-09,Completed
O003473,C00145,2025-05-17,Completed
O003474,C01084,2024-05-17,Completed
O003475,C00342,2024-01-06,Completed
O003476,C00476,2025-10-22,Completed
O003477,C00415,2025-08-21,Completed
O003478,C00114,2024-07-17,Completed
O003479,C00230,2025-06-04,Completed
O003480,C00663,2024-12-17,Completed
O003481,C00315,2025-08-06,Completed
O003482,C00937,2024-09-16,Completed
O003483,C01028,2025-04-12,Completed
O003484,C00814,2025-03-10,Cancelled
O003485,C01178,2024-12-29,Completed
O003486,C00793,2024-02-17,Completed
O003487,C00886,2024-05-12,Completed
O003488,C00402,2025-02-06,Completed
O003489,C00938,2024-07-14,Completed
O003490,C00009,2024-05-14,Completed
O003491,C00261,2024-01-10,Completed
O003492,C00784,2024-06-24,Completed
O003493,C00445,2025-10-09,Completed
O003494,C00270,2025-01-27,Completed
O003495,C00030,2024-08-28,Completed
O003496,C00135,2025-11-19,Completed
O003497,C00610,2024-07-13,Completed
O003498,C00435,2024-09-09,Cancelled
O003499,C00954,2024-01-26,Completed
O003500,C00177,2024-01-25,Completed
O003501,C00357,2024-08-29,Completed
O003502,C00894,2024-12-29,Completed
O003503,C00692,2024-11-24,Completed
O003504,C01182,2024-05-10,Completed
O003505,C00142,2024-12-20,Completed
O003506,C01167,2024-02-21,Completed
O003507,C01033,2024-07-04,Completed
O003508,C00089,2024-08-14,Completed
O003509,C00905,2024-12-20,Completed
O003510,C00590,2024-07-04,Completed
O003511,C00667,2025-09-04,Completed
O003512,C00807,2024-09-14,Completed
O003513,C00857,2025-08-25,Completed
O003514,C00016,2025-10-08,Completed
O003515,C00490,2024-11-22,Completed
O003516,C01117,2024-11-23,Completed
O003517,C01107,2025-01-16,Completed
O003518,C00867,2024-08-04,Completed
O003519,C00975,2025-04-01,Completed
O003520,C00982,2024-06-18,Completed
O003521,C00593,2024-10-07,Completed
O003522,C00847,2025-06-25,Completed
O003523,C00418,2024-11-17,Returned
O003524,C00792,2025-01-02,Completed
O003525,C00469,2025-12-23,Completed
O003526,C00018,2025-07-31,Completed
O003527,C00813,2025-02-27,Completed
O003528,C00439,2024-02-28,Completed
O003529,C00034,2025-09-26,Completed
O003530,C00313,2024-06-19,Completed
O003531,C01163,2025-02-07,Completed
O003532,C00673,2024-07-21,Completed
O003533,C00898,2025-06-01,Completed
O003534,C00633,2025-12-05,Completed
O003535,C00431,2025-06-14,Completed
O003536,C00034,2025-06-26,Completed
O003537,C00378,2025-01-21,Completed
O003538,C00502,2025-10-09,Cancelled
O003539,C00554,2025-04-23,Completed
O003540,C00095,2024-12-27,Completed
O003541,C01065,2025-12-13,Completed
O003542,C00522,2024-01-20,Completed
O003543,C00664,2025-03-03,Completed
O003544,C01150,2025-07-07,Completed
O003545,C00961,2025-03-06,Completed
O003546,C01129,2024-01-03,Completed
O003547,C00370,2024-02-01,Completed
O003548,C00443,2024-03-15,Cancelled
O003549,C00445,2025-11-26,Completed
O003550,C00874,2025-05-10,Completed
O003551,C00935,2025-05-12,Completed
O003552,C00216,2025-11-02,Completed
O003553,C00527,2024-08-11,Completed
O003554,C01010,2024-11-07,Completed
O003555,C01132,2025-04-08,Completed
O003556,C00096,2025-09-30,Completed
O003557,C00780,2025-11-13,Completed
O003558,C00440,2024-07-01,Completed
O003559,C00718,2024-07-10,Completed
O003560,C00452,2024-04-24,Completed
O003561,C00441,2024-06-20,Completed
O003562,C00227,2024-04-25,Completed
O003563,C00347,2025-03-18,Completed
O003564,C00693,2024-08-01,Completed
O003565,C00405,2024-03-20,Completed
O003566,C00057,2025-04-03,Completed
O003567,C00336,2025-07-14,Completed
O003568,C00466,2024-01-25,Completed
O003569,C00660,2024-12-01,Completed
O003570,C00343,2025-04-10,Completed
O003571,C00323,2024-03-05,Completed
O003572,C00786,2025-06-30,Completed
O003573,C00560,2025-05-01,Completed
O003574,C00893,2025-06-06,Completed
O003575,C00165,2024-09-09,Completed
O003576,C00687,2025-12-16,Completed
O003577,C00818,2024-01-30,Completed
O003578,C00865,2024-11-09,Completed
O003579,C00717,2024-08-23,Completed
O003580,C00305,2024-03-01,Completed
O003581,C01138,2025-04-30,Completed
O003582,C00390,2024-08-08,Completed
O003583,C00033,2024-06-16,Completed
O003584,C01179,2025-05-30,Completed
O003585,C01094,2024-10-19,Completed
O003586,C00492,2025-09-09,Completed
O003587,C00463,2024-08-28,Completed
O003588,C00273,2024-04-04,Completed
O003589,C01082,2025-07-23,Completed
O003590,C00628,2024-07-27,Completed
O003591,C00957,2024-12-13,Completed
O003592,C00166,2025-10-08,Completed
O003593,C00331,2025-10-01,Completed
O003594,C00519,2025-03-27,Completed
O003595,C01082,2025-05-22,Completed
O003596,C00648,2024-05-02,Completed
O003597,C01143,2024-06-24,Completed
O003598,C00489,2025-05-04,Completed
O003599,C00551,2025-10-09,Completed
O003600,C00847,2024-09-05,Completed
O003601,C00076,2025-01-30,Completed
O003602,C00210,2024-04-20,Completed
O003603,C00167,2025-03-01,Completed
O003604,C01048,2024-08-20,Completed
O003605,C00164,2024-09-27,Completed
O003606,C00780,2025-09-24,Completed
O003607,C00127,2025-10-24,Completed
O003608,C00804,2024-01-15,Completed
O003609,C01093,2025-03-09,Completed
O003610,C00895,2024-08-06,Completed
O003611,C01095,2024-08-01,Completed
O003612,C00448,2025-09-11,Completed
O003613,C00699,2025-03-20,Completed
O003614,C00434,2024-12-31,Completed
O003615,C00352,2024-03-30,Completed
O003616,C00586,2024-04-16,Completed
O003617,C00765,2024-09-03,Completed
O003618,C00916,2025-03-03,Cancelled
O003619,C00317,2024-12-04,Completed
O003620,C01129,2024-10-24,Completed
O003621,C00984,2025-08-26,Completed
O003622,C00522,2025-11-25,Completed
O003623,C01169,2024-03-25,Cancelled
O003624,C00963,2024-11-23,Completed
O003625,C00508,2024-12-07,Completed
O003626,C00890,2024-06-20,Completed
O003627,C00504,2024-07-28,Completed
O003628,C00295,2025-06-17,Completed
O003629,C01040,2024-02-12,Completed
O003630,C00474,2024-03-03,Completed
O003631,C00881,2024-02-25,Completed
O003632,C00325,2025-12-01,Completed
O003633,C00847,2025-05-25,Cancelled
O003634,C00612,2024-12-04,Completed
O003635,C00227,2025-09-20,Completed
O003636,C00761,2024-07-29,Completed
O003637,C00394,2025-12-08,Completed
O003638,C00645,2024-12-10,Completed
O003639,C00036,2025-03-18,Completed
O003640,C00609,2024-11-09,Completed
O003641,C00586,2025-07-29,Returned
O003642,C00357,2025-08-20,Completed
O003643,C00069,2024-06-10,Completed
O003644,C00371,2025-07-03,Completed
O003645,C00684,2025-10-01,Completed
O003646,C00886,2024-09-14,Completed
O003647,C00529,2024-03-15,Cancelled
O003648,C01078,2025-01-19,Completed
O003649,C00963,2025-05-14,Completed
O003650,C00617,2025-01-19,Completed
O003651,C00468,2025-03-09,Completed
O003652,C00635,2025-11-13,Completed
O003653,C00868,2024-02-13,Completed
O003654,C00026,2025-05-14,Completed
O003655,C00550,2024-12-24,Completed
O003656,C00258,2025-07-29,Completed
O003657,C00107,2025-03-09,Completed
O003658,C00666,2025-01-08,Completed
O003659,C00491,2025-03-06,Cancelled
O003660,C00700,2025-08-05,Completed
O003661,C00147,2024-08-12,Completed
O003662,C00535,2025-01-15,Cancelled
O003663,C00298,2025-10-18,Completed
O003664,C00987,2025-08-07,Completed
O003665,C00460,2024-02-29,Completed
O003666,C00376,2024-07-03,Completed
O003667,C00831,2025-08-23,Cancelled
O003668,C00871,2024-09-06,Completed
O003669,C00308,2024-06-26,Completed
O003670,C00932,2025-01-17,Completed
O003671,C00073,2024-08-10,Completed
O003672,C00262,2024-11-11,Completed
O003673,C00781,2024-07-30,Completed
O003674,C00700,2025-02-27,Completed
O003675,C01107,2024-01-04,Completed
O003676,C00846,2024-05-22,Completed
O003677,C00211,2024-04-06,Completed
O003678,C00062,2024-08-02,Completed
O003679,C00984,2024-06-28,Completed
O003680,C01007,2025-09-17,Completed
O003681,C00064,2024-08-18,Completed
O003682,C00221,2025-11-06,Completed
O003683,C00201,2025-08-19,Completed
O003684,C00512,2024-02-25,Completed
O003685,C00816,2024-12-03,Completed
O003686,C01035,2024-08-31,Completed
O003687,C00504,2025-02-13,Completed
O003688,C00342,2024-05-17,Completed
O003689,C00049,2024-05-14,Completed
O003690,C00525,2024-11-23,Completed
O003691,C00895,2024-12-17,Completed
O003692,C00070,2025-12-25,Completed
O003693,C00747,2025-08-28,Completed
O003694,C00942,2024-02-01,Completed
O003695,C00840,2024-02-05,Completed
O003696,C00060,2024-08-16,Cancelled
O003697,C00875,2025-02-09,Completed
O003698,C00458,2024-10-29,Completed
O003699,C00207,2025-08-16,Completed
O003700,C01005,2024-10-20,Completed
O003701,C00500,2024-03-18,Completed
O003702,C01091,2025-05-22,Completed
O003703,C01060,2025-05-29,Completed
O003704,C00194,2024-05-19,Cancelled
O003705,C00100,2025-12-03,Completed
O003706,C00186,2024-10-27,Completed
O003707,C00114,2024-02-05,Completed
O003708,C00475,2025-10-07,Completed
O003709,C00067,2025-07-21,Completed
O003710,C01179,2025-01-22,Completed
O003711,C01110,2025-10-14,Completed
O003712,C00724,2025-09-07,Completed
O003713,C00075,2025-11-30,Completed
O003714,C00075,2025-10-09,Completed
O003715,C00656,2024-03-13,Completed
O003716,C01094,2025-04-17,Completed
O003717,C01165,2025-11-11,Completed
O003718,C00783,2024-09-05,Completed
O003719,C00963,2025-06-05,Completed
O003720,C00927,2025-05-20,Completed
O003721,C01145,2025-07-19,Completed
O003722,C00897,2024-10-03,Completed
O003723,C00856,2024-01-14,Completed
O003724,C00967,2025-11-09,Cancelled
O003725,C00578,2025-08-13,Completed
O003726,C00469,2025-04-08,Completed
O003727,C00609,2025-11-25,Completed
O003728,C01175,2024-02-19,Completed
O003729,C00512,2024-08-25,Completed
O003730,C00862,2025-05-21,Returned
O003731,C00019,2025-09-15,Completed
O003732,C00663,2025-12-20,Completed
O003733,C00705,2025-01-20,Completed
O003734,C00309,2024-09-07,Completed
O003735,C00274,2025-02-16,Completed
O003736,C00298,2025-04-20,Completed
O003737,C00330,2025-12-05,Completed
O003738,C00369,2024-08-08,Completed
O003739,C00572,2025-04-25,Completed
O003740,C00388,2024-05-05,Completed
O003741,C00185,2025-12-30,Cancelled
O003742,C01188,2024-09-13,Completed
O003743,C00754,2024-10-11,Completed
O003744,C00490,2024-03-28,Completed
O003745,C00461,2024-01-29,Completed
O003746,C01120,2025-01-24,Completed
O003747,C00895,2025-10-31,Completed
O003748,C00123,2025-06-21,Completed
O003749,C01103,2024-06-28,Completed
O003750,C00593,2025-02-08,Completed
O003751,C00808,2024-06-04,Completed
O003752,C00830,2024-11-15,Completed
O003753,C00166,2025-10-08,Completed
O003754,C00195,2024-03-03,Completed
O003755,C00562,2025-01-06,Completed
O003756,C00679,2025-04-09,Completed
O003757,C00875,2024-03-22,Completed
O003758,C00013,2024-10-30,Completed
O003759,C00688,2024-07-23,Completed
O003760,C00640,2024-10-11,Completed
O003761,C01115,2024-10-21,Completed
O003762,C00716,2024-02-27,Completed
O003763,C00157,2024-03-10,Completed
O003764,C01057,2025-01-18,Completed
O003765,C00063,2025-03-11,Completed
O003766,C00456,2025-11-03,Completed
O003767,C01178,2024-11-20,Completed
O003768,C01186,2024-07-01,Completed
O003769,C01043,2025-08-23,Completed
O003770,C00855,2025-09-13,Completed
O003771,C00117,2025-05-03,Completed
O003772,C00345,2025-05-13,Completed
O003773,C00577,2024-10-29,Completed
O003774,C00317,2025-07-29,Completed
O003775,C01140,2025-02-25,Completed
O003776,C00558,2025-11-18,Completed
O003777,C00257,2024-08-04,Completed
O003778,C00519,2024-10-22,Completed
O003779,C00515,2024-01-11,Completed
O003780,C00675,2025-11-21,Cancelled
O003781,C00449,2025-02-07,Completed
O003782,C00963,2024-09-26,Completed
O003783,C00894,2025-06-13,Completed
O003784,C01200,2025-10-02,Completed
O003785,C00240,2025-02-15,Completed
O003786,C00882,2025-03-04,Completed
O003787,C01134,2024-03-09,Completed
O003788,C01056,2024-08-23,Completed
O003789,C00733,2024-09-03,Completed
O003790,C00086,2025-06-18,Completed
O003791,C00624,2025-04-11,Returned
O003792,C00921,2025-04-19,Completed
O003793,C00798,2024-12-10,Completed
O003794,C00823,2025-07-08,Completed
O003795,C01018,2024-11-17,Completed
O003796,C00214,2025-12-02,Completed
O003797,C00207,2025-01-31,Completed
O003798,C00541,2025-07-04,Completed
O003799,C00298,2025-01-29,Completed
O003800,C00241,2024-06-19,Completed
O003801,C01193,2024-03-06,Completed
O003802,C01148,2024-12-08,Completed
O003803,C00570,2024-08-07,Completed
O003804,C00045,2025-05-19,Completed
O003805,C00196,2024-10-04,Completed
O003806,C00075,2025-03-31,Completed
O003807,C00252,2024-02-22,Completed
O003808,C00996,2024-06-11,Completed
O003809,C00626,2024-06-06,Completed
O003810,C00995,2025-08-12,Completed
O003811,C00984,2025-12-07,Completed
O003812,C00751,2025-06-04,Completed
O003813,C00992,2024-03-09,Cancelled
O003814,C00881,2025-12-10,Completed
O003815,C00219,2025-05-01,Completed
O003816,C00324,2024-12-24,Completed
O003817,C00722,2024-05-31,Completed
O003818,C00841,2024-10-29,Completed
O003819,C00207,2025-05-13,Completed
O003820,C00071,2024-05-27,Completed
O003821,C00476,2025-08-11,Completed
O003822,C00111,2024-10-16,Completed
O003823,C00893,2025-09-27,Completed
O003824,C00133,2024-08-31,Completed
O003825,C00885,2025-01-28,Completed
O003826,C00367,2024-10-11,Completed
O003827,C01127,2025-11-12,Completed
O003828,C00928,2024-08-17,Completed
O003829,C01143,2025-10-31,Completed
O003830,C00838,2024-04-22,Completed
O003831,C00749,2025-05-24,Completed
O003832,C01194,2025-12-16,Completed
O003833,C00818,2024-09-09,Completed
O003834,C00709,2024-03-05,Completed
O003835,C00744,2024-03-18,Completed
O003836,C00686,2024-08-11,Completed
O003837,C00327,2024-04-24,Completed
O003838,C00772,2024-03-19,Completed
O003839,C00921,2024-02-10,Completed
O003840,C00344,2025-08-19,Completed
O003841,C01138,2025-09-07,Completed
O003842,C00245,2024-05-19,Completed
O003843,C01068,2024-01-19,Completed
O003844,C01041,2024-02-12,Completed
O003845,C00052,2024-12-14,Returned
O003846,C00454,2024-12-15,Cancelled
O003847,C00378,2024-04-18,Completed
O003848,C00918,2025-03-08,Completed
O003849,C00711,2025-08-02,Completed
O003850,C00548,2025-09-28,Completed
O003851,C00154,2024-06-25,Completed
O003852,C00246,2025-03-05,Completed
O003853,C01177,2025-09-30,Completed
O003854,C00812,2024-10-24,Completed
O003855,C01155,2024-11-26,Completed
O003856,C01002,2025-01-29,Completed
O003857,C01115,2025-02-10,Completed
O003858,C00450,2025-01-12,Completed
O003859,C01045,2024-05-07,Completed
O003860,C00402,2024-07-01,Completed
O003861,C00963,2024-12-14,Completed
O003862,C00706,2024-12-13,Completed
O003863,C00275,2025-06-10,Completed
O003864,C01171,2024-10-20,Completed
O003865,C00196,2025-10-19,Completed
O003866,C00382,2024-09-01,Completed
O003867,C00875,2025-04-24,Completed
O003868,C00964,2025-05-08,Completed
O003869,C00163,2025-11-08,Completed
O003870,C00506,2025-04-24,Completed
O003871,C01119,2025-04-02,Completed
O003872,C00579,2024-05-25,Completed
O003873,C00275,2024-09-27,Completed
O003874,C01068,2025-06-22,Completed
O003875,C01078,2024-11-12,Completed
O003876,C00472,2025-08-19,Completed
O003877,C00585,2025-04-18,Completed
O003878,C00916,2025-05-01,Completed
O003879,C01078,2024-12-14,Completed
O003880,C00167,2025-03-05,Completed
O003881,C00140,2025-06-16,Returned
O003882,C00461,2025-08-10,Completed
O003883,C01148,2024-12-09,Completed
O003884,C00106,2024-03-30,Completed
O003885,C01035,2025-08-20,Completed
O003886,C00981,2025-07-21,Completed
O003887,C00091,2025-07-17,Completed
O003888,C00524,2024-07-01,Completed
O003889,C01001,2024-11-27,Completed
O003890,C00088,2025-08-01,Completed
O003891,C01048,2024-01-09,Completed
O003892,C00991,2024-07-06,Completed
O003893,C00808,2025-03-09,Completed
O003894,C00255,2025-08-23,Completed
O003895,C00476,2025-03-18,Completed
O003896,C00686,2025-06-28,Completed
O003897,C00614,2025-12-26,Completed
O003898,C00374,2025-06-06,Completed
O003899,C00805,2025-12-25,Returned
O003900,C00185,2025-04-15,Completed
O003901,C00714,2024-07-20,Completed
O003902,C01148,2024-04-05,Completed
O003903,C00851,2025-11-25,Cancelled
O003904,C00420,2025-11-03,Completed
O003905,C00079,2025-08-20,Completed
O003906,C00034,2024-03-04,Completed
O003907,C00111,2025-01-02,Completed
O003908,C00114,2024-11-03,Completed
O003909,C00401,2025-12-05,Completed
O003910,C00335,2025-09-01,Completed
O003911,C00076,2025-04-30,Completed
O003912,C00197,2024-11-29,Completed
O003913,C01176,2024-09-10,Completed
O003914,C00041,2024-06-09,Completed
O003915,C00172,2025-12-10,Completed
O003916,C00130,2025-08-27,Completed
O003917,C01143,2025-09-06,Completed
O003918,C01120,2024-11-26,Completed
O003919,C00364,2025-09-14,Cancelled
O003920,C00398,2024-12-25,Completed
O003921,C00635,2025-05-25,Completed
O003922,C00310,2025-06-16,Completed
O003923,C00101,2025-07-06,Completed
O003924,C00694,2025-07-09,Completed
O003925,C01152,2025-10-19,Completed
O003926,C00435,2025-04-02,Completed
O003927,C00677,2024-09-05,Cancelled
O003928,C01176,2025-02-22,Returned
O003929,C00303,2024-06-08,Completed
O003930,C01126,2025-10-16,Completed
O003931,C00338,2024-04-28,Completed
O003932,C00970,2024-05-13,Completed
O003933,C01155,2025-03-13,Completed
O003934,C00924,2024-08-29,Returned
O003935,C00236,2025-09-13,Completed
O003936,C00420,2025-09-20,Completed
O003937,C00710,2025-11-01,Completed
O003938,C00538,2024-09-27,Cancelled
O003939,C00514,2025-05-03,Completed
O003940,C00291,2024-08-15,Completed
O003941,C00167,2025-07-15,Completed
O003942,C00384,2025-08-31,Completed
O003943,C00778,2024-11-25,Completed
O003944,C01171,2024-08-17,Completed
O003945,C00114,2025-02-20,Completed
O003946,C00755,2025-09-19,Cancelled
O003947,C01110,2024-01-21,Completed
O003948,C01131,2024-05-29,Completed
O003949,C00450,2025-08-17,Completed
O003950,C01024,2025-11-04,Completed
O003951,C00114,2025-12-03,Completed
O003952,C00288,2025-09-07,Completed
O003953,C00373,2025-12-07,Cancelled
O003954,C00033,2024-12-06,Completed
O003955,C00906,2024-06-17,Completed
O003956,C01133,2025-04-16,Completed
O003957,C00978,2024-05-25,Completed
O003958,C00929,2025-12-15,Returned
O003959,C00838,2025-09-12,Completed
O003960,C00651,2025-02-01,Completed
O003961,C01067,2024-12-07,Completed
O003962,C01175,2024-06-23,Completed
O003963,C00873,2025-12-06,Completed
O003964,C00442,2024-02-04,Completed
O003965,C00871,2025-06-12,Cancelled
O003966,C00095,2025-02-12,Completed
O003967,C00670,2024-10-24,Completed
O003968,C00906,2025-05-07,Completed
O003969,C00367,2024-12-02,Completed
O003970,C00667,2025-06-25,Completed
O003971,C00737,2025-04-28,Completed
O003972,C00234,2024-01-17,Completed
O003973,C00621,2025-08-16,Completed
O003974,C00235,2024-03-29,Completed
O003975,C00565,2025-03-27,Completed
O003976,C00070,2025-10-18,Completed
O003977,C01169,2025-09-29,Completed
O003978,C01037,2024-02-11,Cancelled
O003979,C00446,2025-02-17,Completed
O003980,C01045,2024-04-09,Completed
O003981,C00377,2024-09-23,Completed
O003982,C00508,2025-11-18,Completed
O003983,C01127,2025-07-10,Completed
O003984,C01179,2025-01-20,Completed
O003985,C00029,2025-08-27,Completed
O003986,C01093,2025-07-28,Completed
O003987,C00517,2024-11-29,Completed
O003988,C00716,2024-08-12,Completed
O003989,C00809,2024-06-25,Completed
O003990,C00727,2025-05-25,Completed
O003991,C01156,2025-10-25,Completed
O003992,C00869,2024-02-07,Completed
O003993,C00543,2024-09-15,Completed
O003994,C01025,2025-10-10,Completed
O003995,C00449,2025-04-19,Completed
O003996,C00277,2024-01-22,Completed
O003997,C00356,2025-05-01,Completed
O003998,C00248,2024-11-14,Completed
O003999,C00318,2024-11-29,Completed
O004000,C00181,2024-07-31,Completed
O004001,C00742,2024-05-24,Completed
O004002,C01031,2025-10-15,Completed
O004003,C00067,2025-12-09,Completed
O004004,C00925,2024-09-10,Completed
O004005,C00254,2025-08-17,Completed
O004006,C00938,2024-10-28,Completed
O004007,C00398,2024-03-15,Completed
O004008,C00826,2025-02-22,Completed
O004009,C00900,2025-10-23,Completed
O004010,C00991,2025-04-05,Completed
O004011,C01136,2025-11-27,Completed
O004012,C00197,2025-06-08,Completed
O004013,C01102,2024-02-29,Completed
O004014,C00566,2025-11-15,Completed
O004015,C00178,2024-11-21,Completed
O004016,C00026,2025-05-27,Completed
O004017,C00594,2025-02-10,Completed
O004018,C00294,2024-11-14,Completed
O004019,C00215,2025-10-15,Completed
O004020,C00593,2024-02-03,Completed
O004021,C01156,2025-09-18,Completed
O004022,C00102,2025-06-30,Completed
O004023,C00233,2024-10-24,Completed
O004024,C00318,2024-01-27,Cancelled
O004025,C00363,2025-02-11,Completed
O004026,C01052,2024-11-30,Completed
O004027,C00474,2024-06-21,Completed
O004028,C00425,2024-06-26,Completed
O004029,C00608,2025-08-29,Completed
O004030,C00175,2025-06-02,Completed
O004031,C01176,2024-06-26,Completed
O004032,C01072,2024-09-04,Completed
O004033,C00689,2025-07-11,Completed
O004034,C00065,2025-09-23,Completed
O004035,C01025,2024-01-03,Completed
O004036,C00862,2025-08-17,Completed
O004037,C00064,2024-04-02,Completed
O004038,C00357,2025-01-27,Completed
O004039,C00817,2024-08-20,Completed
O004040,C00016,2024-03-06,Completed
O004041,C00226,2025-09-10,Completed
O004042,C00682,2025-02-26,Completed
O004043,C00967,2025-03-18,Completed
O004044,C00058,2024-06-02,Completed
O004045,C00868,2024-01-23,Completed
O004046,C00167,2025-11-11,Completed
O004047,C00393,2024-06-03,Completed
O004048,C00713,2024-06-16,Completed
O004049,C01071,2025-10-01,Completed
O004050,C00978,2024-04-18,Completed
O004051,C00445,2024-03-17,Cancelled
O004052,C00840,2025-02-15,Completed
O004053,C01112,2024-12-26,Completed
O004054,C00183,2025-04-17,Completed
O004055,C00213,2025-11-19,Completed
O004056,C01070,2025-10-08,Completed
O004057,C00652,2025-04-26,Completed
O004058,C00650,2024-10-24,Completed
O004059,C00154,2024-05-05,Completed
O004060,C00621,2025-11-07,Completed
O004061,C00894,2024-05-27,Completed
O004062,C00259,2024-03-16,Completed
O004063,C00713,2024-04-10,Completed
O004064,C00866,2025-02-04,Completed
O004065,C00527,2024-11-28,Completed
O004066,C00590,2024-04-15,Completed
O004067,C00496,2025-10-09,Completed
O004068,C00658,2025-04-08,Completed
O004069,C00466,2024-01-15,Completed
O004070,C00488,2024-09-30,Completed
O004071,C00979,2024-02-05,Completed
O004072,C00157,2025-11-12,Completed
O004073,C00170,2024-04-28,Completed
O004074,C00735,2024-06-22,Completed
O004075,C00067,2025-09-05,Completed
O004076,C00353,2024-10-21,Completed
O004077,C00781,2024-06-30,Completed
O004078,C00111,2025-02-07,Completed
O004079,C00242,2025-04-16,Cancelled
O004080,C00329,2024-08-02,Completed
O004081,C00281,2024-12-20,Completed
O004082,C00944,2025-12-17,Completed
O004083,C00369,2024-04-13,Completed
O004084,C00380,2024-02-05,Completed
O004085,C01041,2025-04-11,Completed
O004086,C00676,2024-08-19,Cancelled
O004087,C00459,2025-02-08,Completed
O004088,C00865,2025-11-28,Completed
O004089,C00657,2024-04-16,Completed
O004090,C00533,2025-02-18,Returned
O004091,C00591,2025-12-29,Completed
O004092,C00259,2024-07-04,Completed
O004093,C00511,2025-06-20,Completed
O004094,C00510,2025-05-06,Completed
O004095,C00348,2024-05-06,Completed
O004096,C00219,2025-10-01,Completed
O004097,C00570,2025-10-27,Completed
O004098,C00546,2025-02-09,Completed
O004099,C00477,2024-12-30,Completed
O004100,C00367,2025-08-01,Completed
O004101,C00280,2025-07-01,Completed
O004102,C00726,2024-08-12,Completed
O004103,C01011,2024-03-03,Completed
O004104,C00883,2025-12-14,Completed
O004105,C00452,2024-01-27,Completed
O004106,C00999,2025-05-19,Completed
O004107,C00588,2025-01-14,Completed
O004108,C00374,2024-10-03,Completed
O004109,C00658,2024-03-03,Completed
O004110,C00246,2024-05-12,Completed
O004111,C00977,2025-07-15,Completed
O004112,C00849,2025-07-06,Completed
O004113,C00163,2025-04-02,Completed
O004114,C00992,2024-10-14,Completed
O004115,C00498,2024-02-06,Cancelled
O004116,C00161,2024-11-06,Completed
O004117,C00981,2024-01-20,Completed
O004118,C00028,2024-02-11,Completed
O004119,C00735,2024-09-14,Completed
O004120,C00719,2024-06-23,Completed
O004121,C00291,2024-10-15,Completed
O004122,C00395,2025-06-27,Completed
O004123,C00219,2025-01-28,Completed
O004124,C00223,2024-12-12,Cancelled
O004125,C00887,2025-12-01,Completed
O004126,C00469,2024-06-09,Completed
O004127,C00333,2025-01-05,Completed
O004128,C00859,2024-10-16,Completed
O004129,C00138,2024-03-31,Completed
O004130,C00322,2025-08-15,Completed
O004131,C01179,2024-11-09,Completed
O004132,C01115,2024-09-18,Completed
O004133,C00593,2025-07-27,Completed
O004134,C00978,2025-03-04,Completed
O004135,C01102,2025-04-10,Completed
O004136,C00905,2025-03-21,Completed
O004137,C00247,2025-09-07,Completed
O004138,C00432,2024-04-25,Completed
O004139,C00768,2025-10-30,Completed
O004140,C00621,2024-10-11,Completed
O004141,C00923,2025-04-24,Cancelled
O004142,C00038,2025-12-14,Completed
O004143,C01103,2024-11-24,Completed
O004144,C00444,2025-05-17,Completed
O004145,C00840,2024-08-03,Completed
O004146,C00684,2024-01-28,Returned
O004147,C00293,2025-05-01,Completed
O004148,C00124,2025-07-22,Completed
O004149,C00874,2025-02-16,Completed
O004150,C00952,2025-03-21,Completed
O004151,C00585,2024-07-20,Completed
O004152,C00816,2024-04-15,Completed
O004153,C01077,2024-09-19,Completed
O004154,C00798,2024-07-16,Cancelled
O004155,C00703,2025-09-13,Completed
O004156,C00875,2025-09-19,Completed
O004157,C00110,2025-05-04,Completed
O004158,C00631,2025-08-16,Completed
O004159,C00365,2025-03-18,Completed
O004160,C01183,2025-10-16,Completed
O004161,C00862,2024-09-26,Completed
O004162,C00947,2025-09-05,Completed
O004163,C00197,2024-03-25,Completed
O004164,C00122,2025-01-11,Completed
O004165,C01176,2024-10-24,Completed
O004166,C00588,2024-06-11,Completed
O004167,C00495,2024-11-09,Completed
O004168,C00368,2025-04-04,Completed
O004169,C01179,2024-07-28,Completed
O004170,C00870,2025-03-30,Completed
O004171,C00626,2025-11-22,Completed
O004172,C00999,2025-08-26,Completed
O004173,C01079,2025-03-22,Completed
O004174,C00171,2024-02-23,Completed
O004175,C00781,2024-11-17,Completed
O004176,C00042,2024-09-27,Completed
O004177,C00369,2025-03-08,Completed
O004178,C00062,2024-03-21,Completed
O004179,C00663,2025-06-07,Completed
O004180,C00118,2025-12-12,Completed
O004181,C00737,2025-02-28,Cancelled
O004182,C00912,2024-08-06,Completed
O004183,C00091,2024-03-26,Completed
O004184,C00324,2024-06-12,Cancelled
O004185,C00874,2025-02-16,Completed
O004186,C00132,2025-07-24,Completed
O004187,C00695,2024-02-23,Completed
O004188,C00231,2025-08-08,Cancelled
O004189,C00310,2025-05-08,Completed
O004190,C00896,2025-03-03,Completed
O004191,C00681,2025-01-20,Completed
O004192,C00535,2024-02-28,Completed
O004193,C01062,2024-06-12,Completed
O004194,C00784,2024-02-26,Completed
O004195,C00726,2025-05-16,Completed
O004196,C00668,2024-02-17,Completed
O004197,C00297,2025-02-18,Completed
O004198,C00673,2024-05-06,Completed
O004199,C00910,2024-02-14,Completed
O004200,C01035,2024-04-29,Completed
O004201,C00543,2024-08-13,Completed
O004202,C00958,2025-02-04,Completed
O004203,C00941,2024-03-26,Completed
O004204,C00937,2024-12-22,Completed
O004205,C00012,2025-04-04,Cancelled
O004206,C00211,2025-06-26,Completed
O004207,C00477,2024-11-02,Completed
O004208,C00310,2024-04-23,Completed
O004209,C00866,2025-04-19,Cancelled
O004210,C01181,2024-04-14,Completed
O004211,C00801,2025-08-28,Completed
O004212,C00701,2025-02-18,Completed
O004213,C00030,2025-07-26,Completed
O004214,C00144,2025-02-17,Completed
O004215,C00494,2025-04-13,Completed
O004216,C00893,2025-12-23,Completed
O004217,C00770,2025-06-09,Completed
O004218,C00794,2025-09-21,Completed
O004219,C01145,2025-05-24,Cancelled
O004220,C00010,2025-03-23,Completed
O004221,C01155,2024-08-24,Cancelled
O004222,C01093,2025-09-15,Completed
O004223,C00105,2025-10-12,Completed
O004224,C00539,2025-04-26,Completed
O004225,C00755,2024-04-26,Returned
O004226,C00103,2024-05-01,Completed
O004227,C01111,2025-06-04,Completed
O004228,C01027,2024-11-29,Completed
O004229,C01099,2025-01-04,Completed
O004230,C01133,2025-06-06,Completed
O004231,C00247,2025-06-27,Completed
O004232,C00593,2024-04-14,Completed
O004233,C00436,2024-08-09,Completed
O004234,C00784,2025-07-29,Completed
O004235,C00418,2025-09-09,Completed
O004236,C00178,2024-05-20,Completed
O004237,C00589,2024-07-13,Completed
O004238,C00400,2024-03-27,Completed
O004239,C01113,2025-08-20,Completed
O004240,C00221,2025-06-30,Completed
O004241,C00095,2024-05-11,Completed
O004242,C00455,2025-12-09,Completed
O004243,C00665,2024-01-28,Completed
O004244,C00892,2025-01-23,Completed
O004245,C00313,2025-02-02,Completed
O004246,C00858,2025-03-12,Completed
O004247,C01137,2025-06-22,Returned
O004248,C01156,2025-04-16,Completed
O004249,C00956,2025-01-05,Completed
O004250,C00848,2024-07-11,Completed
O004251,C00868,2025-07-11,Cancelled
O004252,C01033,2025-11-28,Completed
O004253,C00097,2024-11-15,Completed
O004254,C00773,2024-11-26,Completed
O004255,C00921,2025-09-03,Completed
O004256,C00907,2024-01-09,Completed
O004257,C01145,2024-01-05,Completed
O004258,C00557,2025-06-30,Completed
O004259,C00773,2025-12-09,Completed
O004260,C00865,2025-12-21,Completed
O004261,C00456,2025-10-17,Completed
O004262,C00685,2025-12-23,Cancelled
O004263,C01078,2025-06-24,Completed
O004264,C00656,2025-05-13,Completed
O004265,C00343,2024-05-02,Completed
O004266,C00403,2024-04-23,Completed
O004267,C00979,2025-02-22,Completed
O004268,C00903,2025-06-17,Completed
O004269,C00995,2025-06-07,Completed
O004270,C01152,2025-03-08,Completed
O004271,C00949,2024-06-14,Completed
O004272,C00214,2024-08-21,Completed
O004273,C00448,2024-08-30,Completed
O004274,C00518,2025-03-09,Completed
O004275,C01019,2024-10-02,Completed
O004276,C00163,2025-12-23,Completed
O004277,C00159,2024-06-01,Completed
O004278,C00889,2024-03-18,Completed
O004279,C00662,2024-11-12,Completed
O004280,C00197,2025-04-30,Completed
O004281,C00009,2025-10-24,Completed
O004282,C00405,2024-02-27,Completed
O004283,C00828,2024-03-08,Completed
O004284,C00834,2024-10-03,Completed
O004285,C00730,2024-03-03,Completed
O004286,C01126,2025-07-04,Completed
O004287,C01011,2024-11-20,Completed
O004288,C01085,2024-06-17,Completed
O004289,C00561,2024-08-24,Completed
O004290,C00589,2024-08-20,Completed
O004291,C01022,2025-12-10,Completed
O004292,C00968,2025-04-10,Completed
O004293,C01045,2024-08-04,Completed
O004294,C00923,2025-10-04,Completed
O004295,C01041,2024-06-18,Completed
O004296,C00249,2024-05-11,Completed
O004297,C00369,2024-10-18,Completed
O004298,C01155,2025-08-09,Completed
O004299,C00719,2025-01-22,Completed
O004300,C00588,2024-07-28,Cancelled
O004301,C00055,2025-06-10,Completed
O004302,C00599,2024-09-01,Completed
O004303,C00043,2025-04-28,Completed
O004304,C00632,2025-10-14,Completed
O004305,C00758,2024-01-29,Completed
O004306,C00789,2025-11-15,Completed
O004307,C00415,2024-05-13,Completed
O004308,C01006,2024-02-11,Completed
O004309,C01060,2025-05-25,Completed
O004310,C00891,2024-07-18,Completed
O004311,C00460,2025-06-03,Cancelled
O004312,C00301,2025-09-11,Completed
O004313,C00340,2025-05-08,Cancelled
O004314,C00740,2025-10-20,Completed
O004315,C00914,2025-08-10,Cancelled
O004316,C00612,2025-05-21,Completed
O004317,C00778,2025-01-04,Completed
O004318,C00089,2024-06-24,Completed
O004319,C01069,2025-11-17,Cancelled
O004320,C00864,2024-07-16,Completed
O004321,C01140,2025-04-23,Completed
O004322,C01056,2025-11-23,Completed
O004323,C00713,2024-06-16,Completed
O004324,C00199,2024-11-13,Completed
O004325,C00236,2025-08-30,Completed
O004326,C00788,2024-06-29,Completed
O004327,C00915,2025-11-11,Completed
O004328,C00012,2025-10-24,Completed
O004329,C00716,2024-03-31,Completed
O004330,C01089,2025-03-20,Completed
O004331,C00771,2024-01-10,Cancelled
O004332,C00804,2025-10-31,Completed
O004333,C00809,2025-01-06,Completed
O004334,C00044,2024-06-04,Completed
O004335,C00873,2025-12-20,Completed
O004336,C00857,2024-04-10,Completed
O004337,C00001,2025-05-17,Completed
O004338,C01186,2024-07-26,Completed
O004339,C00104,2025-03-18,Completed
O004340,C01181,2024-03-01,Completed
O004341,C00962,2025-03-29,Completed
O004342,C00100,2025-07-16,Completed
O004343,C01048,2024-08-12,Completed
O004344,C01034,2024-06-05,Completed
O004345,C01088,2025-02-05,Completed
O004346,C00480,2024-01-13,Completed
O004347,C00399,2024-08-09,Completed
O004348,C00327,2025-07-01,Completed
O004349,C00244,2025-10-18,Completed
O004350,C00571,2025-11-17,Completed
O004351,C01104,2024-03-28,Completed
O004352,C00747,2024-04-18,Completed
O004353,C00048,2024-01-27,Completed
O004354,C00123,2024-12-21,Completed
O004355,C00319,2025-05-21,Completed
O004356,C00044,2025-09-30,Completed
O004357,C00797,2024-04-08,Completed
O004358,C00103,2025-07-24,Cancelled
O004359,C01136,2024-06-06,Completed
O004360,C00992,2024-06-29,Completed
O004361,C00749,2024-03-07,Completed
O004362,C00365,2024-06-04,Completed
O004363,C00554,2025-08-26,Cancelled
O004364,C00744,2024-03-18,Completed
O004365,C00827,2024-08-25,Completed
O004366,C00339,2025-03-08,Completed
O004367,C00760,2024-09-27,Completed
O004368,C00494,2025-06-19,Completed
O004369,C00978,2025-02-19,Completed
O004370,C00755,2024-09-11,Completed
O004371,C00307,2025-11-28,Returned
O004372,C00297,2024-04-08,Completed
O004373,C00896,2024-06-18,Completed
O004374,C00668,2024-11-29,Completed
O004375,C00350,2025-09-19,Completed
O004376,C01064,2025-01-23,Completed
O004377,C00877,2024-06-10,Completed
O004378,C00124,2025-01-11,Completed
O004379,C00416,2025-12-24,Completed
O004380,C00616,2024-04-07,Completed
O004381,C00999,2024-04-01,Completed
O004382,C00682,2024-09-11,Completed
O004383,C00308,2025-11-01,Completed
O004384,C00677,2025-04-08,Completed
O004385,C00591,2024-12-06,Completed
O004386,C00421,2024-10-14,Completed
O004387,C01061,2024-02-28,Completed
O004388,C00415,2025-09-11,Completed
O004389,C01084,2024-07-23,Completed
O004390,C01193,2025-06-12,Returned
O004391,C00217,2024-02-28,Completed
O004392,C00361,2024-11-19,Completed
O004393,C01193,2025-11-22,Completed
O004394,C01054,2025-06-15,Cancelled
O004395,C00419,2025-12-21,Completed
O004396,C01040,2025-10-27,Completed
O004397,C01000,2024-05-17,Completed
O004398,C01145,2024-08-17,Completed
O004399,C01033,2024-02-26,Completed
O004400,C00096,2025-08-28,Returned
O004401,C00536,2024-06-29,Completed
O004402,C01077,2025-04-28,Completed
O004403,C00468,2024-04-17,Completed
O004404,C00035,2024-11-11,Completed
O004405,C01078,2025-07-11,Completed
O004406,C00929,2024-06-20,Completed
O004407,C01178,2024-12-18,Completed
O004408,C00348,2024-06-08,Completed
O004409,C01147,2024-04-03,Completed
O004410,C00568,2025-02-01,Completed
O004411,C00074,2025-04-21,Completed
O004412,C00420,2025-12-07,Completed
O004413,C00074,2024-11-15,Completed
O004414,C00744,2025-11-12,Completed
O004415,C00307,2024-10-27,Returned
O004416,C00860,2025-02-28,Completed
O004417,C00462,2025-11-07,Returned
O004418,C00291,2025-11-29,Completed
O004419,C00549,2025-02-04,Completed
O004420,C00796,2024-10-21,Completed
O004421,C00044,2024-05-23,Completed
O004422,C01070,2025-07-14,Cancelled
O004423,C00230,2025-05-13,Completed
O004424,C01185,2024-06-14,Completed
O004425,C01056,2025-10-04,Cancelled
O004426,C00292,2024-01-04,Completed
O004427,C00597,2024-05-26,Completed
O004428,C00132,2024-10-30,Completed
O004429,C00038,2025-03-12,Completed
O004430,C00277,2025-04-04,Completed
O004431,C00051,2025-08-02,Completed
O004432,C00239,2024-09-27,Completed
O004433,C00877,2024-01-14,Completed
O004434,C00386,2024-09-17,Completed
O004435,C00613,2024-03-11,Completed
O004436,C00920,2025-09-20,Completed
O004437,C00832,2025-09-25,Completed
O004438,C01113,2024-06-16,Completed
O004439,C00125,2025-01-26,Completed
O004440,C00983,2025-01-20,Completed
O004441,C00723,2024-02-29,Completed
O004442,C00627,2024-09-10,Completed
O004443,C00350,2025-06-10,Completed
O004444,C00220,2024-09-13,Completed
O004445,C01110,2025-02-23,Completed
O004446,C01084,2024-02-06,Completed
O004447,C00088,2024-12-12,Completed
O004448,C00973,2025-04-20,Completed
O004449,C00036,2024-12-02,Completed
O004450,C00601,2024-11-09,Completed
O004451,C00932,2025-03-20,Completed
O004452,C00764,2025-02-27,Completed
O004453,C00838,2024-08-20,Completed
O004454,C00391,2025-11-23,Completed
O004455,C00658,2025-11-30,Completed
O004456,C00479,2024-11-11,Completed
O004457,C00884,2024-02-04,Cancelled
O004458,C00487,2025-03-14,Completed
O004459,C00447,2024-03-18,Completed
O004460,C00987,2024-05-02,Completed
O004461,C00350,2024-01-26,Completed
O004462,C00469,2024-12-18,Completed
O004463,C00856,2024-11-08,Completed
O004464,C00039,2024-01-15,Completed
O004465,C00611,2025-07-14,Completed
O004466,C00021,2025-06-15,Completed
O004467,C00141,2025-06-04,Completed
O004468,C00583,2025-02-15,Completed
O004469,C00135,2025-04-23,Completed
O004470,C00161,2024-09-25,Completed
O004471,C00015,2024-11-08,Completed
O004472,C00568,2025-08-04,Completed
O004473,C01190,2024-07-08,Completed
O004474,C00197,2024-07-27,Completed
O004475,C00708,2024-07-31,Completed
O004476,C00070,2024-06-28,Completed
O004477,C00149,2025-04-29,Completed
O004478,C00967,2024-06-12,Completed
O004479,C00985,2025-07-03,Completed
O004480,C01107,2024-12-02,Completed
O004481,C00377,2025-04-03,Completed
O004482,C00864,2025-08-27,Completed
O004483,C00088,2025-03-25,Completed
O004484,C00176,2024-12-14,Completed
O004485,C01180,2024-10-13,Completed
O004486,C00159,2024-06-03,Completed
O004487,C01032,2024-12-03,Completed
O004488,C01140,2025-03-11,Completed
O004489,C00835,2024-01-26,Completed
O004490,C00598,2024-03-17,Completed
O004491,C00500,2025-11-22,Completed
O004492,C00987,2025-04-08,Completed
O004493,C00695,2025-06-01,Completed
O004494,C01051,2025-12-15,Completed
O004495,C00341,2024-07-13,Completed
O004496,C00319,2024-05-03,Returned
O004497,C00223,2024-01-04,Cancelled
O004498,C01041,2024-02-01,Completed
O004499,C00020,2025-06-08,Completed
O004500,C00847,2024-04-14,Completed
O004501,C01029,2024-07-30,Completed
O004502,C00623,2024-02-03,Completed
O004503,C00827,2025-01-17,Completed
O004504,C00146,2024-01-12,Completed
O004505,C00645,2025-05-05,Completed
O004506,C00884,2025-01-23,Completed
O004507,C00163,2025-03-27,Completed
O004508,C00768,2025-01-20,Completed
O004509,C00925,2024-12-02,Completed
O004510,C00856,2024-01-22,Completed
O004511,C00636,2025-09-14,Completed
O004512,C00075,2024-10-22,Completed
O004513,C00533,2024-12-07,Completed
O004514,C00324,2025-11-01,Completed
O004515,C00144,2025-12-03,Completed
O004516,C00084,2025-05-01,Completed
O004517,C00512,2024-02-28,Completed
O004518,C01080,2024-07-21,Completed
O004519,C00108,2024-10-18,Completed
O004520,C01188,2025-11-03,Completed
O004521,C00556,2025-09-07,Completed
O004522,C00643,2024-12-02,Completed
O004523,C00541,2025-11-17,Completed
O004524,C00569,2024-11-01,Completed
O004525,C00553,2025-07-13,Completed
O004526,C00476,2025-08-01,Cancelled
O004527,C00956,2024-10-12,Completed
O004528,C00704,2024-06-03,Completed
O004529,C01126,2025-05-01,Completed
O004530,C00504,2025-09-17,Completed
O004531,C01119,2024-06-21,Returned
O004532,C00763,2025-07-01,Completed
O004533,C00442,2025-09-07,Completed
O004534,C00189,2025-05-05,Completed
O004535,C00901,2025-06-24,Completed
O004536,C01094,2024-05-02,Completed
O004537,C00813,2025-01-10,Completed
O004538,C00641,2024-08-18,Completed
O004539,C00526,2025-07-30,Completed
O004540,C00779,2024-06-23,Completed
O004541,C00512,2024-09-17,Cancelled
O004542,C00334,2024-01-20,Completed
O004543,C00347,2024-08-11,Completed
O004544,C00935,2024-11-30,Completed
O004545,C01060,2025-03-03,Returned
O004546,C01169,2024-07-21,Completed
O004547,C00637,2024-06-07,Completed
O004548,C00849,2025-11-15,Cancelled
O004549,C00130,2025-10-13,Completed
O004550,C00742,2024-10-15,Completed
O004551,C00452,2025-07-08,Completed
O004552,C00235,2024-11-03,Completed
O004553,C00881,2024-05-08,Completed
O004554,C01047,2024-03-27,Completed
O004555,C00932,2024-12-07,Completed
O004556,C00949,2025-11-19,Completed
O004557,C00767,2025-12-16,Completed
O004558,C00122,2025-02-15,Completed
O004559,C00448,2025-10-16,Completed
O004560,C00647,2025-07-01,Completed
O004561,C00513,2024-10-04,Completed
O004562,C00432,2024-04-20,Completed
O004563,C00492,2024-10-05,Completed
O004564,C00747,2025-12-27,Completed
O004565,C00303,2025-06-01,Completed
O004566,C00450,2024-08-22,Completed
O004567,C00163,2025-07-06,Completed
O004568,C01085,2024-01-16,Completed
O004569,C00913,2025-06-14,Completed
O004570,C01071,2024-10-26,Completed
O004571,C00655,2025-11-26,Completed
O004572,C01095,2025-10-16,Completed
O004573,C00066,2025-11-11,Completed
O004574,C01199,2024-02-18,Completed
O004575,C00524,2024-10-02,Completed
O004576,C00001,2024-05-03,Completed
O004577,C00369,2025-09-17,Completed
O004578,C00888,2024-03-25,Returned
O004579,C00451,2024-12-20,Completed
O004580,C00052,2025-07-10,Completed
O004581,C01165,2024-02-17,Completed
O004582,C00482,2024-04-08,Completed
O004583,C00783,2024-09-15,Returned
O004584,C00486,2025-05-18,Completed
O004585,C00081,2024-03-02,Completed
O004586,C00215,2025-11-02,Completed
O004587,C00953,2025-10-15,Completed
O004588,C00044,2024-08-18,Completed
O004589,C00656,2025-10-10,Completed
O004590,C01196,2025-10-02,Completed
O004591,C01102,2024-01-05,Completed
O004592,C00949,2024-02-03,Completed
O004593,C00692,2024-09-25,Completed
O004594,C00596,2025-12-29,Completed
O004595,C00289,2025-10-11,Completed
O004596,C00184,2025-05-01,Completed
O004597,C00509,2024-01-30,Completed
O004598,C01056,2025-12-31,Completed
O004599,C00815,2024-11-22,Completed
O004600,C00002,2025-08-01,Completed
O004601,C00930,2025-03-01,Completed
O004602,C00809,2025-06-30,Completed
O004603,C00969,2024-08-28,Completed
O004604,C00598,2024-07-09,Completed
O004605,C01194,2025-08-06,Completed
O004606,C00182,2025-02-01,Completed
O004607,C00984,2024-01-31,Completed
O004608,C00158,2024-12-25,Completed
O004609,C00629,2025-05-14,Cancelled
O004610,C00188,2025-01-05,Completed
O004611,C00472,2025-06-01,Completed
O004612,C01188,2025-11-30,Returned
O004613,C00396,2024-01-28,Returned
O004614,C00410,2024-10-07,Completed
O004615,C00126,2025-12-10,Returned
O004616,C00583,2025-05-13,Completed
O004617,C00834,2024-10-19,Completed
O004618,C01082,2024-08-29,Completed
O004619,C00688,2024-04-16,Completed
O004620,C00640,2024-12-22,Completed
O004621,C01068,2024-04-08,Completed
O004622,C00214,2025-09-29,Completed
O004623,C00822,2025-06-12,Completed
O004624,C01134,2024-10-31,Completed
O004625,C00726,2025-03-26,Completed
O004626,C00852,2025-03-05,Completed
O004627,C00935,2025-03-22,Completed
O004628,C00262,2024-09-19,Completed
O004629,C01100,2024-05-01,Completed
O004630,C00509,2024-11-12,Completed
O004631,C00212,2025-10-22,Completed
O004632,C00163,2025-10-06,Completed
O004633,C00577,2025-07-27,Returned
O004634,C00216,2024-11-25,Completed
O004635,C00197,2025-11-28,Completed
O004636,C00029,2025-06-22,Completed
O004637,C01102,2025-09-01,Completed
O004638,C00536,2024-04-09,Completed
O004639,C00660,2024-05-09,Completed
O004640,C00488,2025-07-17,Completed
O004641,C00028,2025-07-21,Completed
O004642,C01048,2024-01-14,Completed
O004643,C00935,2025-07-04,Completed
O004644,C00126,2025-07-09,Completed
O004645,C00802,2024-06-20,Completed
O004646,C00139,2025-08-15,Returned
O004647,C00260,2025-04-10,Completed
O004648,C00317,2025-11-09,Completed
O004649,C00628,2025-08-20,Completed
O004650,C00182,2024-02-24,Completed
O004651,C00305,2025-06-11,Completed
O004652,C00200,2025-03-21,Completed
O004653,C00038,2025-12-15,Completed
O004654,C00610,2024-03-07,Completed
O004655,C01041,2025-09-21,Completed
O004656,C00248,2025-04-29,Completed
O004657,C00528,2024-02-13,Completed
O004658,C00815,2024-12-20,Completed
O004659,C00047,2024-12-30,Completed
O004660,C00431,2025-11-04,Completed
O004661,C00264,2024-12-04,Completed
O004662,C00870,2025-09-06,Completed
O004663,C00228,2024-05-10,Completed
O004664,C00585,2025-05-10,Completed
O004665,C01172,2025-12-10,Completed
O004666,C00993,2024-06-12,Completed
O004667,C00112,2025-12-03,Completed
O004668,C00061,2025-09-24,Completed
O004669,C00165,2025-06-01,Completed
O004670,C00316,2024-06-09,Completed
O004671,C00706,2025-04-12,Completed
O004672,C00285,2024-12-05,Completed
O004673,C00873,2025-01-28,Completed
O004674,C00543,2024-12-14,Completed
O004675,C00280,2025-08-22,Completed
O004676,C00638,2025-01-15,Completed
O004677,C00135,2025-06-19,Completed
O004678,C00714,2024-11-29,Completed
O004679,C00392,2024-09-09,Completed
O004680,C00947,2024-03-30,Completed
O004681,C00905,2025-12-14,Completed
O004682,C00541,2025-07-12,Completed
O004683,C00318,2025-03-25,Completed
O004684,C00556,2025-04-26,Completed
O004685,C01059,2025-06-30,Completed
O004686,C00941,2025-01-27,Completed
O004687,C00333,2024-03-09,Completed
O004688,C00397,2025-11-10,Completed
O004689,C00753,2025-07-04,Completed
O004690,C01062,2024-09-04,Completed
O004691,C00496,2024-12-22,Completed
O004692,C00536,2024-12-01,Completed
O004693,C01058,2024-02-27,Cancelled
O004694,C00159,2024-04-14,Completed
O004695,C00113,2024-06-06,Completed
O004696,C00092,2025-01-24,Completed
O004697,C00574,2025-11-27,Completed
O004698,C00769,2024-08-01,Completed
O004699,C01121,2025-11-10,Cancelled
O004700,C00738,2024-03-31,Completed
O004701,C00268,2025-10-27,Completed
O004702,C00639,2025-07-02,Completed
O004703,C00684,2024-10-21,Completed
O004704,C00655,2025-01-03,Completed
O004705,C00277,2025-04-29,Completed
O004706,C00858,2025-07-29,Completed
O004707,C00430,2025-09-19,Completed
O004708,C00708,2025-01-03,Completed
O004709,C00021,2024-11-07,Completed
O004710,C00080,2025-10-23,Completed
O004711,C00273,2024-06-16,Completed
O004712,C00126,2025-02-12,Completed
O004713,C00880,2025-07-31,Completed
O004714,C00187,2024-11-04,Returned
O004715,C01122,2025-02-11,Completed
O004716,C00270,2025-10-13,Completed
O004717,C00320,2024-06-23,Completed
O004718,C00115,2024-01-16,Completed
O004719,C00351,2025-07-11,Completed
O004720,C01001,2025-08-03,Completed
O004721,C00575,2025-12-14,Completed
O004722,C00931,2025-04-14,Completed
O004723,C00953,2024-02-10,Completed
O004724,C00385,2024-05-04,Completed
O004725,C00864,2024-03-11,Completed
O004726,C00932,2024-07-19,Completed
O004727,C00340,2024-07-09,Returned
O004728,C00692,2025-09-07,Returned
O004729,C00087,2025-12-04,Completed
O004730,C00329,2024-07-08,Completed
O004731,C00054,2025-06-18,Completed
O004732,C00714,2024-02-05,Completed
O004733,C01133,2024-08-27,Completed
O004734,C00045,2024-12-14,Completed
O004735,C01150,2025-05-08,Completed
O004736,C00708,2025-05-03,Completed
O004737,C00012,2025-05-08,Completed
O004738,C00611,2025-02-07,Completed
O004739,C00345,2025-09-26,Completed
O004740,C01139,2025-10-15,Completed
O004741,C00002,2024-06-25,Completed
O004742,C00542,2025-10-02,Completed
O004743,C00754,2024-12-29,Completed
O004744,C00866,2025-11-06,Completed
O004745,C00544,2024-02-20,Completed
O004746,C00350,2024-10-22,Completed
O004747,C00049,2025-03-16,Completed
O004748,C00426,2025-05-04,Completed
O004749,C00246,2024-02-14,Completed
O004750,C00507,2025-10-28,Cancelled
O004751,C00382,2024-06-16,Returned
O004752,C00910,2024-10-15,Completed
O004753,C00335,2025-06-02,Completed
O004754,C00224,2024-05-18,Completed
O004755,C00231,2025-06-05,Completed
O004756,C00127,2025-03-25,Completed
O004757,C00601,2025-08-06,Completed
O004758,C00849,2024-10-23,Completed
O004759,C00083,2025-11-18,Completed
O004760,C01070,2025-06-09,Completed
O004761,C00882,2025-03-31,Cancelled
O004762,C00148,2024-12-06,Completed
O004763,C00320,2024-03-07,Completed
O004764,C00686,2024-05-05,Completed
O004765,C00805,2024-04-17,Completed
O004766,C00383,2024-11-21,Completed
O004767,C01023,2024-03-17,Completed
O004768,C01118,2025-10-25,Returned
O004769,C00041,2025-07-15,Completed
O004770,C00481,2025-02-21,Completed
O004771,C00202,2025-12-23,Completed
O004772,C00926,2025-12-25,Completed
O004773,C00627,2024-03-19,Completed
O004774,C00393,2024-11-01,Completed
O004775,C00807,2025-03-23,Completed
O004776,C01159,2025-10-17,Completed
O004777,C01059,2024-08-27,Completed
O004778,C00276,2024-09-14,Cancelled
O004779,C00449,2024-07-14,Completed
O004780,C00113,2025-07-29,Completed
O004781,C00794,2025-10-20,Completed
O004782,C00667,2024-04-29,Completed
O004783,C00858,2025-08-23,Completed
O004784,C01136,2024-10-04,Completed
O004785,C00978,2025-02-04,Completed
O004786,C00855,2024-08-22,Completed
O004787,C00710,2024-02-15,Completed
O004788,C00055,2025-10-26,Completed
O004789,C00099,2025-12-09,Completed
O004790,C00160,2025-08-22,Completed
O004791,C00433,2025-03-03,Completed
O004792,C01197,2025-09-16,Cancelled
O004793,C00636,2025-09-17,Completed
O004794,C00030,2024-08-30,Completed
O004795,C00048,2025-12-10,Returned
O004796,C00913,2024-12-28,Completed
O004797,C00074,2024-07-21,Cancelled
O004798,C00880,2025-03-28,Completed
O004799,C01012,2024-10-18,Completed
O004800,C00183,2024-01-03,Completed
O004801,C01030,2024-06-04,Completed
O004802,C00020,2025-09-03,Completed
O004803,C01066,2025-07-01,Completed
O004804,C00812,2024-09-23,Completed
O004805,C00290,2024-05-08,Completed
O004806,C00369,2025-06-19,Completed
O004807,C00821,2024-09-13,Completed
O004808,C00563,2024-12-26,Completed
O004809,C00903,2025-02-24,Completed
O004810,C00904,2024-08-25,Completed
O004811,C00696,2024-08-16,Completed
O004812,C00447,2025-10-31,Completed
O004813,C00701,2024-06-09,Completed
O004814,C00650,2024-03-12,Completed
O004815,C00041,2025-01-22,Cancelled
O004816,C00636,2024-05-12,Completed
O004817,C00086,2025-10-05,Completed
O004818,C00407,2024-09-16,Completed
O004819,C00829,2024-12-04,Returned
O004820,C00158,2024-12-18,Completed
O004821,C00214,2025-09-24,Completed
O004822,C00871,2024-01-24,Completed
O004823,C00463,2024-09-01,Cancelled
O004824,C01081,2024-06-01,Completed
O004825,C01017,2025-07-27,Completed
O004826,C00630,2024-05-28,Completed
O004827,C01078,2024-05-16,Completed
O004828,C00114,2025-03-29,Completed
O004829,C00653,2025-05-10,Completed
O004830,C00552,2024-07-04,Returned
O004831,C00459,2024-06-02,Completed
O004832,C00321,2025-12-17,Completed
O004833,C00909,2025-06-24,Completed
O004834,C00140,2024-09-23,Completed
O004835,C00628,2024-01-27,Completed
O004836,C00671,2025-02-26,Completed
O004837,C01066,2024-09-12,Completed
O004838,C00926,2024-10-06,Completed
O004839,C00335,2025-03-04,Completed
O004840,C00742,2025-02-01,Completed
O004841,C00625,2025-08-21,Completed
O004842,C00734,2024-12-03,Completed
O004843,C00527,2024-09-23,Completed
O004844,C00023,2024-03-10,Cancelled
O004845,C00492,2025-06-07,Completed
O004846,C00546,2024-08-18,Completed
O004847,C00362,2024-10-14,Completed
O004848,C00618,2025-12-16,Completed
O004849,C00096,2025-07-06,Completed
O004850,C00340,2024-11-10,Completed
O004851,C01100,2024-03-28,Completed
O004852,C00775,2025-04-30,Completed
O004853,C00130,2024-10-25,Completed
O004854,C00871,2025-03-01,Completed
O004855,C01183,2025-10-20,Completed
O004856,C00369,2024-11-15,Completed
O004857,C00908,2024-04-04,Completed
O004858,C00759,2025-12-09,Completed
O004859,C00552,2024-05-11,Returned
O004860,C00645,2025-06-14,Returned
O004861,C00054,2025-03-21,Completed
O004862,C00610,2024-11-16,Completed
O004863,C00715,2024-11-26,Returned
O004864,C00329,2024-12-11,Cancelled
O004865,C01170,2025-04-04,Completed
O004866,C00739,2025-03-14,Completed
O004867,C00628,2025-01-14,Completed
O004868,C00482,2025-03-05,Completed
O004869,C00827,2024-07-17,Completed
O004870,C00048,2024-10-08,Completed
O004871,C00699,2024-02-21,Completed
O004872,C00244,2024-04-06,Completed
O004873,C01035,2024-07-15,Completed
O004874,C00753,2025-09-28,Completed
O004875,C01145,2024-03-03,Completed
O004876,C01067,2024-01-18,Completed
O004877,C00733,2025-05-20,Completed
O004878,C00705,2024-09-29,Completed
O004879,C00971,2025-09-01,Completed
O004880,C00097,2025-09-08,Completed
O004881,C00853,2024-11-20,Cancelled
O004882,C01111,2025-10-11,Completed
O004883,C00862,2025-06-16,Completed
O004884,C00598,2024-08-03,Completed
O004885,C00426,2024-05-09,Completed
O004886,C00367,2024-12-18,Cancelled
O004887,C01105,2024-01-18,Completed
O004888,C00844,2024-10-09,Completed
O004889,C00580,2024-02-02,Completed
O004890,C00408,2025-08-03,Completed
O004891,C00151,2025-12-11,Completed
O004892,C01040,2024-12-06,Completed
O004893,C01055,2025-11-24,Completed
O004894,C00665,2025-05-10,Completed
O004895,C00093,2024-07-15,Completed
O004896,C00315,2024-02-22,Completed
O004897,C00421,2025-12-09,Completed
O004898,C00387,2024-09-19,Returned
O004899,C00207,2024-09-05,Completed
O004900,C00224,2024-05-18,Completed
O004901,C00670,2024-09-11,Completed
O004902,C00319,2025-11-10,Cancelled
O004903,C00391,2025-11-08,Completed
O004904,C00884,2024-04-22,Completed
O004905,C00843,2024-03-19,Completed
O004906,C00124,2024-01-02,Completed
O004907,C00047,2024-05-05,Completed
O004908,C00952,2024-09-08,Completed
O004909,C00204,2024-10-27,Completed
O004910,C01035,2024-01-24,Completed
O004911,C00410,2025-06-08,Completed
O004912,C00332,2025-06-21,Completed
O004913,C00176,2024-01-27,Completed
O004914,C00764,2025-08-19,Completed
O004915,C00754,2024-06-20,Completed
O004916,C00197,2025-05-10,Completed
O004917,C00352,2025-08-03,Completed
O004918,C00218,2025-10-31,Completed
O004919,C00501,2024-04-19,Completed
O004920,C00135,2024-10-15,Completed
O004921,C00761,2024-12-09,Completed
O004922,C00260,2025-03-13,Completed
O004923,C00969,2025-09-19,Completed
O004924,C00890,2024-10-23,Completed
O004925,C00842,2025-06-02,Completed
O004926,C00579,2025-05-26,Completed
O004927,C00991,2024-01-09,Completed
O004928,C01168,2024-08-16,Completed
O004929,C00153,2025-03-17,Returned
O004930,C00082,2025-05-14,Completed
O004931,C00226,2024-04-30,Completed
O004932,C00241,2024-11-25,Completed
O004933,C01044,2025-07-04,Completed
O004934,C00423,2025-04-01,Completed
O004935,C00053,2025-06-15,Completed
O004936,C01020,2025-06-25,Completed
O004937,C00999,2024-09-23,Completed
O004938,C00420,2025-02-19,Completed
O004939,C00903,2025-10-22,Completed
O004940,C00948,2024-08-28,Completed
O004941,C01058,2025-06-16,Completed
O004942,C00568,2025-10-04,Completed
O004943,C00943,2025-09-07,Completed
O004944,C00633,2025-10-08,Completed
O004945,C00146,2025-05-11,Completed
O004946,C01177,2025-10-03,Completed
O004947,C00333,2024-11-30,Completed
O004948,C00728,2025-03-17,Completed
O004949,C00316,2024-01-25,Completed
O004950,C01170,2025-02-19,Completed
O004951,C00219,2024-10-12,Completed
O004952,C00069,2024-02-26,Completed
O004953,C00086,2025-02-10,Completed
O004954,C01108,2025-06-16,Completed
O004955,C00069,2025-11-24,Completed
O004956,C00844,2024-05-27,Completed
O004957,C00955,2024-11-18,Completed
O004958,C01072,2025-03-16,Completed
O004959,C00554,2024-07-01,Completed
O004960,C00933,2025-04-13,Completed
O004961,C00681,2025-06-02,Completed
O004962,C00965,2025-11-14,Completed
O004963,C00213,2024-03-06,Completed
O004964,C01189,2024-06-03,Cancelled
O004965,C00687,2024-02-15,Completed
O004966,C00818,2025-07-16,Completed
O004967,C00347,2025-03-04,Completed
O004968,C00961,2024-02-27,Completed
O004969,C00104,2024-06-01,Cancelled
O004970,C01003,2025-04-21,Completed
O004971,C00068,2024-12-04,Completed
O004972,C00487,2025-04-06,Completed
O004973,C01199,2025-08-30,Completed
O004974,C00828,2025-05-11,Completed
O004975,C00931,2024-07-01,Completed
O004976,C00291,2024-12-22,Completed
O004977,C00980,2025-02-03,Completed
O004978,C00746,2025-06-17,Completed
O004979,C01147,2024-08-09,Completed
O004980,C00231,2024-12-26,Completed
O004981,C00049,2025-07-09,Cancelled
O004982,C00294,2025-05-11,Returned
O004983,C00033,2024-10-14,Completed
O004984,C00455,2025-04-08,Completed
O004985,C00968,2024-10-22,Completed
O004986,C00360,2025-10-08,Completed
O004987,C00533,2024-06-10,Completed
O004988,C00810,2025-08-10,Completed
O004989,C01055,2024-03-28,Completed
O004990,C00155,2025-11-11,Completed
O004991,C00128,2024-09-26,Completed
O004992,C00301,2024-10-02,Completed
O004993,C00531,2024-05-19,Completed
O004994,C00992,2024-07-02,Completed
O004995,C00488,2024-05-29,Completed
O004996,C00520,2025-01-05,Completed
O004997,C00356,2024-10-30,Completed
O004998,C00699,2025-04-20,Completed
O004999,C00625,2025-05-05,Completed
O005000,C01175,2024-05-01,Completed
O005001,C00748,2024-02-25,Completed
O005002,C00862,2025-10-26,Completed
O005003,C00777,2025-02-26,Completed
O005004,C01172,2025-12-27,Completed
O005005,C00516,2024-06-07,Completed
O005006,C00246,2025-05-24,Completed
O005007,C00221,2025-08-27,Completed
O005008,C01181,2024-01-29,Cancelled
O005009,C00207,2024-02-02,Completed
O005010,C00422,2024-08-28,Completed
O005011,C00661,2024-03-30,Cancelled
O005012,C00604,2024-08-18,Completed
O005013,C00780,2024-08-23,Cancelled
O005014,C00175,2025-12-19,Completed
O005015,C01037,2024-06-19,Completed
O005016,C00289,2025-12-06,Completed
O005017,C00522,2024-12-15,Completed
O005018,C00205,2025-07-31,Completed
O005019,C00401,2024-04-19,Cancelled
O005020,C00411,2024-08-10,Cancelled
O005021,C00041,2025-05-10,Completed
O005022,C00768,2024-09-02,Completed
O005023,C00620,2024-01-01,Completed
O005024,C00289,2024-02-23,Completed
O005025,C00773,2025-03-30,Completed
O005026,C00240,2025-09-14,Completed
O005027,C00003,2024-09-23,Completed
O005028,C01109,2024-10-05,Completed
O005029,C00902,2025-03-04,Completed
O005030,C00127,2025-09-23,Completed
O005031,C01044,2024-12-04,Completed
O005032,C00238,2024-08-03,Completed
O005033,C00416,2025-01-02,Completed
O005034,C01050,2025-01-05,Completed
O005035,C00553,2024-08-20,Completed
O005036,C00238,2025-03-23,Completed
O005037,C00682,2024-12-21,Returned
O005038,C00690,2025-05-29,Completed
O005039,C00126,2025-09-13,Completed
O005040,C00915,2025-08-17,Completed
O005041,C00146,2024-12-30,Completed
O005042,C01127,2025-01-04,Completed
O005043,C00326,2025-11-16,Completed
O005044,C00946,2025-03-17,Completed
O005045,C01001,2024-11-24,Completed
O005046,C00202,2025-09-28,Completed
O005047,C00468,2024-10-14,Cancelled
O005048,C01023,2024-02-21,Completed
O005049,C00432,2025-09-25,Completed
O005050,C00192,2024-11-07,Completed
O005051,C00385,2025-12-11,Completed
O005052,C00984,2025-12-20,Completed
O005053,C00280,2025-01-26,Completed
O005054,C01143,2025-07-11,Completed
O005055,C00604,2024-04-01,Completed
O005056,C00522,2025-11-08,Completed
O005057,C01160,2024-09-05,Completed
O005058,C00992,2025-10-02,Returned
O005059,C00087,2025-12-21,Completed
O005060,C00035,2025-03-20,Completed
O005061,C01068,2024-04-26,Completed
O005062,C01110,2025-07-24,Completed
O005063,C00729,2025-04-05,Completed
O005064,C00554,2025-11-06,Completed
O005065,C00598,2025-04-07,Completed
O005066,C00035,2025-11-10,Completed
O005067,C00707,2025-09-29,Completed
O005068,C00049,2025-11-01,Completed
O005069,C00184,2024-01-26,Completed
O005070,C00444,2024-10-29,Completed
O005071,C00798,2025-02-04,Completed
O005072,C00679,2024-07-05,Completed
O005073,C00746,2025-11-25,Completed
O005074,C01126,2025-04-22,Completed
O005075,C00926,2025-04-12,Completed
O005076,C01085,2024-09-03,Completed
O005077,C00562,2024-04-18,Completed
O005078,C00139,2024-02-26,Returned
O005079,C00884,2024-08-07,Completed
O005080,C00434,2024-07-31,Completed
O005081,C00242,2024-06-17,Completed
O005082,C00712,2025-07-29,Completed
O005083,C01188,2024-06-24,Completed
O005084,C00612,2025-05-25,Completed
O005085,C00926,2025-07-22,Completed
O005086,C00663,2025-11-24,Completed
O005087,C01191,2025-02-27,Cancelled
O005088,C00006,2024-11-13,Completed
O005089,C01118,2024-02-18,Completed
O005090,C00799,2024-08-13,Completed
O005091,C00677,2024-01-01,Completed
O005092,C00226,2024-07-07,Completed
O005093,C00276,2025-05-19,Completed
O005094,C00602,2025-06-07,Completed
O005095,C00674,2024-10-09,Completed
O005096,C00679,2025-05-27,Completed
O005097,C00137,2025-03-19,Completed
O005098,C00696,2024-05-26,Completed
O005099,C00184,2025-05-23,Completed
O005100,C00868,2024-01-27,Completed
O005101,C00660,2025-09-11,Completed
O005102,C00127,2024-01-29,Completed
O005103,C00596,2025-01-01,Completed
O005104,C00334,2024-01-18,Completed
O005105,C01121,2025-03-29,Completed
O005106,C00686,2024-05-03,Completed
O005107,C00907,2025-08-16,Returned
O005108,C00433,2025-01-08,Completed
O005109,C01140,2024-07-28,Completed
O005110,C00328,2025-05-11,Completed
O005111,C00270,2024-05-19,Completed
O005112,C00043,2025-06-20,Completed
O005113,C00158,2025-11-04,Completed
O005114,C00535,2025-09-07,Completed
O005115,C00867,2024-07-24,Completed
O005116,C00498,2025-07-07,Completed
O005117,C00246,2024-08-24,Completed
O005118,C00545,2024-08-28,Completed
O005119,C00953,2024-04-10,Completed
O005120,C00084,2025-06-08,Completed
O005121,C00104,2025-06-03,Cancelled
O005122,C00602,2025-11-05,Completed
O005123,C01055,2025-07-29,Completed
O005124,C00035,2024-01-16,Completed
O005125,C00458,2025-10-03,Completed
O005126,C00528,2024-02-05,Completed
O005127,C00504,2024-12-21,Completed
O005128,C00097,2024-03-24,Completed
O005129,C00997,2025-09-23,Completed
O005130,C00018,2025-10-11,Completed
O005131,C00272,2024-10-01,Completed
O005132,C00313,2025-08-11,Completed
O005133,C00773,2025-07-08,Cancelled
O005134,C00730,2024-10-05,Completed
O005135,C00113,2024-10-22,Completed
O005136,C00004,2024-09-26,Completed
O005137,C00625,2025-03-06,Completed
O005138,C00650,2024-05-17,Completed
O005139,C00036,2025-07-27,Completed
O005140,C00895,2025-12-20,Completed
O005141,C00250,2025-01-05,Completed
O005142,C00650,2024-01-02,Completed
O005143,C00300,2024-02-14,Completed
O005144,C01141,2025-11-10,Completed
O005145,C00943,2025-01-09,Completed
O005146,C00757,2024-04-12,Completed
O005147,C00192,2025-06-24,Completed
O005148,C00372,2025-07-28,Completed
O005149,C00654,2024-12-13,Completed
O005150,C00930,2025-12-30,Completed
O005151,C01158,2025-11-22,Cancelled
O005152,C00066,2024-01-26,Completed
O005153,C00461,2024-04-24,Completed
O005154,C01057,2025-11-02,Completed
O005155,C01174,2024-01-30,Cancelled
O005156,C00343,2025-01-09,Completed
O005157,C01166,2025-05-30,Completed
O005158,C00903,2025-01-28,Completed
O005159,C00185,2025-08-02,Completed
O005160,C00219,2025-07-01,Completed
O005161,C00122,2024-04-29,Completed
O005162,C00966,2025-01-11,Completed
O005163,C01124,2024-10-03,Completed
O005164,C00750,2025-05-29,Completed
O005165,C00160,2025-07-02,Completed
O005166,C00192,2024-05-22,Completed
O005167,C00108,2024-06-06,Completed
O005168,C00931,2025-11-20,Completed
O005169,C00806,2024-12-10,Cancelled
O005170,C00725,2025-09-01,Cancelled
O005171,C00578,2024-06-11,Completed
O005172,C00895,2025-03-10,Completed
O005173,C00152,2025-05-19,Completed
O005174,C00341,2024-05-26,Completed
O005175,C00922,2025-06-29,Completed
O005176,C00816,2024-02-10,Completed
O005177,C00995,2024-08-15,Completed
O005178,C01160,2025-09-09,Completed
O005179,C00535,2024-08-06,Completed
O005180,C00055,2025-06-27,Completed
O005181,C00722,2025-05-29,Completed
O005182,C00990,2024-09-23,Completed
O005183,C00788,2025-06-26,Completed
O005184,C01082,2024-12-01,Completed
O005185,C00651,2024-08-26,Completed
O005186,C01070,2025-11-21,Completed
O005187,C00846,2025-05-08,Completed
O005188,C00018,2024-05-30,Completed
O005189,C00152,2025-07-26,Completed
O005190,C00504,2025-01-20,Completed
O005191,C00988,2024-06-10,Completed
O005192,C00794,2025-08-04,Completed
O005193,C01074,2025-08-28,Completed
O005194,C00389,2024-02-04,Completed
O005195,C00480,2025-05-02,Completed
O005196,C00347,2025-05-17,Completed
O005197,C00947,2024-02-26,Completed
O005198,C00816,2025-01-25,Completed
O005199,C01079,2024-12-12,Completed
O005200,C00272,2024-04-29,Completed
O005201,C00197,2024-02-06,Completed
O005202,C00949,2025-03-22,Completed
O005203,C00872,2024-08-22,Completed
O005204,C00277,2025-08-27,Cancelled
O005205,C00993,2024-01-21,Completed
O005206,C00800,2024-11-19,Completed
O005207,C01075,2024-02-21,Completed
O005208,C00350,2024-10-28,Completed
O005209,C00502,2025-01-18,Completed
O005210,C01031,2025-03-29,Completed
O005211,C00005,2024-06-07,Completed
O005212,C00267,2024-01-15,Completed
O005213,C00343,2024-07-01,Completed
O005214,C00613,2025-09-18,Completed
O005215,C00802,2025-04-04,Completed
O005216,C00890,2025-10-28,Completed
O005217,C01010,2024-05-05,Returned
O005218,C00527,2024-11-24,Completed
O005219,C00923,2024-04-23,Completed
O005220,C00434,2025-10-12,Completed
O005221,C00356,2025-04-24,Completed
O005222,C01024,2024-11-08,Completed
O005223,C00062,2024-01-29,Completed
O005224,C00669,2025-07-30,Completed
O005225,C00502,2024-08-11,Completed
O005226,C00851,2025-01-08,Completed
O005227,C01121,2024-01-01,Completed
O005228,C00150,2025-09-18,Completed
O005229,C00183,2024-04-27,Cancelled
O005230,C00142,2024-12-28,Completed
O005231,C01117,2025-04-18,Completed
O005232,C00900,2025-09-12,Completed
O005233,C00128,2024-02-01,Completed
O005234,C00593,2024-05-29,Completed
O005235,C00405,2024-06-17,Completed
O005236,C00940,2024-12-13,Completed
O005237,C00223,2024-09-29,Completed
O005238,C00408,2025-06-02,Completed
O005239,C01107,2025-09-01,Completed
O005240,C00274,2025-06-04,Cancelled
O005241,C01155,2025-07-23,Cancelled
O005242,C00055,2025-10-28,Cancelled
O005243,C00819,2024-05-01,Completed
O005244,C00065,2024-12-20,Completed
O005245,C00362,2024-08-08,Completed
O005246,C00018,2024-02-03,Completed
O005247,C00686,2025-11-05,Completed
O005248,C00447,2024-04-18,Completed
O005249,C00252,2024-08-14,Returned
O005250,C00843,2024-05-25,Completed
O005251,C01015,2025-07-14,Completed
O005252,C00714,2025-12-14,Completed
O005253,C00357,2024-12-04,Completed
O005254,C00882,2024-03-25,Completed
O005255,C01126,2025-03-06,Completed
O005256,C00456,2025-02-10,Completed
O005257,C00770,2025-09-22,Completed
O005258,C01158,2024-10-08,Completed
O005259,C00179,2024-11-23,Completed
O005260,C00257,2024-04-11,Completed
O005261,C00838,2024-09-12,Completed
O005262,C00726,2025-02-12,Completed
O005263,C00596,2025-06-07,Completed
O005264,C00408,2024-01-31,Completed
O005265,C01001,2025-04-25,Cancelled
O005266,C00710,2024-04-12,Completed
O005267,C00752,2024-08-15,Completed
O005268,C00383,2024-12-10,Completed
O005269,C00740,2025-12-29,Completed
O005270,C00840,2025-01-16,Completed
O005271,C00532,2024-03-06,Completed
O005272,C00401,2025-08-05,Completed
O005273,C00795,2024-02-21,Completed
O005274,C00442,2025-12-28,Completed
O005275,C00452,2025-07-26,Completed
O005276,C00264,2024-04-08,Completed
O005277,C00954,2025-01-05,Completed
O005278,C00257,2024-05-09,Completed
O005279,C01062,2025-09-21,Completed
O005280,C00165,2025-05-14,Cancelled
O005281,C00944,2024-10-23,Completed
O005282,C01002,2025-11-23,Cancelled
O005283,C00191,2025-06-15,Completed
O005284,C00692,2024-04-22,Completed
O005285,C00398,2025-02-27,Completed
O005286,C00589,2024-05-04,Completed
O005287,C00026,2025-12-31,Completed
O005288,C00236,2025-06-11,Completed
O005289,C01003,2025-04-27,Completed
O005290,C00134,2024-12-14,Completed
O005291,C01118,2025-12-22,Completed
O005292,C00879,2025-12-07,Completed
O005293,C00631,2024-03-29,Completed
O005294,C00179,2024-01-27,Completed
O005295,C00784,2025-01-10,Completed
O005296,C00863,2025-05-25,Completed
O005297,C01145,2024-09-14,Completed
O005298,C00113,2024-01-13,Completed
O005299,C00995,2024-07-21,Completed
O005300,C00198,2025-05-28,Cancelled
O005301,C01078,2025-07-16,Completed
O005302,C01007,2025-09-26,Completed
O005303,C00178,2025-04-14,Cancelled
O005304,C00770,2025-08-26,Completed
O005305,C00419,2024-05-16,Completed
O005306,C01076,2024-11-04,Completed
O005307,C00678,2024-03-02,Completed
O005308,C00457,2024-08-09,Completed
O005309,C00856,2025-12-06,Completed
O005310,C01162,2024-06-17,Completed
O005311,C01112,2025-03-30,Completed
O005312,C01006,2025-01-20,Completed
O005313,C00247,2024-12-18,Completed
O005314,C00743,2024-09-07,Returned
O005315,C00066,2025-06-16,Completed
O005316,C00573,2024-04-16,Returned
O005317,C01006,2024-09-11,Completed
O005318,C00129,2024-10-26,Completed
O005319,C00333,2024-03-17,Completed
O005320,C00364,2024-04-10,Completed
O005321,C01110,2024-05-16,Completed
O005322,C00691,2024-01-21,Completed
O005323,C00124,2025-11-09,Completed
O005324,C00352,2025-05-07,Completed
O005325,C00888,2025-06-03,Completed
O005326,C00949,2024-05-05,Completed
O005327,C00177,2025-05-19,Completed
O005328,C00899,2025-08-14,Completed
O005329,C00001,2025-12-17,Cancelled
O005330,C00082,2025-03-06,Returned
O005331,C00623,2025-09-07,Completed
O005332,C01191,2024-05-24,Completed
O005333,C00964,2025-01-10,Completed
O005334,C00858,2024-10-21,Completed
O005335,C00627,2024-09-01,Completed
O005336,C00909,2024-08-25,Completed
O005337,C00878,2024-01-03,Completed
O005338,C00125,2024-02-20,Completed
O005339,C00878,2024-10-06,Completed
O005340,C00501,2025-11-04,Completed
O005341,C01080,2025-04-01,Completed
O005342,C01085,2024-06-02,Completed
O005343,C00889,2025-07-05,Completed
O005344,C01005,2024-08-26,Completed
O005345,C00524,2025-09-03,Completed
O005346,C00118,2025-07-08,Completed
O005347,C00889,2024-07-08,Completed
O005348,C00469,2025-12-19,Completed
O005349,C00093,2025-01-02,Completed
O005350,C00467,2024-08-10,Completed
O005351,C00870,2024-06-10,Returned
O005352,C00495,2024-06-04,Completed
O005353,C00561,2025-09-12,Completed
O005354,C00044,2025-02-13,Completed
O005355,C01128,2024-12-22,Completed
O005356,C00662,2024-02-05,Completed
O005357,C00465,2025-06-04,Completed
O005358,C00879,2025-03-20,Completed
O005359,C00548,2025-09-23,Completed
O005360,C00560,2024-08-19,Completed
O005361,C00935,2024-05-25,Completed
O005362,C00776,2025-11-22,Completed
O005363,C00964,2025-12-10,Completed
O005364,C00734,2024-09-03,Completed
O005365,C00145,2024-06-07,Completed
O005366,C00750,2025-06-26,Completed
O005367,C00322,2024-05-27,Completed
O005368,C00375,2024-08-05,Completed
O005369,C00634,2024-10-13,Completed
O005370,C00766,2025-11-02,Completed
O005371,C00163,2024-11-20,Completed
O005372,C00716,2025-11-06,Completed
O005373,C00428,2025-02-25,Completed
O005374,C00232,2024-03-06,Completed
O005375,C00470,2025-06-27,Completed
O005376,C01064,2025-08-19,Completed
O005377,C00016,2025-10-19,Completed
O005378,C00736,2024-02-18,Completed
O005379,C01082,2025-08-03,Completed
O005380,C00557,2024-10-05,Cancelled
O005381,C00631,2025-04-15,Completed
O005382,C00627,2025-06-26,Completed
O005383,C00097,2025-01-15,Completed
O005384,C00802,2024-04-20,Completed
O005385,C00771,2025-03-19,Completed
O005386,C00764,2025-12-13,Completed
O005387,C00976,2025-08-09,Completed
O005388,C00999,2024-09-29,Completed
O005389,C00391,2024-11-29,Completed
O005390,C00794,2024-01-19,Completed
O005391,C00558,2025-05-24,Completed
O005392,C01190,2024-02-20,Completed
O005393,C01131,2024-04-21,Completed
O005394,C01094,2024-01-14,Completed
O005395,C00315,2025-01-08,Completed
O005396,C00684,2025-07-21,Completed
O005397,C00717,2025-12-17,Completed
O005398,C00190,2024-11-17,Completed
O005399,C00985,2025-04-09,Completed
O005400,C00712,2025-11-16,Completed
O005401,C00190,2025-09-02,Completed
O005402,C00008,2025-02-20,Cancelled
O005403,C00595,2024-11-17,Completed
O005404,C00451,2025-05-24,Cancelled
O005405,C00094,2024-06-21,Completed
O005406,C00478,2025-07-28,Completed
O005407,C00221,2025-06-23,Completed
O005408,C01059,2024-08-27,Completed
O005409,C00409,2024-03-20,Completed
O005410,C00910,2024-01-05,Completed
O005411,C00393,2025-04-01,Completed
O005412,C00226,2025-05-09,Completed
O005413,C01142,2024-06-13,Completed
O005414,C01071,2024-10-06,Completed
O005415,C01015,2024-11-07,Completed
O005416,C00311,2025-08-11,Completed
O005417,C00900,2025-05-11,Completed
O005418,C00177,2025-06-02,Completed
O005419,C00259,2024-10-23,Completed
O005420,C00099,2025-10-27,Completed
O005421,C00667,2024-08-05,Returned
O005422,C00781,2025-09-19,Completed
O005423,C00719,2025-04-30,Completed
O005424,C00413,2024-09-30,Completed
O005425,C00987,2025-10-19,Completed
O005426,C00436,2025-01-27,Completed
O005427,C01108,2024-11-14,Completed
O005428,C00789,2024-10-09,Completed
O005429,C00006,2024-09-24,Completed
O005430,C00059,2024-06-30,Completed
O005431,C00455,2025-03-12,Completed
O005432,C00791,2024-02-15,Completed
O005433,C00671,2024-05-24,Completed
O005434,C00429,2025-07-30,Completed
O005435,C00399,2025-11-24,Completed
O005436,C01151,2025-09-29,Completed
O005437,C00644,2024-04-01,Completed
O005438,C00410,2025-03-20,Completed
O005439,C00321,2025-12-15,Completed
O005440,C00087,2025-02-26,Completed
O005441,C00385,2025-07-04,Completed
O005442,C01152,2025-08-01,Completed
O005443,C00996,2024-11-25,Completed
O005444,C00751,2024-11-18,Completed
O005445,C00893,2024-07-25,Completed
O005446,C00007,2024-03-21,Completed
O005447,C01010,2024-12-30,Completed
O005448,C01048,2024-08-07,Completed
O005449,C00930,2024-10-22,Completed
O005450,C01151,2025-12-10,Completed
O005451,C00394,2024-12-15,Completed
O005452,C00044,2025-03-18,Cancelled
O005453,C00734,2025-05-02,Completed
O005454,C00437,2024-01-21,Completed
O005455,C00280,2024-07-14,Completed
O005456,C00473,2025-10-04,Completed
O005457,C00075,2024-09-30,Completed
O005458,C00161,2025-11-26,Completed
O005459,C00401,2024-06-28,Completed
O005460,C00426,2024-07-15,Completed
O005461,C00932,2024-09-10,Completed
O005462,C00962,2025-03-23,Completed
O005463,C00441,2024-12-03,Completed
O005464,C01094,2025-03-19,Completed
O005465,C00222,2025-08-06,Returned
O005466,C01151,2025-11-29,Completed
O005467,C00018,2024-02-06,Completed
O005468,C00670,2025-06-16,Completed
O005469,C00823,2025-02-22,Cancelled
O005470,C00551,2024-08-05,Completed
O005471,C00173,2024-11-08,Completed
O005472,C00825,2025-01-07,Completed
O005473,C00725,2025-03-25,Completed
O005474,C00085,2025-07-24,Cancelled
O005475,C00388,2024-12-05,Completed
O005476,C00205,2024-09-25,Completed
O005477,C00869,2024-05-22,Completed
O005478,C01198,2024-04-28,Completed
O005479,C00163,2025-12-21,Completed
O005480,C00823,2024-08-12,Completed
O005481,C00844,2024-11-06,Completed
O005482,C01178,2024-07-01,Completed
O005483,C00593,2024-05-09,Completed
O005484,C00486,2025-08-07,Completed
O005485,C00886,2025-05-30,Completed
O005486,C00210,2024-06-18,Completed
O005487,C01000,2024-01-02,Completed
O005488,C00506,2025-01-01,Completed
O005489,C00159,2024-03-17,Completed
O005490,C00418,2024-09-01,Completed
O005491,C00981,2024-12-19,Completed
O005492,C01009,2024-05-21,Completed
O005493,C00016,2024-07-23,Cancelled
O005494,C00852,2024-10-05,Completed
O005495,C00484,2024-03-12,Cancelled
O005496,C00617,2024-06-10,Completed
O005497,C00423,2025-10-19,Cancelled
O005498,C01017,2024-03-31,Completed
O005499,C00674,2024-03-26,Completed
O005500,C00278,2024-08-05,Completed
O005501,C00658,2024-07-10,Completed
O005502,C00833,2024-12-29,Returned
O005503,C01017,2024-01-01,Returned
O005504,C00157,2024-11-27,Completed
O005505,C00419,2024-01-09,Completed
O005506,C00043,2024-07-13,Completed
O005507,C00813,2024-07-24,Completed
O005508,C00832,2024-09-24,Completed
O005509,C00982,2025-10-06,Completed
O005510,C00399,2024-01-05,Completed
O005511,C01000,2025-09-21,Completed
O005512,C00855,2025-11-13,Completed
O005513,C00580,2025-09-30,Completed
O005514,C00852,2024-02-12,Completed
O005515,C00858,2025-06-11,Completed
O005516,C00023,2025-08-02,Cancelled
O005517,C00324,2024-12-11,Cancelled
O005518,C00089,2025-03-09,Completed
O005519,C00456,2024-10-19,Completed
O005520,C00480,2025-06-24,Completed
O005521,C00404,2024-02-16,Completed
O005522,C00460,2025-08-13,Completed
O005523,C00962,2024-09-06,Completed
O005524,C00321,2024-09-08,Completed
O005525,C00836,2024-12-02,Completed
O005526,C00694,2025-04-15,Completed
O005527,C00783,2025-06-24,Completed
O005528,C00900,2024-05-24,Completed
O005529,C00448,2025-08-22,Completed
O005530,C00238,2024-03-18,Completed
O005531,C00003,2025-04-10,Completed
O005532,C00579,2024-10-16,Completed
O005533,C00541,2024-04-24,Completed
O005534,C00367,2024-10-06,Completed
O005535,C00877,2024-08-26,Completed
O005536,C00603,2024-03-19,Completed
O005537,C00549,2024-05-05,Completed
O005538,C00431,2025-06-23,Completed
O005539,C00570,2025-03-20,Completed
O005540,C00121,2024-04-12,Completed
O005541,C00202,2025-07-18,Completed
O005542,C00193,2024-10-19,Completed
O005543,C00692,2025-10-11,Completed
O005544,C00168,2025-02-12,Completed
O005545,C00949,2025-06-25,Completed
O005546,C00184,2025-07-12,Completed
O005547,C00909,2024-02-16,Completed
O005548,C00524,2025-04-30,Completed
O005549,C01060,2024-06-17,Cancelled
O005550,C01047,2024-06-25,Completed
O005551,C00608,2024-05-30,Completed
O005552,C00044,2024-04-03,Completed
O005553,C00126,2024-09-21,Completed
O005554,C00797,2025-02-03,Completed
O005555,C00824,2025-07-23,Completed
O005556,C01088,2024-11-12,Completed
O005557,C00115,2024-11-30,Completed
O005558,C00945,2024-06-24,Completed
O005559,C00827,2024-06-05,Completed
O005560,C00059,2024-03-05,Completed
O005561,C01118,2025-01-06,Completed
O005562,C00105,2024-11-08,Completed
O005563,C00796,2024-12-20,Completed
O005564,C00171,2024-05-01,Completed
O005565,C00866,2025-05-17,Completed
O005566,C00863,2024-03-21,Completed
O005567,C01052,2025-10-23,Completed
O005568,C00883,2025-11-19,Completed
O005569,C00330,2025-08-29,Completed
O005570,C00493,2024-08-12,Completed
O005571,C00507,2025-05-16,Cancelled
O005572,C00695,2025-03-19,Completed
O005573,C01001,2024-02-08,Completed
O005574,C01155,2024-01-08,Completed
O005575,C01179,2024-04-24,Completed
O005576,C01087,2025-07-07,Completed
O005577,C00163,2025-02-26,Completed
O005578,C00938,2024-11-21,Completed
O005579,C00369,2025-12-06,Completed
O005580,C00947,2025-07-06,Completed
O005581,C00284,2024-09-21,Completed
O005582,C00073,2025-01-05,Completed
O005583,C00334,2024-09-28,Completed
O005584,C00790,2025-03-28,Completed
O005585,C01182,2024-07-24,Completed
O005586,C00166,2024-11-01,Completed
O005587,C01102,2024-11-13,Completed
O005588,C00402,2025-01-01,Completed
O005589,C00653,2024-10-30,Completed
O005590,C00087,2025-08-31,Completed
O005591,C01170,2025-09-17,Completed
O005592,C00242,2024-04-04,Completed
O005593,C00334,2024-11-22,Completed
O005594,C00292,2025-06-23,Completed
O005595,C00050,2024-02-26,Completed
O005596,C00783,2025-11-27,Completed
O005597,C00233,2025-04-06,Completed
O005598,C00398,2025-04-15,Completed
O005599,C00010,2025-11-18,Completed
O005600,C00396,2024-05-24,Completed
O005601,C00555,2025-01-19,Completed
O005602,C01035,2024-10-16,Completed
O005603,C00997,2025-03-27,Completed
O005604,C00180,2025-12-13,Completed
O005605,C00791,2025-07-05,Completed
O005606,C01005,2024-07-31,Completed
O005607,C00493,2024-09-22,Returned
O005608,C00994,2025-03-27,Completed
O005609,C00367,2025-05-24,Completed
O005610,C01069,2025-11-16,Completed
O005611,C00665,2025-04-26,Completed
O005612,C00830,2024-08-02,Completed
O005613,C00709,2024-08-26,Completed
O005614,C00479,2025-12-30,Completed
O005615,C00881,2025-11-07,Completed
O005616,C00895,2025-02-23,Completed
O005617,C00076,2024-04-19,Returned
O005618,C00791,2025-01-18,Completed
O005619,C00401,2024-11-20,Completed
O005620,C00949,2024-05-07,Completed
O005621,C01093,2024-09-17,Completed
O005622,C00307,2025-07-27,Completed
O005623,C00538,2025-09-30,Completed
O005624,C01019,2024-07-30,Completed
O005625,C00613,2025-02-05,Completed
O005626,C00126,2025-01-23,Completed
O005627,C00872,2024-10-24,Completed
O005628,C00292,2025-06-26,Completed
O005629,C00091,2025-08-26,Completed
O005630,C01040,2024-12-28,Completed
O005631,C00680,2024-06-18,Returned
O005632,C00762,2024-03-20,Completed
O005633,C00951,2025-06-05,Completed
O005634,C01090,2024-11-13,Completed
O005635,C00915,2025-03-21,Cancelled
O005636,C00866,2024-10-11,Completed
O005637,C00279,2025-11-27,Completed
O005638,C01027,2025-05-28,Completed
O005639,C00043,2025-05-03,Completed
O005640,C00676,2025-04-23,Completed
O005641,C00382,2024-11-03,Completed
O005642,C00212,2024-08-24,Completed
O005643,C00432,2024-04-29,Completed
O005644,C00650,2025-09-07,Completed
O005645,C00761,2025-06-09,Completed
O005646,C00394,2024-12-20,Completed
O005647,C00390,2025-11-28,Completed
O005648,C00227,2024-01-07,Completed
O005649,C01121,2024-02-01,Completed
O005650,C01166,2025-05-20,Completed
O005651,C00240,2025-07-30,Completed
O005652,C01191,2024-12-07,Completed
O005653,C01042,2025-04-27,Completed
O005654,C00287,2024-07-02,Completed
O005655,C00088,2025-07-08,Completed
O005656,C00063,2024-10-25,Completed
O005657,C00032,2024-04-04,Completed
O005658,C01163,2024-02-15,Completed
O005659,C00748,2025-04-18,Completed
O005660,C00109,2024-06-06,Completed
O005661,C00716,2024-06-07,Completed
O005662,C00876,2025-09-15,Completed
O005663,C00521,2025-02-25,Completed
O005664,C00909,2024-09-26,Completed
O005665,C00366,2024-07-14,Cancelled
O005666,C01111,2025-12-07,Completed
O005667,C00429,2024-08-28,Completed
O005668,C01012,2025-02-18,Completed
O005669,C00104,2024-02-06,Completed
O005670,C00550,2025-05-26,Completed
O005671,C00618,2025-06-04,Completed
O005672,C00797,2024-08-18,Completed
O005673,C01077,2024-02-18,Completed
O005674,C00435,2024-04-22,Completed
O005675,C00563,2024-09-19,Completed
O005676,C00224,2025-07-16,Cancelled
O005677,C00574,2024-11-26,Completed
O005678,C00920,2024-09-12,Completed
O005679,C00170,2024-07-07,Completed
O005680,C00795,2024-06-17,Completed
O005681,C00001,2025-03-20,Completed
O005682,C00796,2024-01-11,Completed
O005683,C01139,2024-07-10,Completed
O005684,C00985,2024-11-16,Completed
O005685,C00046,2025-08-22,Completed
O005686,C00232,2024-09-25,Completed
O005687,C00513,2024-11-20,Completed
O005688,C01163,2025-08-10,Completed
O005689,C00112,2024-01-12,Completed
O005690,C00504,2024-09-17,Completed
O005691,C00477,2024-10-24,Returned
O005692,C00907,2025-06-02,Completed
O005693,C00385,2024-05-20,Cancelled
O005694,C01006,2025-04-07,Completed
O005695,C00110,2025-05-18,Completed
O005696,C00971,2025-10-03,Completed
O005697,C00032,2024-04-02,Completed
O005698,C00241,2024-10-09,Completed
O005699,C00507,2025-10-19,Completed
O005700,C00160,2025-08-17,Completed
O005701,C00773,2024-03-18,Completed
O005702,C00423,2025-02-10,Cancelled
O005703,C00214,2024-10-25,Completed
O005704,C00460,2024-08-16,Cancelled
O005705,C00145,2024-05-18,Completed
O005706,C01161,2024-06-10,Completed
O005707,C01104,2025-03-10,Completed
O005708,C01005,2025-03-20,Completed
O005709,C00843,2025-06-21,Completed
O005710,C00579,2025-12-08,Completed
O005711,C01116,2025-01-11,Completed
O005712,C00431,2024-05-18,Completed
O005713,C00899,2025-11-27,Completed
O005714,C00031,2024-06-17,Returned
O005715,C00816,2025-09-25,Completed
O005716,C00066,2025-03-25,Completed
O005717,C00855,2024-05-10,Completed
O005718,C01008,2024-11-13,Completed
O005719,C01000,2024-05-07,Completed
O005720,C01200,2025-01-21,Completed
O005721,C00097,2025-09-23,Completed
O005722,C00933,2024-07-01,Completed
O005723,C00506,2024-05-26,Completed
O005724,C00157,2025-06-07,Completed
O005725,C00326,2024-02-16,Completed
O005726,C00046,2024-06-02,Completed
O005727,C00815,2024-02-03,Completed
O005728,C00185,2025-04-30,Completed
O005729,C00526,2024-03-31,Completed
O005730,C00697,2025-01-07,Completed
O005731,C00842,2025-02-19,Completed
O005732,C00915,2024-10-28,Completed
O005733,C00003,2024-03-06,Returned
O005734,C00945,2024-01-21,Completed
O005735,C00426,2024-09-28,Completed
O005736,C00648,2024-08-09,Completed
O005737,C00720,2024-03-18,Completed
O005738,C00428,2025-09-04,Completed
O005739,C00101,2024-02-05,Completed
O005740,C00483,2025-06-12,Completed
O005741,C00036,2025-01-06,Completed
O005742,C00311,2025-11-05,Completed
O005743,C00346,2025-12-26,Completed
O005744,C00006,2024-01-28,Completed
O005745,C01169,2024-04-01,Completed
O005746,C00175,2024-04-07,Completed
O005747,C00669,2025-08-01,Completed
O005748,C00943,2024-05-20,Completed
O005749,C00185,2025-03-15,Completed
O005750,C00585,2025-01-30,Completed
O005751,C00584,2025-10-21,Completed
O005752,C00410,2025-04-08,Returned
O005753,C00214,2024-10-27,Completed
O005754,C01109,2024-10-13,Completed
O005755,C00640,2024-08-07,Completed
O005756,C00069,2025-01-30,Completed
O005757,C00506,2025-10-09,Completed
O005758,C00476,2024-10-11,Completed
O005759,C00011,2025-07-17,Completed
O005760,C01114,2024-05-03,Completed
O005761,C00355,2024-07-10,Completed
O005762,C00256,2024-09-22,Completed
O005763,C01061,2024-09-13,Completed
O005764,C01063,2025-12-02,Returned
O005765,C00274,2024-02-22,Completed
O005766,C00009,2025-08-31,Completed
O005767,C00296,2024-07-19,Completed
O005768,C01189,2024-01-12,Completed
O005769,C00344,2024-06-22,Completed
O005770,C01169,2025-06-08,Completed
O005771,C00514,2024-08-04,Completed
O005772,C00066,2024-01-13,Completed
O005773,C00781,2024-01-14,Completed
O005774,C00383,2024-05-23,Completed
O005775,C00936,2025-12-07,Completed
O005776,C00226,2025-01-17,Returned
O005777,C00044,2024-04-18,Completed
O005778,C00470,2025-12-16,Completed
O005779,C01005,2024-03-17,Completed
O005780,C00664,2025-05-11,Completed
O005781,C00181,2025-09-06,Completed
O005782,C00716,2025-10-01,Completed
O005783,C00178,2025-01-16,Completed
O005784,C00226,2024-03-06,Completed
O005785,C01069,2025-05-27,Completed
O005786,C00235,2025-09-30,Completed
O005787,C00626,2025-07-15,Completed
O005788,C00541,2024-01-24,Returned
O005789,C00508,2025-07-22,Completed
O005790,C00712,2024-09-28,Cancelled
O005791,C01027,2024-05-03,Completed
O005792,C00231,2024-12-20,Completed
O005793,C00084,2025-10-18,Completed
O005794,C00420,2024-01-30,Returned
O005795,C00143,2024-02-04,Cancelled
O005796,C00443,2024-07-11,Cancelled
O005797,C00916,2024-12-21,Completed
O005798,C01057,2024-04-28,Completed
O005799,C00037,2024-11-29,Completed
O005800,C00732,2025-12-30,Completed
O005801,C00681,2024-09-19,Completed
O005802,C01143,2025-01-19,Returned
O005803,C01005,2025-10-04,Completed
O005804,C00354,2024-11-30,Completed
O005805,C00239,2024-06-18,Completed
O005806,C01030,2024-09-29,Completed
O005807,C00040,2024-03-03,Completed
O005808,C00694,2024-09-19,Completed
O005809,C00723,2024-03-30,Completed
O005810,C00037,2024-03-09,Returned
O005811,C00638,2025-08-08,Completed
O005812,C01130,2025-09-21,Completed
O005813,C00827,2025-02-03,Completed
O005814,C00493,2024-04-16,Completed
O005815,C00210,2024-05-14,Completed
O005816,C00864,2025-06-07,Completed
O005817,C00246,2025-03-04,Completed
O005818,C00734,2024-07-03,Completed
O005819,C00917,2024-06-26,Completed
O005820,C00418,2024-05-10,Completed
O005821,C00927,2024-01-06,Completed
O005822,C00457,2024-02-14,Completed
O005823,C00159,2024-12-14,Completed
O005824,C00696,2024-07-16,Completed
O005825,C00706,2024-06-02,Completed
O005826,C00097,2024-07-31,Returned
O005827,C01052,2024-02-17,Completed
O005828,C00685,2024-12-10,Completed
O005829,C00032,2025-10-29,Completed
O005830,C00701,2025-10-06,Completed
O005831,C00309,2024-12-18,Completed
O005832,C00625,2025-01-10,Completed
O005833,C00706,2025-09-25,Completed
O005834,C00268,2024-07-08,Completed
O005835,C00188,2025-02-16,Returned
O005836,C00395,2025-12-11,Completed
O005837,C00328,2024-03-08,Completed
O005838,C00906,2024-01-09,Completed
O005839,C00192,2025-05-25,Cancelled
O005840,C00538,2025-02-05,Completed
O005841,C00821,2025-12-28,Completed
O005842,C00432,2025-04-28,Completed
O005843,C01085,2024-08-23,Completed
O005844,C01008,2025-02-23,Completed
O005845,C00337,2025-07-21,Completed
O005846,C00606,2024-12-16,Completed
O005847,C00135,2024-03-19,Completed
O005848,C00438,2025-10-20,Completed
O005849,C00623,2025-06-21,Completed
O005850,C00363,2024-04-30,Completed
O005851,C00114,2025-05-06,Completed
O005852,C01096,2024-05-12,Completed
O005853,C00752,2025-10-14,Cancelled
O005854,C00446,2024-03-02,Cancelled
O005855,C00435,2025-07-30,Completed
O005856,C00324,2025-06-13,Cancelled
O005857,C00657,2024-01-14,Completed
O005858,C00076,2025-02-04,Completed
O005859,C00273,2025-04-16,Cancelled
O005860,C00330,2024-03-14,Completed
O005861,C00625,2024-10-02,Completed
O005862,C00927,2024-12-17,Completed
O005863,C00436,2024-09-06,Completed
O005864,C00183,2024-05-08,Completed
O005865,C01068,2025-10-24,Cancelled
O005866,C00110,2025-01-01,Completed
O005867,C00480,2024-01-25,Returned
O005868,C00142,2025-05-26,Completed
O005869,C00338,2025-01-22,Completed
O005870,C00985,2025-05-14,Completed
O005871,C00237,2024-05-24,Completed
O005872,C00407,2025-03-18,Completed
O005873,C00891,2024-11-01,Completed
O005874,C00376,2024-05-02,Completed
O005875,C00711,2025-01-18,Completed
O005876,C01130,2024-11-28,Completed
O005877,C00753,2024-01-15,Completed
O005878,C01148,2025-05-29,Completed
O005879,C01090,2025-10-11,Cancelled
O005880,C00698,2024-07-03,Completed
O005881,C00644,2024-06-27,Completed
O005882,C00479,2025-10-30,Completed
O005883,C00093,2025-11-05,Completed
O005884,C00010,2025-03-29,Completed
O005885,C00051,2025-01-02,Completed
O005886,C00916,2025-06-19,Completed
O005887,C00214,2024-09-23,Completed
O005888,C00716,2024-03-20,Completed
O005889,C00130,2025-02-11,Completed
O005890,C00827,2025-12-07,Completed
O005891,C01192,2024-11-13,Completed
O005892,C01181,2024-07-09,Completed
O005893,C00911,2024-10-13,Cancelled
O005894,C00608,2024-08-30,Completed
O005895,C00284,2024-11-14,Completed
O005896,C00834,2025-10-15,Completed
O005897,C01141,2025-06-19,Completed
O005898,C00139,2024-10-03,Completed
O005899,C00168,2025-10-24,Completed
O005900,C00642,2025-12-04,Completed
O005901,C01026,2024-02-27,Completed
O005902,C01104,2024-06-06,Completed
O005903,C00744,2025-04-04,Completed
O005904,C00563,2024-07-01,Completed
O005905,C00599,2025-02-12,Completed
O005906,C01171,2025-04-15,Completed
O005907,C00841,2025-12-09,Completed
O005908,C00096,2025-07-16,Completed
O005909,C01141,2024-11-06,Completed
O005910,C00607,2024-04-21,Completed
O005911,C00481,2025-05-17,Completed
O005912,C00884,2024-01-22,Completed
O005913,C00353,2025-08-31,Completed
O005914,C01132,2024-05-22,Completed
O005915,C00349,2024-05-03,Completed
O005916,C01099,2024-08-10,Completed
O005917,C00803,2024-02-29,Completed
O005918,C00556,2025-07-08,Cancelled
O005919,C00393,2024-05-09,Completed
O005920,C01043,2025-02-13,Completed
O005921,C00533,2024-12-19,Completed
O005922,C01009,2024-09-26,Completed
O005923,C00927,2024-07-24,Completed
O005924,C00897,2024-10-02,Completed
O005925,C00107,2025-02-13,Completed
O005926,C00782,2025-05-09,Completed
O005927,C00456,2025-05-28,Completed
O005928,C00597,2025-11-22,Completed
O005929,C00346,2025-04-19,Cancelled
O005930,C00724,2024-06-11,Completed
O005931,C00310,2024-02-25,Completed
O005932,C00603,2025-05-06,Completed
O005933,C00622,2024-10-31,Completed
O005934,C01006,2024-05-07,Completed
O005935,C00482,2024-01-19,Completed
O005936,C00983,2024-05-03,Completed
O005937,C00471,2025-06-05,Cancelled
O005938,C01170,2025-01-13,Completed
O005939,C01055,2025-10-03,Completed
O005940,C00364,2025-10-19,Completed
O005941,C00812,2024-08-03,Completed
O005942,C00567,2025-03-15,Completed
O005943,C00794,2025-08-15,Completed
O005944,C01102,2025-02-20,Completed
O005945,C00539,2025-11-15,Completed
O005946,C00096,2025-06-22,Completed
O005947,C00034,2024-05-14,Completed
O005948,C00705,2024-06-21,Completed
O005949,C01111,2024-06-11,Completed
O005950,C00225,2025-10-31,Completed
O005951,C00902,2024-10-20,Completed
O005952,C01033,2025-05-16,Completed
O005953,C00396,2025-02-02,Completed
O005954,C01114,2024-03-06,Completed
O005955,C00965,2025-07-07,Completed
O005956,C00098,2024-07-31,Cancelled
O005957,C00408,2024-08-24,Completed
O005958,C00597,2025-01-13,Completed
O005959,C01013,2025-12-27,Completed
O005960,C00942,2024-03-18,Completed
O005961,C00921,2025-08-05,Completed
O005962,C01090,2024-06-18,Completed
O005963,C00419,2024-01-31,Completed
O005964,C00158,2024-06-29,Cancelled
O005965,C00355,2025-02-02,Completed
O005966,C01040,2024-10-22,Completed
O005967,C00058,2024-04-11,Completed
O005968,C01153,2024-03-12,Completed
O005969,C00858,2025-03-17,Cancelled
O005970,C00443,2025-05-01,Completed
O005971,C01096,2024-09-21,Completed
O005972,C00780,2025-05-21,Completed
O005973,C00874,2024-12-24,Completed
O005974,C01106,2024-10-23,Completed
O005975,C00439,2025-12-11,Completed
O005976,C00286,2024-12-13,Completed
O005977,C00241,2025-11-08,Completed
O005978,C00645,2025-10-02,Completed
O005979,C00305,2024-08-31,Completed
O005980,C00165,2025-02-20,Completed
O005981,C00989,2025-09-28,Cancelled
O005982,C00079,2025-04-15,Completed
O005983,C00142,2024-10-19,Completed
O005984,C00784,2024-12-06,Completed
O005985,C00260,2025-07-04,Completed
O005986,C00277,2025-08-30,Completed
O005987,C01047,2025-10-11,Completed
O005988,C00803,2024-02-04,Completed
O005989,C00165,2025-03-24,Completed
O005990,C00514,2025-04-02,Completed
O005991,C00969,2025-08-27,Completed
O005992,C01055,2025-10-12,Completed
O005993,C01134,2025-04-01,Completed
O005994,C00172,2025-05-01,Completed
O005995,C00695,2025-07-19,Completed
O005996,C00342,2025-04-22,Completed
O005997,C00659,2025-03-12,Completed
O005998,C00785,2024-06-14,Completed
O005999,C01144,2024-11-29,Completed
O006000,C00569,2025-12-31,Cancelled
O006001,C00633,2025-07-31,Completed
O006002,C00183,2024-09-26,Completed
O006003,C00357,2024-01-09,Cancelled
O006004,C00072,2025-08-04,Completed
O006005,C00081,2024-01-21,Completed
O006006,C00185,2025-04-22,Completed
O006007,C01189,2024-03-12,Completed
O006008,C00175,2024-06-06,Completed
O006009,C00951,2025-02-08,Completed
O006010,C00972,2025-11-29,Completed
O006011,C00453,2024-10-30,Returned
O006012,C00420,2024-08-15,Completed
O006013,C01022,2025-01-21,Completed
O006014,C00611,2024-04-19,Completed
O006015,C00383,2024-07-13,Completed
O006016,C00806,2024-02-02,Completed
O006017,C00737,2025-01-10,Cancelled
O006018,C00538,2025-11-23,Completed
O006019,C00485,2024-01-08,Completed
O006020,C00594,2024-09-19,Completed
O006021,C00420,2025-05-31,Completed
O006022,C00046,2024-10-21,Cancelled
O006023,C00013,2024-02-04,Completed
O006024,C01078,2024-10-18,Completed
O006025,C00679,2025-12-25,Completed
O006026,C00546,2024-10-17,Completed
O006027,C00295,2025-09-26,Completed
O006028,C00291,2024-09-03,Completed
O006029,C01180,2025-11-13,Completed
O006030,C00015,2025-12-04,Cancelled
O006031,C01119,2024-06-10,Completed
O006032,C00691,2024-02-29,Completed
O006033,C00475,2024-01-03,Completed
O006034,C00605,2024-03-28,Completed
O006035,C00041,2024-10-09,Completed
O006036,C01196,2025-07-06,Completed
O006037,C00838,2025-12-14,Completed
O006038,C01068,2025-11-17,Completed
O006039,C00800,2025-06-19,Completed
O006040,C00601,2024-11-15,Cancelled
O006041,C00737,2024-05-13,Completed
O006042,C00119,2025-09-19,Cancelled
O006043,C00922,2024-03-18,Completed
O006044,C00456,2025-11-11,Completed
O006045,C00301,2024-08-22,Returned
O006046,C00446,2024-03-04,Completed
O006047,C00730,2024-11-03,Cancelled
O006048,C00708,2025-11-23,Completed
O006049,C01045,2024-11-24,Returned
O006050,C00409,2025-02-22,Completed
O006051,C00204,2024-12-21,Cancelled
O006052,C01117,2024-05-05,Completed
O006053,C01137,2025-06-24,Completed
O006054,C00259,2025-08-29,Completed
O006055,C00850,2025-06-03,Completed
O006056,C00535,2024-07-09,Completed
O006057,C00198,2025-02-17,Completed
O006058,C00610,2025-12-28,Completed
O006059,C00216,2024-02-02,Cancelled
O006060,C00371,2024-09-02,Completed
O006061,C00515,2024-07-28,Returned
O006062,C00137,2024-03-13,Completed
O006063,C01101,2025-05-21,Completed
O006064,C00305,2025-01-02,Completed
O006065,C00212,2024-08-29,Completed
O006066,C00989,2024-04-22,Completed
O006067,C00181,2024-10-29,Completed
O006068,C00903,2025-06-28,Completed
O006069,C00909,2025-05-10,Returned
O006070,C00363,2025-04-04,Completed
O006071,C00079,2025-02-19,Completed
O006072,C00016,2025-07-24,Completed
O006073,C00040,2025-11-30,Completed
O006074,C00709,2024-10-03,Completed
O006075,C00529,2025-08-02,Completed
O006076,C01066,2025-09-25,Cancelled
O006077,C00453,2024-12-10,Completed
O006078,C00020,2024-12-13,Completed
O006079,C00169,2025-11-30,Completed
O006080,C00576,2024-05-16,Cancelled
O006081,C00257,2024-04-09,Completed
O006082,C00694,2025-06-03,Completed
O006083,C00658,2025-12-11,Completed
O006084,C00646,2024-11-24,Completed
O006085,C01007,2024-11-18,Completed
O006086,C00500,2024-11-02,Completed
O006087,C00777,2025-06-06,Completed
O006088,C01176,2024-04-26,Completed
O006089,C00813,2024-12-27,Completed
O006090,C00561,2025-09-03,Completed
O006091,C00749,2025-02-27,Completed
O006092,C00223,2024-12-08,Completed
O006093,C00108,2025-08-31,Completed
O006094,C00875,2025-04-03,Completed
O006095,C00472,2024-11-01,Completed
O006096,C00788,2025-08-18,Completed
O006097,C00459,2025-04-29,Cancelled
O006098,C00165,2025-12-19,Completed
O006099,C00895,2025-06-22,Cancelled
O006100,C00178,2024-04-09,Completed
O006101,C00294,2025-02-07,Completed
O006102,C00117,2025-12-31,Completed
O006103,C00550,2024-01-22,Completed
O006104,C01200,2025-08-20,Completed
O006105,C00269,2024-05-25,Completed
O006106,C00344,2024-06-19,Completed
O006107,C01159,2025-10-20,Completed
O006108,C00102,2024-08-29,Completed
O006109,C01193,2024-07-02,Completed
O006110,C00309,2025-07-09,Completed
O006111,C00938,2024-07-01,Completed
O006112,C00265,2025-08-15,Completed
O006113,C00307,2025-10-30,Completed
O006114,C00574,2025-06-29,Completed
O006115,C00579,2025-06-14,Completed
O006116,C00488,2024-10-15,Completed
O006117,C01024,2024-02-13,Completed
O006118,C00802,2024-10-03,Completed
O006119,C00119,2025-12-25,Completed
O006120,C01039,2024-10-13,Completed
O006121,C01165,2025-03-16,Completed
O006122,C01054,2024-09-07,Returned
O006123,C00694,2025-07-21,Cancelled
O006124,C00281,2024-11-10,Completed
O006125,C01169,2025-07-30,Completed
O006126,C00814,2024-04-24,Completed
O006127,C00388,2025-02-06,Completed
O006128,C01127,2025-03-19,Completed
O006129,C00774,2024-11-21,Completed
O006130,C00801,2024-07-18,Returned
O006131,C00288,2024-06-29,Completed
O006132,C00199,2024-02-28,Completed
O006133,C00619,2025-10-20,Completed
O006134,C00190,2024-06-27,Completed
O006135,C00446,2025-05-21,Completed
O006136,C00317,2024-01-25,Completed
O006137,C00972,2024-09-30,Completed
O006138,C00166,2024-08-19,Completed
O006139,C00491,2025-07-13,Completed
O006140,C00512,2025-07-29,Completed
O006141,C00407,2025-12-20,Completed
O006142,C00848,2024-03-19,Completed
O006143,C00591,2025-11-08,Completed
O006144,C01034,2025-08-16,Completed
O006145,C01146,2025-09-05,Completed
O006146,C01020,2024-11-03,Returned
O006147,C00548,2024-05-06,Completed
O006148,C00189,2025-05-22,Completed
O006149,C01039,2025-11-17,Completed
O006150,C00141,2025-09-03,Completed
O006151,C00911,2025-08-14,Completed
O006152,C00186,2024-01-29,Completed
O006153,C00323,2025-03-09,Completed
O006154,C00960,2025-04-24,Completed
O006155,C00383,2025-07-30,Cancelled
O006156,C01009,2025-01-10,Completed
O006157,C00130,2024-02-18,Completed
O006158,C00097,2025-01-31,Completed
O006159,C00666,2024-05-01,Completed
O006160,C00054,2024-02-13,Completed
O006161,C00685,2025-11-04,Returned
O006162,C00580,2025-05-05,Completed
O006163,C01113,2025-03-27,Completed
O006164,C01070,2024-09-17,Completed
O006165,C00112,2024-06-28,Completed
O006166,C00031,2024-01-29,Completed
O006167,C00636,2025-11-16,Completed
O006168,C00414,2024-06-20,Completed
O006169,C00573,2024-08-13,Completed
O006170,C01031,2025-08-09,Completed
O006171,C00587,2025-10-28,Completed
O006172,C00116,2024-10-05,Completed
O006173,C00695,2025-07-14,Completed
O006174,C00881,2024-05-08,Completed
O006175,C00566,2025-09-18,Completed
O006176,C00488,2024-08-06,Completed
O006177,C00826,2025-07-18,Completed
O006178,C00609,2025-05-22,Cancelled
O006179,C00574,2025-02-09,Completed
O006180,C00233,2025-10-06,Completed
O006181,C01038,2024-08-19,Completed
O006182,C00863,2025-10-08,Completed
O006183,C00633,2025-09-13,Completed
O006184,C00951,2024-11-24,Completed
O006185,C00205,2024-07-08,Cancelled
O006186,C00097,2024-02-03,Completed
O006187,C00467,2024-12-17,Completed
O006188,C00548,2024-01-14,Returned
O006189,C00535,2024-05-19,Cancelled
O006190,C00078,2025-12-25,Completed
O006191,C00149,2025-01-31,Completed
O006192,C00408,2025-09-24,Completed
O006193,C00012,2024-09-14,Completed
O006194,C01048,2024-05-26,Completed
O006195,C00423,2024-04-24,Returned
O006196,C01117,2024-04-18,Completed
O006197,C01170,2025-04-24,Completed
O006198,C00590,2024-08-27,Cancelled
O006199,C00981,2024-12-10,Completed
O006200,C01136,2024-05-28,Completed
O006201,C00175,2025-08-18,Completed
O006202,C00250,2024-11-10,Completed
O006203,C00891,2025-06-16,Completed
O006204,C01113,2025-03-30,Completed
O006205,C00457,2024-06-07,Completed
O006206,C00600,2024-01-30,Completed
O006207,C00104,2024-06-18,Completed
O006208,C00668,2025-11-29,Completed
O006209,C00361,2025-04-30,Completed
O006210,C00574,2025-05-24,Returned
O006211,C00414,2024-05-27,Completed
O006212,C00584,2025-02-22,Completed
O006213,C00507,2025-04-28,Completed
O006214,C00724,2025-04-19,Returned
O006215,C00387,2025-09-25,Completed
O006216,C00218,2025-08-30,Completed
O006217,C00715,2025-08-18,Completed
O006218,C00465,2025-05-01,Completed
O006219,C00201,2024-10-26,Completed
O006220,C00674,2025-06-27,Completed
O006221,C01105,2025-02-05,Completed
O006222,C00655,2025-05-24,Completed
O006223,C00806,2025-05-17,Completed
O006224,C00008,2025-09-24,Completed
O006225,C00403,2025-01-07,Completed
O006226,C00854,2024-05-16,Completed
O006227,C00324,2025-02-23,Completed
O006228,C00189,2025-02-26,Completed
O006229,C00938,2025-10-26,Completed
O006230,C00982,2024-07-01,Completed
O006231,C00907,2025-01-31,Completed
O006232,C00103,2025-02-14,Completed
O006233,C00355,2024-07-31,Completed
O006234,C01005,2024-07-28,Completed
O006235,C00930,2025-07-21,Completed
O006236,C01175,2025-06-22,Completed
O006237,C00099,2024-12-27,Completed
O006238,C00005,2024-02-07,Completed
O006239,C00336,2025-08-22,Completed
O006240,C00843,2024-06-06,Completed
O006241,C00785,2024-08-25,Completed
O006242,C00826,2024-01-12,Completed
O006243,C01046,2024-08-24,Completed
O006244,C00269,2024-01-05,Completed
O006245,C00824,2024-05-06,Cancelled
O006246,C00874,2024-09-24,Completed
O006247,C01149,2024-01-27,Completed
O006248,C00737,2025-07-29,Completed
O006249,C00612,2024-08-11,Completed
O006250,C01070,2024-09-28,Completed
O006251,C00830,2024-09-17,Completed
O006252,C00646,2025-08-04,Completed
O006253,C00936,2024-01-27,Completed
O006254,C00846,2025-04-15,Completed
O006255,C00090,2025-05-16,Completed
O006256,C00785,2025-11-15,Completed
O006257,C00512,2025-12-06,Completed
O006258,C00280,2024-09-11,Completed
O006259,C00339,2024-09-23,Returned
O006260,C00529,2025-10-24,Completed
O006261,C00535,2024-12-22,Completed
O006262,C00663,2024-01-27,Completed
O006263,C00313,2024-03-01,Cancelled
O006264,C00485,2024-06-30,Completed
O006265,C01121,2024-04-26,Completed
O006266,C00123,2024-09-21,Completed
O006267,C00865,2024-09-16,Completed
O006268,C00944,2025-05-10,Completed
O006269,C01024,2024-12-06,Completed
O006270,C01183,2025-04-07,Completed
O006271,C01011,2024-07-26,Completed
O006272,C00397,2024-06-17,Completed
O006273,C00274,2024-07-29,Completed
O006274,C00390,2024-08-16,Completed
O006275,C00131,2024-10-18,Completed
O006276,C00997,2024-08-12,Completed
O006277,C00683,2025-03-05,Completed
O006278,C00817,2024-04-26,Completed
O006279,C00077,2024-02-10,Completed
O006280,C00676,2024-09-26,Completed
O006281,C01130,2025-10-18,Completed
O006282,C00311,2024-05-28,Completed
O006283,C00660,2025-12-17,Completed
O006284,C00398,2024-02-05,Completed
O006285,C00240,2025-09-21,Completed
O006286,C00778,2024-02-10,Completed
O006287,C00607,2025-07-01,Cancelled
O006288,C00114,2025-02-22,Completed
O006289,C00815,2024-04-22,Completed
O006290,C00233,2024-05-13,Completed
O006291,C00436,2025-07-18,Completed
O006292,C00820,2024-11-23,Completed
O006293,C01108,2025-06-14,Completed
O006294,C00090,2025-01-31,Completed
O006295,C01055,2025-06-24,Completed
O006296,C00624,2024-10-13,Completed
O006297,C00750,2025-09-02,Completed
O006298,C01159,2025-06-23,Completed
O006299,C01018,2025-04-21,Completed
O006300,C00186,2024-12-03,Completed
O006301,C00794,2025-04-21,Completed
O006302,C00724,2024-08-27,Completed
O006303,C00920,2025-08-25,Completed
O006304,C00533,2025-10-22,Completed
O006305,C00230,2024-03-31,Completed
O006306,C00299,2025-11-24,Completed
O006307,C00192,2024-01-04,Completed
O006308,C01003,2024-08-25,Completed
O006309,C00807,2024-01-11,Completed
O006310,C00211,2024-06-11,Completed
O006311,C00421,2025-11-02,Completed
O006312,C00067,2024-03-27,Completed
O006313,C01084,2025-03-21,Completed
O006314,C01028,2025-11-17,Completed
O006315,C01165,2024-10-16,Completed
O006316,C00175,2025-08-19,Completed
O006317,C00232,2025-06-11,Completed
O006318,C00795,2024-10-13,Completed
O006319,C00842,2025-08-07,Completed
O006320,C00437,2024-06-01,Completed
O006321,C00338,2025-09-10,Completed
O006322,C00011,2025-02-06,Completed
O006323,C00307,2025-04-03,Completed
O006324,C01073,2024-06-20,Completed
O006325,C00695,2025-07-27,Cancelled
O006326,C00907,2024-10-03,Completed
O006327,C00302,2024-09-29,Completed
O006328,C00318,2025-03-08,Completed
O006329,C00899,2024-06-13,Completed
O006330,C00985,2025-06-25,Completed
O006331,C00460,2025-05-19,Completed
O006332,C00346,2025-05-09,Completed
O006333,C00218,2024-05-16,Completed
O006334,C01134,2025-04-17,Completed
O006335,C01194,2024-11-15,Completed
O006336,C00939,2024-12-21,Completed
O006337,C01145,2025-03-11,Completed
O006338,C00793,2024-12-21,Cancelled
O006339,C00859,2024-11-20,Completed
O006340,C00264,2025-05-29,Completed
O006341,C00233,2025-03-06,Cancelled
O006342,C00396,2025-01-24,Completed
O006343,C00604,2024-08-19,Completed
O006344,C00746,2024-05-21,Completed
O006345,C00781,2025-02-21,Completed
O006346,C01187,2025-10-17,Cancelled
O006347,C00768,2025-05-15,Completed
O006348,C00825,2025-11-11,Completed
O006349,C00373,2025-06-21,Completed
O006350,C00717,2025-03-20,Completed
O006351,C00750,2024-09-21,Completed
O006352,C00648,2024-09-04,Completed
O006353,C00626,2024-10-18,Completed
O006354,C00477,2024-10-28,Completed
O006355,C00811,2025-03-20,Completed
O006356,C00630,2025-11-18,Completed
O006357,C00156,2025-04-27,Cancelled
O006358,C00197,2024-10-18,Completed
O006359,C00935,2025-09-04,Completed
O006360,C00876,2025-10-01,Completed
O006361,C00974,2024-10-26,Completed
O006362,C01152,2024-10-29,Completed
O006363,C00955,2025-08-12,Completed
O006364,C00931,2024-07-20,Completed
O006365,C01184,2025-09-01,Returned
O006366,C00044,2024-05-08,Returned
O006367,C00185,2025-02-07,Completed
O006368,C00950,2025-11-27,Completed
O006369,C00165,2025-11-21,Cancelled
O006370,C01177,2025-10-16,Completed
O006371,C00580,2024-10-13,Completed
O006372,C00785,2024-07-05,Completed
O006373,C01033,2025-12-14,Completed
O006374,C01192,2025-05-27,Cancelled
O006375,C00247,2025-01-14,Cancelled
O006376,C00150,2024-06-10,Completed
O006377,C00792,2024-01-28,Completed
O006378,C00806,2024-12-21,Cancelled
O006379,C01043,2025-02-13,Completed
O006380,C00789,2024-12-20,Completed
O006381,C00278,2025-10-15,Completed
O006382,C00776,2025-07-16,Completed
O006383,C01143,2024-05-03,Completed
O006384,C00482,2024-02-11,Completed
O006385,C00197,2025-02-20,Completed
O006386,C00336,2024-06-20,Completed
O006387,C01113,2025-01-20,Completed
O006388,C00781,2024-08-29,Completed
O006389,C01085,2025-07-14,Completed
O006390,C01144,2024-05-28,Completed
O006391,C00426,2024-11-14,Completed
O006392,C00816,2024-07-09,Completed
O006393,C00370,2025-09-27,Completed
O006394,C00990,2025-01-28,Completed
O006395,C00942,2024-06-02,Completed
O006396,C00460,2025-06-20,Completed
O006397,C00169,2025-09-07,Cancelled
O006398,C00180,2025-07-28,Completed
O006399,C00228,2024-03-21,Completed
O006400,C00563,2024-04-20,Completed
O006401,C00640,2024-05-07,Completed
O006402,C00556,2024-09-17,Completed
O006403,C00176,2024-12-19,Completed
O006404,C01005,2025-01-29,Completed
O006405,C00386,2025-07-28,Completed
O006406,C00989,2024-06-23,Completed
O006407,C00079,2025-07-19,Completed
O006408,C01062,2024-11-10,Completed
O006409,C00122,2025-12-08,Returned
O006410,C00383,2024-11-19,Completed
O006411,C00322,2025-09-07,Completed
O006412,C01102,2024-03-14,Completed
O006413,C00785,2025-05-15,Completed
O006414,C00034,2025-07-01,Completed
O006415,C00178,2024-11-07,Completed
O006416,C00137,2024-12-03,Completed
O006417,C01058,2025-08-31,Completed
O006418,C00948,2024-05-26,Completed
O006419,C00084,2024-11-05,Completed
O006420,C00047,2025-08-24,Completed
O006421,C00936,2024-02-05,Completed
O006422,C00135,2024-07-11,Cancelled
O006423,C00251,2025-04-16,Completed
O006424,C00249,2025-08-19,Completed
O006425,C00533,2024-09-18,Completed
O006426,C00131,2024-01-10,Completed
O006427,C01072,2025-11-11,Completed
O006428,C00888,2024-10-21,Completed
O006429,C00694,2024-09-13,Completed
O006430,C00243,2025-04-05,Completed
O006431,C00230,2024-01-12,Completed
O006432,C00524,2024-10-18,Completed
O006433,C00707,2025-11-25,Completed
O006434,C00555,2024-10-11,Completed
O006435,C00052,2025-01-24,Completed
O006436,C00557,2025-06-14,Cancelled
O006437,C00784,2025-10-28,Completed
O006438,C01093,2025-10-31,Completed
O006439,C00675,2025-11-13,Completed
O006440,C00764,2024-10-01,Completed
O006441,C00719,2024-12-30,Completed
O006442,C00970,2025-05-08,Completed
O006443,C00560,2024-05-25,Completed
O006444,C00648,2025-03-02,Completed
O006445,C00535,2024-01-19,Completed
O006446,C01061,2025-08-31,Completed
O006447,C00387,2025-02-10,Completed
O006448,C00151,2024-04-10,Completed
O006449,C00337,2024-02-06,Completed
O006450,C00879,2025-11-14,Completed
O006451,C00884,2025-11-24,Completed
O006452,C01108,2024-02-02,Completed
O006453,C01012,2025-05-14,Completed
O006454,C01084,2024-11-05,Completed
O006455,C00458,2024-08-23,Completed
O006456,C00190,2025-05-24,Completed
O006457,C00057,2025-12-18,Completed
O006458,C00721,2025-10-18,Completed
O006459,C00860,2025-11-14,Completed
O006460,C00445,2024-02-06,Completed
O006461,C01079,2024-12-10,Completed
O006462,C00561,2024-11-28,Completed
O006463,C00426,2024-09-11,Completed
O006464,C00935,2024-04-11,Completed
O006465,C00507,2025-10-22,Completed
O006466,C01000,2025-11-10,Completed
O006467,C00201,2024-11-06,Completed
O006468,C00534,2025-12-07,Completed
O006469,C00658,2024-12-25,Completed
O006470,C00939,2025-02-18,Completed
O006471,C01183,2024-01-02,Completed
O006472,C00760,2025-09-29,Completed
O006473,C00823,2024-12-09,Completed
O006474,C00643,2025-01-21,Completed
O006475,C00168,2025-12-15,Completed
O006476,C00184,2024-12-31,Completed
O006477,C00224,2025-04-15,Completed
O006478,C00357,2024-07-10,Completed
O006479,C00592,2024-04-23,Completed
O006480,C00936,2024-08-19,Completed
O006481,C01027,2025-03-31,Completed
O006482,C00745,2024-06-15,Completed
O006483,C01169,2024-12-14,Completed
O006484,C00111,2024-10-22,Completed
O006485,C01144,2025-02-18,Completed
O006486,C00316,2025-01-06,Completed
O006487,C00207,2024-11-30,Cancelled
O006488,C00371,2025-09-09,Completed
O006489,C00521,2025-04-30,Completed
O006490,C00483,2024-11-16,Completed
O006491,C00062,2024-07-05,Completed
O006492,C00696,2024-01-22,Completed
O006493,C00461,2024-11-02,Completed
O006494,C00797,2024-01-27,Completed
O006495,C00043,2025-09-27,Completed
O006496,C00390,2025-08-11,Completed
O006497,C00396,2024-03-23,Completed
O006498,C00096,2025-07-22,Completed
O006499,C01123,2024-01-27,Completed
O006500,C00928,2024-01-12,Completed
O006501,C00410,2024-07-19,Cancelled
O006502,C00369,2025-05-17,Completed
O006503,C00552,2024-02-25,Completed
O006504,C01059,2025-09-07,Completed
O006505,C00440,2025-05-13,Completed
O006506,C00756,2025-06-17,Completed
O006507,C00333,2024-01-12,Completed
O006508,C00470,2025-06-03,Completed
O006509,C00956,2025-11-23,Cancelled
O006510,C00527,2025-10-06,Completed
O006511,C00366,2025-10-21,Completed
O006512,C00829,2024-09-29,Completed
O006513,C00908,2025-05-15,Completed
O006514,C00528,2024-07-15,Completed
O006515,C00064,2024-01-26,Completed
O006516,C00272,2025-04-05,Completed
O006517,C00965,2025-07-11,Completed
O006518,C00637,2025-05-28,Completed
O006519,C00996,2024-09-16,Completed
O006520,C00177,2024-07-26,Completed
O006521,C00604,2025-08-25,Completed
O006522,C00787,2024-08-29,Completed
O006523,C00007,2025-08-27,Completed
O006524,C00349,2025-08-29,Completed
O006525,C00799,2024-08-02,Completed
O006526,C00888,2024-12-12,Completed
O006527,C00763,2024-05-10,Completed
O006528,C01091,2024-03-14,Completed
O006529,C01132,2024-06-26,Completed
O006530,C01200,2024-12-02,Completed
O006531,C00587,2025-01-05,Completed
O006532,C00211,2024-02-27,Completed
O006533,C00117,2025-06-07,Completed
O006534,C00734,2025-03-24,Cancelled
O006535,C00475,2025-10-18,Completed
O006536,C01040,2025-04-11,Completed
O006537,C00801,2024-12-27,Completed
O006538,C00890,2024-02-24,Completed
O006539,C00356,2025-11-22,Completed
O006540,C00202,2025-07-14,Completed
O006541,C00028,2025-11-11,Completed
O006542,C00955,2025-09-22,Completed
O006543,C00949,2025-08-28,Completed
O006544,C01139,2025-05-26,Completed
O006545,C00247,2025-03-08,Completed
O006546,C00101,2025-11-22,Completed
O006547,C00753,2024-05-29,Completed
O006548,C00591,2025-12-17,Completed
O006549,C00217,2025-07-10,Completed
O006550,C01004,2025-07-01,Completed
O006551,C00657,2024-04-29,Completed
O006552,C00780,2025-08-08,Completed
O006553,C00412,2024-10-21,Cancelled
O006554,C00451,2025-10-12,Completed
O006555,C00345,2024-10-04,Completed
O006556,C00606,2025-04-21,Completed
O006557,C01154,2024-06-13,Completed
O006558,C01158,2025-07-16,Completed
O006559,C00279,2024-02-11,Completed
O006560,C01183,2025-05-24,Completed
O006561,C00968,2024-09-18,Completed
O006562,C01149,2024-05-22,Completed
O006563,C00860,2025-05-14,Completed
O006564,C00173,2025-08-21,Cancelled
O006565,C00060,2024-02-06,Completed
O006566,C01000,2024-01-03,Completed
O006567,C00510,2024-03-30,Completed
O006568,C00698,2025-11-13,Completed
O006569,C00441,2024-04-20,Completed
O006570,C00061,2025-04-12,Completed
O006571,C00052,2025-07-16,Completed
O006572,C01062,2025-01-12,Returned
O006573,C01130,2025-11-27,Completed
O006574,C00320,2024-06-23,Completed
O006575,C00946,2024-04-05,Cancelled
O006576,C00892,2024-03-27,Cancelled
O006577,C00078,2024-04-12,Completed
O006578,C00839,2024-02-24,Completed
O006579,C00819,2025-09-17,Completed
O006580,C00097,2025-01-23,Completed
O006581,C00609,2024-01-05,Completed
O006582,C01007,2024-06-26,Completed
O006583,C01138,2025-08-06,Completed
O006584,C00577,2024-10-21,Completed
O006585,C00577,2025-12-16,Completed
O006586,C01144,2024-03-20,Completed
O006587,C00235,2024-08-13,Completed
O006588,C00609,2025-11-12,Completed
O006589,C00912,2024-04-09,Completed
O006590,C00455,2025-10-14,Completed
O006591,C00163,2025-05-27,Completed
O006592,C00425,2024-09-03,Completed
O006593,C00575,2025-01-22,Completed
O006594,C00191,2024-08-13,Completed
O006595,C00571,2024-01-13,Completed
O006596,C00524,2024-12-27,Completed
O006597,C00588,2025-12-08,Completed
O006598,C00582,2025-08-08,Completed
O006599,C00685,2025-05-29,Completed
O006600,C01191,2024-02-28,Completed
O006601,C00075,2024-11-24,Completed
O006602,C00074,2025-08-27,Completed
O006603,C00564,2024-02-08,Completed
O006604,C00682,2025-08-22,Completed
O006605,C00755,2025-08-07,Completed
O006606,C01118,2024-03-29,Completed
O006607,C00728,2024-07-24,Completed
O006608,C00249,2025-04-26,Completed
O006609,C00204,2024-10-28,Completed
O006610,C00980,2024-01-15,Completed
O006611,C00419,2025-01-06,Completed
O006612,C00311,2024-04-30,Completed
O006613,C00263,2025-09-11,Completed
O006614,C00366,2024-03-21,Completed
O006615,C00597,2025-03-05,Completed
O006616,C00763,2024-08-13,Completed
O006617,C00387,2025-01-13,Completed
O006618,C01097,2024-05-25,Completed
O006619,C00873,2025-07-25,Completed
O006620,C00693,2024-01-05,Completed
O006621,C00986,2024-05-10,Completed
O006622,C00366,2025-12-07,Completed
O006623,C00631,2025-05-16,Completed
O006624,C00466,2025-08-06,Completed
O006625,C00854,2025-01-11,Completed
O006626,C00039,2025-01-28,Completed
O006627,C00325,2025-09-24,Completed
O006628,C01119,2025-06-13,Completed
O006629,C00803,2025-12-17,Completed
O006630,C01199,2024-10-29,Completed
O006631,C00031,2024-07-15,Completed
O006632,C00739,2025-08-19,Completed
O006633,C00362,2025-09-12,Completed
O006634,C00267,2025-04-16,Completed
O006635,C00540,2024-04-23,Completed
O006636,C00965,2024-06-13,Completed
O006637,C00636,2024-02-14,Completed
O006638,C00004,2025-07-23,Completed
O006639,C00226,2025-04-28,Completed
O006640,C00538,2024-06-23,Cancelled
O006641,C00238,2024-06-14,Completed
O006642,C00767,2025-03-09,Completed
O006643,C00087,2025-12-27,Completed
O006644,C00449,2025-01-11,Completed
O006645,C00170,2025-09-29,Completed
O006646,C00744,2025-09-01,Completed
O006647,C00899,2025-05-09,Completed
O006648,C00581,2024-12-29,Completed
O006649,C00324,2024-02-08,Completed
O006650,C00381,2025-09-06,Completed
O006651,C00934,2024-01-30,Completed
O006652,C00176,2025-09-15,Returned
O006653,C00767,2025-10-26,Completed
O006654,C00969,2024-10-03,Completed
O006655,C00499,2025-06-12,Completed
O006656,C00529,2024-01-21,Completed
O006657,C00559,2025-03-03,Completed
O006658,C00766,2025-07-28,Cancelled
O006659,C00977,2024-03-29,Completed
O006660,C00529,2024-12-12,Completed
O006661,C00657,2024-08-22,Completed
O006662,C00378,2024-02-25,Completed
O006663,C00468,2025-08-31,Completed
O006664,C00663,2025-10-12,Completed
O006665,C00113,2025-07-17,Completed
O006666,C00154,2024-08-10,Completed
O006667,C00860,2024-10-23,Completed
O006668,C00565,2024-01-23,Completed
O006669,C01158,2024-07-15,Completed
O006670,C00596,2025-03-19,Completed
O006671,C00213,2024-05-21,Completed
O006672,C00672,2025-10-13,Completed
O006673,C00840,2025-05-27,Completed
O006674,C00666,2025-02-19,Completed
O006675,C00879,2024-12-04,Completed
O006676,C00518,2024-09-19,Completed
O006677,C00127,2024-06-21,Completed
O006678,C00235,2024-11-13,Completed
O006679,C00154,2024-03-19,Completed
O006680,C01120,2025-12-29,Completed
O006681,C01082,2024-02-26,Completed
O006682,C00549,2024-10-10,Completed
O006683,C00275,2024-12-23,Completed
O006684,C00132,2025-07-30,Completed
O006685,C01164,2024-10-06,Completed
O006686,C00700,2024-12-31,Completed
O006687,C01068,2025-10-30,Returned
O006688,C00912,2024-06-18,Completed
O006689,C00389,2024-03-21,Completed
O006690,C01144,2024-03-14,Completed
O006691,C00084,2024-08-30,Completed
O006692,C00654,2025-12-07,Completed
O006693,C00235,2025-12-12,Returned
O006694,C00969,2024-05-17,Completed
O006695,C00167,2024-04-16,Completed
O006696,C00066,2024-11-27,Completed
O006697,C00093,2024-09-14,Completed
O006698,C00833,2025-05-04,Completed
O006699,C00804,2025-01-26,Completed
O006700,C00261,2024-08-02,Completed
O006701,C00893,2024-07-03,Completed
O006702,C00121,2025-10-31,Completed
O006703,C00597,2024-10-24,Completed
O006704,C00826,2025-06-02,Completed
O006705,C00490,2024-05-29,Completed
O006706,C00387,2024-02-02,Cancelled
O006707,C00431,2024-11-02,Cancelled
O006708,C00640,2025-02-28,Completed
O006709,C00597,2024-04-08,Completed
O006710,C00792,2024-10-21,Completed
O006711,C00903,2024-09-29,Completed
O006712,C00809,2024-01-22,Completed
O006713,C00270,2025-07-26,Completed
O006714,C01039,2025-05-29,Completed
O006715,C00911,2025-04-18,Completed
O006716,C00463,2024-10-12,Completed
O006717,C01138,2024-11-26,Completed
O006718,C01017,2025-08-21,Completed
O006719,C00656,2024-05-25,Completed
O006720,C00493,2025-12-16,Completed
O006721,C00532,2025-04-18,Completed
O006722,C01199,2025-12-22,Completed
O006723,C00073,2024-11-06,Completed
O006724,C00491,2024-01-08,Completed
O006725,C00878,2025-01-22,Completed
O006726,C00140,2025-01-19,Completed
O006727,C00877,2025-01-29,Completed
O006728,C00147,2025-07-28,Completed
O006729,C00416,2025-01-29,Completed
O006730,C00793,2024-04-09,Cancelled
O006731,C00492,2024-08-05,Completed
O006732,C00482,2025-10-27,Completed
O006733,C00893,2025-12-07,Cancelled
O006734,C00559,2024-01-07,Completed
O006735,C00048,2025-08-30,Completed
O006736,C00524,2024-05-08,Completed
O006737,C00187,2024-08-28,Completed
O006738,C00389,2025-10-30,Completed
O006739,C00466,2024-04-20,Completed
O006740,C00111,2025-06-07,Completed
O006741,C01173,2025-07-16,Completed
O006742,C00130,2024-07-11,Completed
O006743,C00866,2024-01-22,Completed
O006744,C00545,2024-08-29,Completed
O006745,C01064,2025-03-07,Completed
O006746,C01112,2025-06-21,Returned
O006747,C00836,2025-07-23,Completed
O006748,C00560,2024-06-11,Cancelled
O006749,C01196,2024-07-09,Completed
O006750,C00524,2024-05-28,Completed
O006751,C00425,2025-02-15,Completed
O006752,C01075,2024-04-19,Completed
O006753,C00932,2025-08-03,Completed
O006754,C01038,2025-11-16,Completed
O006755,C00765,2025-06-15,Completed
O006756,C00526,2024-01-15,Cancelled
O006757,C00856,2024-01-12,Completed
O006758,C00742,2024-01-24,Completed
O006759,C00556,2025-06-30,Completed
O006760,C00267,2025-03-18,Completed
O006761,C00480,2025-10-25,Completed
O006762,C00072,2025-04-21,Completed
O006763,C01161,2025-12-24,Completed
O006764,C00226,2025-12-12,Returned
O006765,C00183,2025-04-26,Completed
O006766,C00255,2025-11-25,Completed
O006767,C00312,2025-01-25,Completed
O006768,C01066,2025-12-24,Completed
O006769,C00577,2025-03-04,Completed
O006770,C00180,2024-04-02,Completed
O006771,C00095,2024-03-22,Completed
O006772,C00222,2025-07-16,Cancelled
O006773,C00212,2024-07-17,Completed
O006774,C00850,2025-12-16,Completed
O006775,C00761,2025-04-02,Completed
O006776,C00650,2024-10-13,Completed
O006777,C00228,2024-11-14,Completed
O006778,C00152,2024-05-11,Completed
O006779,C00554,2024-06-12,Completed
O006780,C00042,2024-10-04,Completed
O006781,C01107,2025-06-30,Completed
O006782,C00499,2025-01-11,Completed
O006783,C01027,2024-10-19,Completed
O006784,C01182,2025-05-12,Completed
O006785,C00832,2025-03-03,Cancelled
O006786,C01012,2025-08-18,Completed
O006787,C01093,2025-09-05,Completed
O006788,C01066,2024-03-13,Completed
O006789,C00267,2024-10-14,Completed
O006790,C00810,2025-05-08,Completed
O006791,C00396,2024-07-01,Completed
O006792,C01070,2025-06-17,Completed
O006793,C00024,2025-01-18,Completed
O006794,C00262,2025-06-29,Returned
O006795,C00360,2025-12-25,Completed
O006796,C00559,2025-09-14,Completed
O006797,C00859,2024-11-20,Completed
O006798,C00224,2024-06-29,Cancelled
O006799,C00651,2025-08-07,Completed
O006800,C00552,2025-05-22,Completed
O006801,C00173,2024-08-30,Completed
O006802,C00838,2024-10-11,Returned
O006803,C00742,2024-11-30,Completed
O006804,C00078,2025-12-06,Completed
O006805,C00249,2024-08-13,Completed
O006806,C00113,2024-10-13,Completed
O006807,C00783,2024-10-07,Returned
O006808,C00589,2024-04-25,Completed
O006809,C00324,2024-05-03,Completed
O006810,C01039,2024-05-03,Completed
O006811,C00282,2024-04-12,Completed
O006812,C01190,2024-12-13,Completed
O006813,C00982,2025-05-29,Completed
O006814,C00624,2025-12-05,Completed
O006815,C00995,2025-02-20,Completed
O006816,C00429,2024-04-26,Completed
O006817,C00618,2025-11-21,Returned
O006818,C00061,2025-10-06,Completed
O006819,C00298,2025-10-25,Completed
O006820,C00259,2024-02-22,Completed
O006821,C00194,2025-03-11,Completed
O006822,C00039,2024-04-09,Completed
O006823,C00414,2024-09-11,Completed
O006824,C00090,2025-04-14,Completed
O006825,C01044,2025-04-28,Cancelled
O006826,C00280,2025-12-12,Completed
O006827,C01065,2025-11-03,Completed
O006828,C01062,2024-04-27,Completed
O006829,C01113,2024-07-09,Completed
O006830,C00890,2024-11-04,Completed
O006831,C01154,2025-06-09,Completed
O006832,C00284,2025-03-03,Completed
O006833,C00103,2025-05-30,Completed
O006834,C00693,2025-09-21,Completed
O006835,C00500,2025-09-12,Completed
O006836,C01154,2024-05-23,Completed
O006837,C00554,2025-09-09,Completed
O006838,C01196,2024-10-27,Completed
O006839,C00319,2025-03-24,Cancelled
O006840,C00048,2025-08-04,Cancelled
O006841,C01037,2025-11-17,Cancelled
O006842,C01155,2024-06-13,Completed
O006843,C00579,2025-01-25,Completed
O006844,C00605,2025-11-26,Completed
O006845,C00162,2024-12-22,Completed
O006846,C00748,2024-12-03,Completed
O006847,C00908,2024-08-03,Completed
O006848,C00805,2024-05-05,Completed
O006849,C00785,2025-01-01,Completed
O006850,C00942,2025-08-07,Completed
O006851,C01198,2025-10-20,Completed
O006852,C00353,2025-05-30,Completed
O006853,C00423,2025-05-23,Completed
O006854,C01024,2024-08-08,Completed
O006855,C00109,2025-04-26,Cancelled
O006856,C00205,2025-03-14,Completed
O006857,C00805,2024-04-21,Completed
O006858,C01012,2025-01-20,Completed
O006859,C00053,2024-07-27,Completed
O006860,C00291,2024-03-30,Completed
O006861,C00115,2025-01-21,Cancelled
O006862,C00400,2025-02-27,Completed
O006863,C00962,2025-10-05,Completed
O006864,C00226,2025-12-31,Completed
O006865,C00933,2025-03-16,Completed
O006866,C00697,2025-10-22,Completed
O006867,C00490,2024-04-28,Completed
O006868,C01092,2024-12-02,Completed
O006869,C00375,2024-11-10,Returned
O006870,C00398,2024-01-14,Cancelled
O006871,C00530,2024-02-26,Completed
O006872,C00008,2025-02-10,Completed
O006873,C00859,2024-03-31,Completed
O006874,C00645,2025-10-30,Completed
O006875,C00993,2025-01-03,Completed
O006876,C01164,2025-12-05,Completed
O006877,C00048,2024-12-16,Completed
O006878,C00661,2024-05-15,Completed
O006879,C00823,2025-03-10,Completed
O006880,C00172,2025-02-25,Completed
O006881,C00404,2024-07-22,Returned
O006882,C00683,2025-04-03,Completed
O006883,C00245,2025-03-14,Completed
O006884,C00254,2024-09-01,Completed
O006885,C00355,2024-01-17,Completed
O006886,C00142,2024-08-12,Completed
O006887,C01047,2025-04-04,Completed
O006888,C00979,2024-01-31,Completed
O006889,C01010,2024-03-13,Completed
O006890,C00836,2025-11-26,Cancelled
O006891,C00497,2025-12-02,Completed
O006892,C00818,2025-05-23,Completed
O006893,C00087,2024-07-21,Completed
O006894,C00090,2025-02-13,Completed
O006895,C00205,2025-10-05,Completed
O006896,C00134,2024-11-15,Completed
O006897,C00542,2025-01-30,Completed
O006898,C00030,2024-09-02,Completed
O006899,C00063,2024-10-16,Completed
O006900,C00982,2025-10-05,Completed
O006901,C01114,2024-02-15,Completed
O006902,C00541,2025-06-07,Completed
O006903,C00872,2024-02-20,Cancelled
O006904,C00451,2025-08-10,Completed
O006905,C00019,2024-01-30,Completed
O006906,C00598,2025-06-22,Completed
O006907,C01053,2025-10-22,Returned
O006908,C01015,2025-05-29,Completed
O006909,C00635,2024-09-13,Completed
O006910,C00537,2025-08-17,Completed
O006911,C01038,2025-08-09,Completed
O006912,C00527,2025-01-24,Completed
O006913,C00640,2025-11-17,Completed
O006914,C00266,2025-02-25,Completed
O006915,C01010,2025-07-09,Completed
O006916,C00786,2025-03-05,Completed
O006917,C01151,2025-03-15,Completed
O006918,C00136,2025-09-04,Completed
O006919,C01092,2025-08-25,Completed
O006920,C00024,2024-06-17,Completed
O006921,C00376,2024-05-11,Completed
O006922,C00275,2024-12-18,Completed
O006923,C00905,2025-03-28,Completed
O006924,C00407,2025-06-20,Completed
O006925,C01062,2025-08-10,Completed
O006926,C00550,2024-02-07,Completed
O006927,C00682,2025-11-08,Completed
O006928,C01043,2024-11-18,Completed
O006929,C00515,2025-09-23,Completed
O006930,C01067,2025-02-23,Completed
O006931,C00267,2025-11-19,Completed
O006932,C00416,2025-05-15,Completed
O006933,C00587,2025-07-29,Completed
O006934,C00608,2024-05-23,Completed
O006935,C00262,2024-04-05,Completed
O006936,C00642,2024-05-31,Completed
O006937,C00586,2025-03-12,Returned
O006938,C00311,2024-12-27,Completed
O006939,C00314,2025-09-16,Cancelled
O006940,C00862,2025-05-22,Completed
O006941,C00138,2024-02-22,Completed
O006942,C00265,2024-12-16,Completed
O006943,C00147,2025-11-23,Completed
O006944,C00674,2025-06-01,Completed
O006945,C00484,2025-09-08,Completed
O006946,C00162,2024-12-18,Completed
O006947,C00890,2025-11-02,Completed
O006948,C00910,2024-01-05,Completed
O006949,C00942,2025-10-10,Completed
O006950,C00914,2025-10-26,Completed
O006951,C00834,2025-12-23,Completed
O006952,C00209,2024-09-14,Completed
O006953,C00225,2024-03-24,Completed
O006954,C01113,2024-12-03,Completed
O006955,C00512,2025-05-24,Completed
O006956,C00256,2025-09-14,Completed
O006957,C00405,2024-05-13,Completed
O006958,C00937,2024-11-23,Completed
O006959,C00688,2025-12-06,Completed
O006960,C00231,2024-07-25,Completed
O006961,C00241,2024-10-11,Completed
O006962,C01129,2025-04-15,Completed
O006963,C00002,2024-10-09,Completed
O006964,C01179,2024-12-19,Completed
O006965,C00976,2024-05-03,Completed
O006966,C00150,2024-10-24,Completed
O006967,C01188,2024-04-08,Completed
O006968,C01040,2025-12-24,Completed
O006969,C00157,2024-07-29,Returned
O006970,C00878,2024-08-15,Completed
O006971,C01171,2025-10-07,Completed
O006972,C00615,2025-05-11,Completed
O006973,C00860,2025-10-10,Completed
O006974,C00155,2024-01-19,Completed
O006975,C00995,2024-04-17,Returned
O006976,C00990,2024-09-25,Completed
O006977,C00154,2025-11-27,Completed
O006978,C00613,2024-08-07,Completed
O006979,C00004,2024-02-11,Completed
O006980,C01123,2025-03-01,Completed
O006981,C01006,2024-12-27,Completed
O006982,C00942,2024-07-10,Completed
O006983,C00193,2025-01-23,Completed
O006984,C00419,2024-06-13,Completed
O006985,C01027,2024-09-03,Completed
O006986,C00060,2024-07-04,Completed
O006987,C00893,2024-11-15,Completed
O006988,C00883,2024-11-18,Completed
O006989,C00378,2024-12-19,Completed
O006990,C00220,2024-05-10,Completed
O006991,C00284,2025-03-11,Completed
O006992,C00380,2024-09-07,Cancelled
O006993,C00157,2025-10-06,Completed
O006994,C00851,2024-12-24,Cancelled
O006995,C00105,2024-02-05,Completed
O006996,C00058,2025-06-06,Completed
O006997,C00662,2024-01-24,Completed
O006998,C00704,2024-03-02,Completed
O006999,C00679,2024-03-02,Returned
O007000,C01160,2024-02-26,Completed
