order_id,product_id,quantity,discount_pct
O000001,P0028,2,0.1
O000001,P0016,2,0.0
O000001,P0024,1,0.0
O000001,P0018,1,0.2
O000002,P0001,1,0.1
O000003,P0005,1,0.1
O000004,P0004,1,0.0
O000004,P0002,2,0.0
O000004,P0005,1,0.05
O000005,P0027,2,0.1
O000005,P0004,3,0.1
O000005,P0017,1,0.05
O000005,P0029,2,0.1
O000005,P0010,1,0.05
O000006,P0018,1,0.0
O000006,P0012,1,0.0
O000006,P0008,2,0.1
O000007,P0021,1,0.0
O000007,P0002,3,0.0
O000007,P0030,3,0.05
O000008,P0011,3,0.05
O000009,P0018,1,0.0
O000009,P0008,1,0.1
O000009,P0014,1,0.1
O000009,P0026,2,0.1
O000010,P0017,1,0.05
O000010,P0014,2,0.1
O000010,P0015,1,0.0
O000011,P0007,1,0.0
O000012,P0009,2,0.1
O000012,P0010,4,0.05
O000012,P0023,2,0.0
O000012,P0018,3,0.0
O000013,P0018,1,0.05
O000013,P0020,3,0.05
O000013,P0002,3,0.0
O000014,P0013,1,0.0
O000014,P0025,1,0.1
O000014,P0029,1,0.0
O000015,P0009,1,0.05
O000016,P0024,1,0.05
O000016,P0026,1,0.05
O000017,P0006,1,0.05
O000018,P0014,2,0.0
O000018,P0021,1,0.05
O000019,P0006,1,0.1
O000019,P0020,2,0.05
O000020,P0013,4,0.1
O000021,P0023,1,0.1
O000021,P0002,1,0.05
O000021,P0006,4,0.0
O000021,P0008,1,0.2
O000022,P0019,1,0.05
O000023,P0015,3,0.05
O000023,P0024,1,0.0
O000023,P0029,2,0.1
O000024,P0021,2,0.05
O000024,P0010,1,0.05
O000024,P0025,1,0.05
O000025,P0013,2,0.0
O000026,P0011,1,0.1
O000026,P0030,3,0.0
O000026,P0029,2,0.15
O000027,P0004,3,0.05
O000028,P0005,2,0.15
O000029,P0009,1,0.1
O000029,P0013,1,0.05
O000029,P0021,2,0.0
O000030,P0014,2,0.05
O000030,P0016,1,0.1
O000030,P0001,1,0.0
O000031,P0013,1,0.0
O000032,P0016,1,0.15
O000032,P0009,1,0.0
O000033,P0027,1,0.0
O000033,P0028,1,0.1
O000034,P0023,1,0.0
O000034,P0029,1,0.0
O000034,P0030,1,0.0
O000035,P0007,2,0.05
O000035,P0029,1,0.1
O000036,P0027,1,0.2
O000036,P0020,4,0.05
O000037,P0022,2,0.0
O000037,P0010,1,0.1
O000037,P0007,2,0.2
O000038,P0017,1,0.05
O000038,P0011,1,0.05
O000038,P0015,1,0.1
O000039,P0023,1,0.0
O000040,P0029,1,0.05
O000041,P0007,3,0.0
O000041,P0027,1,0.0
O000041,P0003,1,0.05
O000042,P0013,2,0.0
O000043,P0030,1,0.05
O000043,P0009,1,0.0
O000044,P0004,2,0.0
O000045,P0004,1,0.0
O000045,P0022,3,0.05
O000046,P0022,1,0.15
O000046,P0006,1,0.2
O000046,P0017,2,0.1
O000046,P0012,1,0.1
O000047,P0017,3,0.05
O000047,P0014,1,0.05
O000048,P0028,1,0.1
O000049,P0003,2,0.1
O000049,P0011,1,0.0
O000050,P0009,1,0.05
O000050,P0014,1,0.2
O000051,P0018,1,0.05
O000052,P0022,1,0.1
O000052,P0013,1,0.15
O000053,P0028,1,0.15
O000053,P0005,1,0.0
O000053,P0001,1,0.0
O000053,P0006,3,0.05
O000054,P0018,2,0.0
O000054,P0023,3,0.1
O000054,P0022,3,0.0
O000054,P0030,1,0.05
O000055,P0023,1,0.1
O000055,P0028,1,0.2
O000056,P0010,3,0.05
O000056,P0026,4,0.0
O000057,P0012,2,0.0
O000058,P0026,1,0.0
O000058,P0007,2,0.1
O000059,P0020,2,0.1
O000059,P0007,4,0.15
O000060,P0015,1,0.2
O000060,P0026,1,0.0
O000061,P0001,1,0.2
O000062,P0025,3,0.05
O000062,P0013,1,0.1
O000062,P0005,1,0.0
O000063,P0010,1,0.05
O000063,P0024,2,0.1
O000064,P0010,1,0.05
O000064,P0019,2,0.15
O000065,P0027,1,0.0
O000066,P0016,1,0.15
O000066,P0003,2,0.0
O000067,P0005,1,0.0
O000067,P0016,1,0.0
O000067,P0004,1,0.0
O000068,P0028,1,0.0
O000069,P0011,1,0.15
O000070,P0011,3,0.0
O000070,P0027,4,0.05
O000070,P0026,1,0.05
O000070,P0025,1,0.15
O000071,P0027,3,0.05
O000071,P0021,2,0.1
O000072,P0006,1,0.05
O000073,P0021,2,0.0
O000074,P0026,1,0.0
O000074,P0003,3,0.1
O000074,P0029,4,0.2
O000075,P0026,1,0.0
O000075,P0024,2,0.05
O000076,P0023,1,0.0
O000077,P0024,1,0.2
O000077,P0016,2,0.0
O000077,P0017,2,0.2
O000078,P0025,1,0.0
O000078,P0022,1,0.15
O000079,P0012,1,0.0
O000079,P0009,2,0.0
O000080,P0003,3,0.0
O000080,P0014,3,0.0
O000081,P0030,2,0.05
O000082,P0006,1,0.2
O000083,P0023,1,0.05
O000083,P0020,2,0.0
O000083,P0002,1,0.0
O000083,P0012,4,0.0
O000084,P0009,1,0.1
O000084,P0013,4,0.1
O000085,P0011,1,0.05
O000086,P0010,1,0.0
O000086,P0011,1,0.05
O000086,P0017,4,0.0
O000087,P0017,1,0.05
O000088,P0022,3,0.1
O000088,P0012,2,0.0
O000089,P0023,1,0.0
O000089,P0027,1,0.1
O000090,P0009,1,0.05
O000091,P0008,1,0.05
O000091,P0020,2,0.1
O000091,P0003,1,0.05
O000092,P0015,1,0.0
O000092,P0022,1,0.1
O000092,P0026,3,0.05
O000092,P0029,2,0.0
O000093,P0022,1,0.1
O000094,P0028,1,0.1
O000095,P0027,1,0.0
O000095,P0007,1,0.1
O000096,P0016,1,0.1
O000097,P0009,3,0.0
O000098,P0006,3,0.15
O000098,P0022,1,0.0
O000098,P0013,1,0.1
O000099,P0007,2,0.0
O000100,P0023,2,0.0
O000101,P0030,1,0.1
O000101,P0010,1,0.1
O000101,P0003,1,0.1
O000101,P0008,4,0.05
O000102,P0024,1,0.05
O000102,P0004,1,0.05
O000102,P0023,1,0.0
O000103,P0029,1,0.05
O000104,P0015,2,0.0
O000104,P0018,3,0.0
O000105,P0009,1,0.1
O000105,P0029,2,0.05
O000106,P0008,1,0.1
O000107,P0014,1,0.05
O000107,P0013,4,0.0
O000107,P0027,3,0.1
O000107,P0020,1,0.1
O000107,P0021,2,0.0
O000108,P0029,1,0.05
O000108,P0013,1,0.1
O000109,P0026,2,0.0
O000109,P0019,1,0.0
O000110,P0018,1,0.1
O000110,P0017,1,0.05
O000110,P0008,1,0.0
O000110,P0023,2,0.1
O000110,P0003,2,0.0
O000111,P0028,2,0.05
O000111,P0010,1,0.1
O000112,P0018,1,0.05
O000113,P0011,1,0.1
O000113,P0026,1,0.0
O000113,P0028,2,0.05
O000113,P0013,1,0.1
O000114,P0021,2,0.0
O000114,P0001,1,0.0
O000115,P0010,1,0.0
O000115,P0002,2,0.0
O000115,P0024,1,0.1
O000116,P0015,1,0.05
O000116,P0029,4,0.05
O000117,P0026,1,0.0
O000118,P0011,1,0.0
O000119,P0019,1,0.05
O000119,P0012,1,0.0
O000120,P0010,1,0.1
O000121,P0011,2,0.0
O000121,P0006,1,0.2
O000121,P0010,1,0.05
O000122,P0020,1,0.05
O000123,P0016,3,0.0
O000124,P0017,1,0.0
O000124,P0030,2,0.1
O000124,P0013,1,0.1
O000125,P0026,1,0.05
O000126,P0022,1,0.1
O000127,P0016,2,0.15
O000127,P0009,1,0.05
O000127,P0006,2,0.15
O000128,P0023,1,0.05
O000129,P0022,3,0.05
O000129,P0024,3,0.15
O000129,P0021,2,0.1
O000130,P0026,2,0.05
O000131,P0011,2,0.05
O000132,P0007,1,0.0
O000132,P0017,1,0.1
O000132,P0005,1,0.05
O000132,P0019,2,0.0
O000133,P0010,1,0.0
O000133,P0028,1,0.2
O000133,P0004,3,0.1
O000133,P0025,3,0.05
O000134,P0023,3,0.05
O000134,P0006,2,0.15
O000134,P0005,3,0.0
O000135,P0021,1,0.1
O000135,P0015,2,0.1
O000135,P0007,2,0.15
O000136,P0002,1,0.05
O000137,P0019,1,0.05
O000137,P0013,1,0.0
O000137,P0006,1,0.1
O000138,P0016,1,0.05
O000138,P0018,3,0.0
O000139,P0028,1,0.05
O000139,P0007,2,0.1
O000139,P0019,3,0.1
O000140,P0026,3,0.05
O000140,P0013,4,0.0
O000141,P0022,1,0.05
O000141,P0014,1,0.1
O000141,P0002,2,0.1
O000141,P0010,1,0.0
O000142,P0024,1,0.05
O000142,P0025,3,0.0
O000142,P0016,1,0.0
O000142,P0006,1,0.05
O000143,P0007,1,0.05
O000144,P0009,2,0.0
O000144,P0017,1,0.0
O000145,P0010,2,0.1
O000145,P0014,2,0.1
O000145,P0024,1,0.05
O000146,P0024,1,0.0
O000146,P0025,1,0.05
O000147,P0008,1,0.15
O000147,P0029,3,0.05
O000147,P0024,2,0.15
O000147,P0006,4,0.0
O000148,P0007,1,0.0
O000148,P0016,1,0.15
O000149,P0002,3,0.05
O000149,P0012,2,0.0
O000150,P0025,1,0.1
O000150,P0008,1,0.05
O000150,P0027,1,0.0
O000151,P0014,2,0.0
O000152,P0021,1,0.1
O000152,P0008,1,0.0
O000152,P0029,1,0.0
O000152,P0019,2,0.1
O000153,P0005,1,0.05
O000153,P0021,1,0.15
O000154,P0013,4,0.05
O000154,P0007,2,0.0
O000154,P0025,1,0.05
O000154,P0024,1,0.05
O000155,P0011,2,0.0
O000155,P0013,1,0.15
O000156,P0021,1,0.0
O000156,P0012,1,0.2
O000156,P0030,1,0.2
O000157,P0014,3,0.05
O000158,P0008,1,0.2
O000158,P0004,2,0.0
O000158,P0019,3,0.1
O000158,P0013,2,0.0
O000159,P0006,1,0.1
O000160,P0023,1,0.05
O000160,P0024,2,0.05
O000160,P0002,1,0.1
O000160,P0005,3,0.0
O000161,P0019,1,0.05
O000162,P0017,2,0.2
O000162,P0026,1,0.05
O000163,P0017,1,0.0
O000163,P0001,1,0.2
O000164,P0022,1,0.0
O000164,P0028,1,0.05
O000164,P0009,2,0.05
O000164,P0013,2,0.0
O000165,P0015,4,0.0
O000165,P0028,2,0.1
O000165,P0019,4,0.05
O000166,P0025,2,0.1
O000167,P0005,1,0.2
O000167,P0021,3,0.0
O000168,P0006,2,0.2
O000168,P0004,1,0.0
O000169,P0004,1,0.0
O000169,P0024,1,0.0
O000170,P0028,1,0.1
O000170,P0027,2,0.05
O000171,P0024,1,0.05
O000172,P0021,1,0.05
O000173,P0028,3,0.05
O000173,P0013,1,0.0
O000174,P0009,1,0.0
O000175,P0020,1,0.1
O000175,P0029,2,0.0
O000176,P0030,1,0.1
O000176,P0026,1,0.0
O000177,P0013,1,0.05
O000177,P0007,1,0.1
O000177,P0015,2,0.0
O000177,P0009,4,0.15
O000178,P0017,2,0.15
O000178,P0015,1,0.05
O000178,P0029,1,0.0
O000179,P0007,3,0.2
O000179,P0026,2,0.05
O000179,P0014,2,0.2
O000180,P0002,1,0.0
O000180,P0030,1,0.0
O000180,P0019,1,0.0
O000181,P0027,2,0.05
O000181,P0001,2,0.1
O000182,P0023,1,0.0
O000182,P0029,1,0.0
O000183,P0006,2,0.0
O000183,P0026,2,0.1
O000183,P0011,1,0.0
O000183,P0021,2,0.1
O000184,P0010,2,0.0
O000184,P0002,1,0.05
O000185,P0009,1,0.0
O000185,P0017,1,0.15
O000186,P0011,2,0.05
O000186,P0019,1,0.0
O000187,P0024,1,0.15
O000188,P0005,1,0.15
O000188,P0007,2,0.05
O000188,P0018,1,0.15
O000189,P0028,2,0.0
O000189,P0004,2,0.1
O000189,P0014,1,0.0
O000190,P0016,1,0.0
O000190,P0021,2,0.2
O000190,P0020,1,0.0
O000190,P0022,2,0.0
O000191,P0022,1,0.0
O000192,P0024,2,0.1
O000192,P0006,2,0.05
O000192,P0014,3,0.15
O000192,P0018,3,0.05
O000192,P0001,1,0.0
O000193,P0007,4,0.1
O000193,P0002,2,0.15
O000193,P0010,1,0.05
O000194,P0002,1,0.05
O000195,P0014,2,0.0
O000195,P0030,2,0.0
O000196,P0002,1,0.1
O000196,P0004,1,0.1
O000197,P0008,1,0.1
O000198,P0009,2,0.05
O000199,P0004,1,0.05
O000199,P0020,3,0.1
O000200,P0022,2,0.05
O000200,P0013,1,0.0
O000200,P0012,1,0.1
O000201,P0006,3,0.0
O000202,P0008,2,0.15
O000202,P0021,4,0.05
O000202,P0018,3,0.1
O000202,P0024,3,0.1
O000202,P0013,1,0.0
O000203,P0026,1,0.05
O000204,P0030,2,0.15
O000204,P0027,2,0.05
O000204,P0002,1,0.0
O000205,P0014,2,0.0
O000205,P0019,4,0.0
O000205,P0009,1,0.05
O000206,P0017,1,0.1
O000207,P0009,1,0.05
O000208,P0017,1,0.1
O000208,P0014,3,0.05
O000209,P0003,2,0.2
O000209,P0018,2,0.15
O000209,P0019,2,0.05
O000209,P0017,2,0.05
O000209,P0007,1,0.1
O000210,P0021,2,0.0
O000210,P0003,1,0.0
O000211,P0021,2,0.0
O000211,P0011,1,0.15
O000211,P0018,1,0.05
O000212,P0006,1,0.05
O000212,P0030,1,0.05
O000213,P0029,2,0.05
O000213,P0010,1,0.05
O000213,P0019,1,0.05
O000213,P0017,4,0.05
O000214,P0026,1,0.0
O000214,P0022,2,0.15
O000215,P0002,1,0.0
O000216,P0009,1,0.0
O000217,P0027,1,0.15
O000217,P0015,3,0.0
O000218,P0007,3,0.05
O000219,P0014,2,0.05
O000219,P0021,2,0.05
O000219,P0008,2,0.05
O000219,P0028,1,0.05
O000220,P0027,2,0.1
O000221,P0002,1,0.2
O000221,P0015,3,0.1
O000222,P0008,2,0.1
O000222,P0016,2,0.0
O000223,P0004,2,0.0
O000223,P0001,2,0.0
O000224,P0020,3,0.0
O000225,P0012,2,0.15
O000226,P0020,1,0.0
O000226,P0017,3,0.0
O000227,P0001,1,0.0
O000227,P0024,1,0.0
O000227,P0004,1,0.0
O000227,P0011,1,0.0
O000228,P0020,4,0.0
O000229,P0010,1,0.0
O000230,P0003,2,0.0
O000231,P0029,1,0.05
O000232,P0013,1,0.15
O000232,P0021,1,0.2
O000233,P0006,1,0.05
O000233,P0012,1,0.1
O000233,P0002,1,0.1
O000234,P0018,1,0.2
O000235,P0001,4,0.05
O000235,P0004,2,0.0
O000235,P0024,1,0.15
O000236,P0011,4,0.1
O000236,P0010,1,0.1
O000236,P0013,1,0.0
O000237,P0001,2,0.1
O000238,P0010,1,0.1
O000239,P0026,1,0.0
O000239,P0023,4,0.0
O000239,P0010,1,0.05
O000240,P0016,2,0.0
O000240,P0026,1,0.0
O000240,P0030,2,0.1
O000240,P0010,1,0.05
O000241,P0008,3,0.1
O000241,P0018,1,0.0
O000242,P0003,2,0.1
O000243,P0025,1,0.0
O000243,P0029,1,0.0
O000243,P0024,3,0.05
O000243,P0015,1,0.05
O000244,P0020,1,0.0
O000244,P0015,3,0.1
O000245,P0013,1,0.15
O000245,P0030,2,0.05
O000245,P0005,2,0.1
O000246,P0017,1,0.0
O000246,P0023,1,0.0
O000247,P0003,1,0.1
O000247,P0018,1,0.2
O000247,P0008,2,0.05
O000248,P0030,2,0.1
O000248,P0014,3,0.0
O000249,P0022,1,0.05
O000249,P0021,1,0.1
O000250,P0026,1,0.05
O000250,P0011,1,0.15
O000251,P0003,1,0.0
O000251,P0030,1,0.0
O000252,P0022,2,0.05
O000252,P0019,1,0.0
O000252,P0030,1,0.0
O000253,P0030,1,0.0
O000253,P0006,2,0.05
O000254,P0013,4,0.15
O000255,P0006,2,0.0
O000255,P0003,2,0.0
O000255,P0019,2,0.05
O000256,P0001,3,0.05
O000257,P0027,2,0.05
O000257,P0023,1,0.05
O000257,P0004,2,0.0
O000258,P0021,1,0.0
O000258,P0018,2,0.05
O000259,P0003,1,0.05
O000259,P0021,2,0.0
O000260,P0005,1,0.2
O000261,P0008,1,0.05
O000261,P0003,2,0.0
O000262,P0025,1,0.05
O000262,P0006,3,0.15
O000262,P0021,1,0.0
O000263,P0027,1,0.1
O000263,P0017,2,0.2
O000263,P0009,2,0.0
O000264,P0019,1,0.0
O000264,P0001,1,0.1
O000265,P0003,1,0.0
O000266,P0021,2,0.1
O000266,P0017,1,0.05
O000266,P0015,2,0.0
O000267,P0020,1,0.05
O000267,P0013,2,0.15
O000268,P0028,1,0.0
O000269,P0027,1,0.0
O000269,P0010,3,0.15
O000270,P0008,3,0.0
O000270,P0025,1,0.05
O000270,P0028,1,0.05
O000271,P0001,3,0.15
O000271,P0003,1,0.0
O000271,P0017,3,0.1
O000271,P0006,1,0.05
O000271,P0027,1,0.05
O000272,P0015,3,0.0
O000272,P0016,1,0.0
O000273,P0029,3,0.0
O000273,P0002,1,0.05
O000273,P0030,2,0.0
O000273,P0022,1,0.1
O000273,P0023,2,0.05
O000274,P0018,1,0.1
O000275,P0012,3,0.05
O000275,P0022,1,0.0
O000276,P0029,1,0.15
O000276,P0028,2,0.15
O000277,P0005,1,0.05
O000278,P0022,2,0.05
O000278,P0023,1,0.05
O000279,P0023,1,0.0
O000280,P0023,1,0.05
O000281,P0018,1,0.0
O000282,P0004,1,0.1
O000283,P0028,4,0.1
O000283,P0015,2,0.15
O000283,P0025,1,0.0
O000283,P0022,2,0.1
O000283,P0005,1,0.05
O000284,P0004,4,0.2
O000284,P0018,3,0.0
O000284,P0030,2,0.0
O000285,P0010,1,0.1
O000285,P0028,1,0.0
O000286,P0013,1,0.05
O000286,P0012,2,0.05
O000286,P0018,2,0.0
O000287,P0009,1,0.05
O000287,P0013,2,0.05
O000287,P0008,2,0.05
O000288,P0002,3,0.0
O000288,P0007,4,0.0
O000288,P0009,2,0.05
O000289,P0029,1,0.05
O000290,P0024,1,0.15
O000290,P0026,1,0.0
O000291,P0027,1,0.0
O000291,P0019,1,0.2
O000291,P0015,1,0.0
O000292,P0015,1,0.0
O000292,P0008,3,0.05
O000293,P0012,1,0.2
O000293,P0018,3,0.0
O000294,P0006,1,0.05
O000294,P0011,3,0.05
O000294,P0025,1,0.1
O000295,P0010,1,0.05
O000296,P0015,1,0.05
O000296,P0023,1,0.0
O000297,P0022,1,0.05
O000297,P0026,2,0.0
O000297,P0008,1,0.15
O000298,P0005,2,0.0
O000298,P0013,2,0.0
O000298,P0001,3,0.0
O000299,P0030,2,0.15
O000300,P0026,4,0.0
O000300,P0028,1,0.1
O000301,P0009,1,0.05
O000302,P0006,1,0.1
O000302,P0004,3,0.05
O000302,P0001,1,0.0
O000303,P0009,1,0.0
O000303,P0021,2,0.1
O000304,P0012,1,0.1
O000305,P0028,1,0.0
O000305,P0024,2,0.1
O000306,P0025,1,0.1
O000307,P0029,2,0.05
O000307,P0018,2,0.15
O000307,P0006,1,0.0
O000308,P0029,2,0.15
O000308,P0017,1,0.0
O000308,P0005,1,0.05
O000309,P0006,1,0.2
O000309,P0010,1,0.1
O000309,P0004,2,0.1
O000310,P0004,1,0.05
O000310,P0008,2,0.15
O000310,P0017,1,0.05
O000311,P0023,1,0.1
O000312,P0011,2,0.0
O000313,P0016,1,0.05
O000314,P0022,3,0.0
O000314,P0018,4,0.05
O000314,P0014,4,0.1
O000314,P0013,2,0.2
O000314,P0029,2,0.0
O000315,P0016,2,0.05
O000316,P0015,2,0.2
O000317,P0022,1,0.1
O000317,P0001,2,0.05
O000317,P0009,1,0.05
O000317,P0013,1,0.0
O000318,P0021,2,0.15
O000318,P0006,2,0.0
O000318,P0004,1,0.05
O000318,P0019,2,0.05
O000319,P0007,1,0.1
O000319,P0006,1,0.0
O000319,P0029,1,0.15
O000320,P0001,3,0.05
O000321,P0013,1,0.2
O000322,P0001,1,0.0
O000322,P0013,1,0.1
O000322,P0021,1,0.05
O000322,P0011,1,0.05
O000323,P0005,1,0.0
O000324,P0004,1,0.2
O000324,P0029,1,0.05
O000324,P0026,1,0.05
O000324,P0023,2,0.05
O000325,P0016,3,0.1
O000325,P0029,3,0.05
O000326,P0019,1,0.05
O000327,P0029,1,0.05
O000328,P0028,2,0.05
O000328,P0010,1,0.05
O000328,P0009,1,0.1
O000328,P0002,1,0.0
O000329,P0005,1,0.15
O000329,P0006,1,0.1
O000329,P0017,4,0.1
O000329,P0015,2,0.0
O000329,P0011,2,0.05
O000330,P0002,1,0.0
O000330,P0004,1,0.15
O000331,P0006,2,0.0
O000332,P0014,2,0.1
O000333,P0023,2,0.05
O000334,P0013,1,0.05
O000334,P0021,2,0.05
O000334,P0019,1,0.15
O000334,P0015,2,0.1
O000335,P0001,1,0.0
O000335,P0019,2,0.15
O000335,P0025,1,0.0
O000336,P0003,2,0.05
O000337,P0017,2,0.0
O000337,P0015,1,0.15
O000338,P0015,1,0.0
O000339,P0022,1,0.15
O000339,P0023,1,0.05
O000339,P0016,1,0.0
O000339,P0018,1,0.0
O000340,P0012,2,0.0
O000340,P0003,1,0.2
O000341,P0012,1,0.05
O000341,P0004,4,0.1
O000342,P0015,1,0.1
O000342,P0013,1,0.0
O000343,P0027,1,0.05
O000343,P0021,1,0.0
O000344,P0012,3,0.0
O000344,P0005,1,0.05
O000344,P0021,4,0.1
O000345,P0013,3,0.05
O000345,P0027,2,0.0
O000345,P0017,2,0.15
O000346,P0007,4,0.1
O000346,P0010,2,0.0
O000346,P0020,1,0.1
O000346,P0009,2,0.0
O000347,P0024,2,0.0
O000347,P0003,1,0.0
O000347,P0025,1,0.05
O000347,P0005,3,0.05
O000348,P0029,2,0.05
O000349,P0012,1,0.05
O000349,P0019,1,0.0
O000349,P0006,3,0.1
O000349,P0007,1,0.2
O000349,P0023,1,0.15
O000350,P0013,1,0.05
O000351,P0019,2,0.0
O000351,P0027,2,0.15
O000352,P0028,3,0.1
O000353,P0012,3,0.1
O000353,P0014,1,0.0
O000354,P0027,3,0.1
O000354,P0004,1,0.05
O000354,P0017,3,0.2
O000355,P0008,1,0.05
O000355,P0022,1,0.1
O000356,P0029,1,0.0
O000356,P0028,3,0.0
O000357,P0020,2,0.0
O000357,P0016,2,0.1
O000358,P0016,2,0.0
O000358,P0002,3,0.05
O000359,P0017,1,0.1
O000359,P0022,1,0.1
O000359,P0002,3,0.15
O000359,P0025,1,0.1
O000359,P0005,3,0.1
O000360,P0027,3,0.0
O000360,P0012,1,0.05
O000360,P0006,1,0.05
O000361,P0028,1,0.1
O000361,P0005,1,0.15
O000362,P0007,2,0.1
O000362,P0012,3,0.1
O000362,P0024,1,0.0
O000363,P0030,1,0.0
O000364,P0007,2,0.1
O000364,P0002,4,0.0
O000364,P0025,4,0.05
O000365,P0007,1,0.0
O000365,P0010,4,0.1
O000365,P0006,2,0.2
O000365,P0004,2,0.05
O000365,P0002,1,0.0
O000366,P0006,2,0.05
O000366,P0021,2,0.1
O000366,P0017,2,0.1
O000366,P0013,3,0.1
O000366,P0005,1,0.1
O000367,P0022,1,0.1
O000368,P0004,2,0.0
O000368,P0024,2,0.1
O000369,P0030,1,0.05
O000369,P0027,1,0.0
O000370,P0012,1,0.1
O000370,P0010,2,0.05
O000370,P0029,1,0.1
O000371,P0016,2,0.0
O000371,P0001,2,0.0
O000371,P0007,3,0.1
O000372,P0021,1,0.05
O000373,P0021,1,0.2
O000373,P0029,1,0.05
O000373,P0018,1,0.05
O000373,P0026,3,0.0
O000374,P0027,2,0.1
O000374,P0005,1,0.05
O000375,P0013,2,0.05
O000375,P0003,2,0.1
O000375,P0009,1,0.0
O000375,P0012,1,0.15
O000375,P0023,1,0.0
O000376,P0030,2,0.05
O000377,P0004,1,0.05
O000377,P0027,3,0.1
O000378,P0015,1,0.05
O000378,P0007,2,0.1
O000379,P0020,1,0.1
O000379,P0029,1,0.1
O000380,P0008,1,0.05
O000381,P0015,1,0.0
O000381,P0023,1,0.15
O000382,P0015,4,0.05
O000382,P0028,1,0.15
O000383,P0006,2,0.05
O000384,P0006,2,0.05
O000384,P0018,3,0.0
O000384,P0014,3,0.05
O000384,P0022,1,0.1
O000385,P0008,1,0.0
O000385,P0012,1,0.05
O000385,P0015,1,0.0
O000386,P0010,2,0.2
O000387,P0022,1,0.2
O000387,P0011,2,0.05
O000387,P0006,1,0.05
O000388,P0003,1,0.1
O000389,P0007,3,0.0
O000389,P0004,1,0.1
O000389,P0019,2,0.05
O000390,P0017,1,0.05
O000390,P0028,2,0.1
O000390,P0023,1,0.0
O000390,P0006,1,0.0
O000391,P0015,1,0.1
O000391,P0002,4,0.1
O000391,P0012,3,0.05
O000392,P0026,3,0.1
O000393,P0011,1,0.2
O000393,P0004,1,0.05
O000393,P0014,1,0.0
O000394,P0002,1,0.05
O000394,P0021,1,0.0
O000394,P0029,2,0.05
O000394,P0003,3,0.15
O000395,P0008,3,0.0
O000395,P0027,1,0.05
O000395,P0020,1,0.0
O000395,P0016,1,0.1
O000396,P0016,1,0.05
O000396,P0015,3,0.05
O000397,P0018,1,0.05
O000397,P0030,1,0.05
O000397,P0023,1,0.1
O000398,P0019,1,0.1
O000398,P0027,1,0.15
O000399,P0017,1,0.1
O000400,P0015,4,0.2
O000400,P0010,1,0.05
O000400,P0014,1,0.1
O000400,P0009,1,0.1
O000401,P0003,2,0.0
O000401,P0029,4,0.1
O000401,P0023,1,0.0
O000402,P0021,1,0.2
O000402,P0012,2,0.05
O000402,P0004,1,0.05
O000403,P0024,1,0.0
O000403,P0011,1,0.0
O000403,P0022,2,0.1
O000404,P0017,1,0.1
O000404,P0025,2,0.0
O000404,P0008,3,0.05
O000405,P0013,1,0.0
O000405,P0008,1,0.0
O000406,P0024,1,0.1
O000406,P0016,4,0.0
O000407,P0014,1,0.0
O000407,P0019,1,0.15
O000408,P0030,1,0.0
O000409,P0002,2,0.05
O000410,P0014,1,0.0
O000411,P0026,1,0.1
O000411,P0022,1,0.05
O000411,P0011,2,0.0
O000412,P0018,2,0.0
O000413,P0001,1,0.05
O000413,P0028,1,0.1
O000413,P0002,4,0.0
O000413,P0012,2,0.0
O000414,P0026,3,0.15
O000415,P0001,2,0.15
O000415,P0019,1,0.05
O000416,P0016,4,0.0
O000417,P0018,2,0.05
O000417,P0027,2,0.15
O000417,P0010,4,0.0
O000418,P0005,2,0.0
O000418,P0017,1,0.05
O000419,P0026,1,0.0
O000419,P0025,1,0.1
O000419,P0005,2,0.0
O000420,P0008,1,0.15
O000421,P0021,4,0.2
O000422,P0021,2,0.2
O000422,P0012,1,0.15
O000423,P0010,2,0.0
O000423,P0015,1,0.1
O000424,P0004,1,0.0
O000425,P0019,3,0.0
O000425,P0004,2,0.05
O000425,P0022,1,0.05
O000426,P0011,3,0.05
O000426,P0016,1,0.1
O000427,P0006,1,0.05
O000427,P0009,2,0.0
O000428,P0023,1,0.0
O000429,P0014,1,0.05
O000430,P0010,1,0.1
O000431,P0015,1,0.0
O000431,P0009,3,0.15
O000432,P0013,3,0.05
O000433,P0026,3,0.0
O000433,P0017,1,0.1
O000433,P0004,3,0.1
O000434,P0022,1,0.0
O000435,P0002,1,0.0
O000436,P0011,1,0.05
O000437,P0011,2,0.1
O000437,P0003,2,0.15
O000437,P0010,1,0.2
O000437,P0018,1,0.2
O000438,P0022,1,0.15
O000439,P0013,1,0.05
O000440,P0017,2,0.0
O000440,P0019,3,0.0
O000440,P0012,1,0.05
O000441,P0002,3,0.2
O000441,P0009,2,0.0
O000441,P0027,1,0.05
O000442,P0008,2,0.0
O000442,P0028,1,0.0
O000443,P0030,2,0.05
O000443,P0027,2,0.0
O000444,P0016,1,0.05
O000444,P0019,2,0.05
O000445,P0005,2,0.0
O000445,P0022,1,0.05
O000445,P0004,1,0.15
O000446,P0021,1,0.15
O000447,P0009,3,0.2
O000448,P0022,2,0.0
O000449,P0007,1,0.0
O000449,P0028,1,0.05
O000449,P0004,1,0.05
O000450,P0027,1,0.0
O000451,P0025,1,0.05
O000451,P0007,3,0.05
O000452,P0004,1,0.0
O000452,P0003,3,0.0
O000452,P0008,2,0.05
O000453,P0024,3,0.05
O000453,P0018,2,0.15
O000453,P0017,1,0.1
O000454,P0015,1,0.2
O000455,P0018,1,0.1
O000456,P0011,1,0.0
O000456,P0024,2,0.1
O000456,P0030,1,0.1
O000457,P0017,1,0.1
O000458,P0010,1,0.0
O000459,P0017,3,0.0
O000460,P0019,2,0.0
O000460,P0003,1,0.15
O000461,P0009,1,0.0
O000461,P0024,1,0.05
O000461,P0027,1,0.1
O000461,P0003,1,0.15
O000461,P0012,1,0.05
O000462,P0002,2,0.15
O000462,P0007,1,0.0
O000463,P0006,2,0.15
O000464,P0022,4,0.05
O000464,P0023,1,0.1
O000465,P0008,3,0.05
O000465,P0003,3,0.1
O000466,P0017,1,0.0
O000466,P0024,2,0.05
O000467,P0018,3,0.1
O000468,P0020,3,0.0
O000469,P0030,1,0.1
O000470,P0026,1,0.15
O000470,P0027,3,0.2
O000470,P0009,1,0.05
O000471,P0017,2,0.05
O000471,P0014,1,0.05
O000472,P0023,1,0.15
O000472,P0015,4,0.0
O000473,P0021,1,0.0
O000473,P0007,1,0.05
O000474,P0013,1,0.05
O000474,P0017,2,0.15
O000475,P0024,3,0.15
O000475,P0002,2,0.0
O000475,P0005,1,0.0
O000476,P0028,1,0.0
O000476,P0001,1,0.05
O000477,P0016,2,0.0
O000477,P0017,2,0.1
O000477,P0002,4,0.0
O000477,P0009,1,0.0
O000477,P0027,2,0.05
O000478,P0010,1,0.0
O000479,P0007,1,0.1
O000479,P0028,1,0.15
O000479,P0011,1,0.1
O000480,P0030,1,0.1
O000480,P0023,1,0.1
O000481,P0023,2,0.15
O000481,P0012,1,0.1
O000481,P0021,2,0.0
O000482,P0029,1,0.15
O000482,P0015,1,0.2
O000483,P0006,1,0.1
O000484,P0002,1,0.0
O000484,P0014,4,0.05
O000484,P0023,1,0.0
O000484,P0019,1,0.0
O000484,P0022,4,0.2
O000485,P0004,1,0.0
O000485,P0018,2,0.0
O000486,P0014,1,0.1
O000486,P0008,1,0.2
O000487,P0002,1,0.05
O000487,P0015,1,0.05
O000488,P0012,1,0.05
O000488,P0004,3,0.15
O000489,P0014,3,0.0
O000490,P0008,2,0.1
O000490,P0022,3,0.0
O000491,P0015,1,0.0
O000492,P0006,2,0.05
O000492,P0007,3,0.1
O000493,P0024,1,0.15
O000493,P0025,3,0.1
O000493,P0007,1,0.15
O000494,P0012,3,0.05
O000494,P0015,2,0.0
O000494,P0009,1,0.05
O000495,P0030,2,0.05
O000495,P0016,1,0.15
O000496,P0001,2,0.05
O000496,P0018,1,0.0
O000497,P0022,1,0.05
O000498,P0007,1,0.0
O000498,P0015,1,0.0
O000498,P0019,1,0.1
O000499,P0022,4,0.05
O000499,P0011,1,0.1
O000500,P0003,1,0.15
O000500,P0028,1,0.05
O000501,P0030,1,0.15
O000501,P0001,2,0.05
O000501,P0003,2,0.0
O000502,P0001,1,0.0
O000503,P0024,1,0.0
O000503,P0022,2,0.05
O000503,P0015,1,0.05
O000503,P0023,1,0.05
O000504,P0011,1,0.0
O000504,P0006,1,0.05
O000504,P0023,2,0.0
O000505,P0010,1,0.0
O000505,P0019,2,0.15
O000506,P0009,1,0.0
O000507,P0030,1,0.0
O000508,P0003,1,0.1
O000509,P0028,1,0.05
O000509,P0004,1,0.0
O000510,P0030,2,0.0
O000510,P0002,1,0.1
O000510,P0028,1,0.05
O000511,P0004,1,0.05
O000511,P0015,1,0.05
O000512,P0011,1,0.05
O000513,P0024,4,0.05
O000513,P0017,1,0.0
O000514,P0012,1,0.1
O000514,P0023,1,0.1
O000515,P0024,1,0.05
O000516,P0001,2,0.05
O000516,P0024,1,0.0
O000517,P0030,2,0.0
O000517,P0019,1,0.0
O000518,P0023,1,0.05
O000519,P0014,1,0.05
O000519,P0001,3,0.2
O000520,P0003,1,0.05
O000520,P0023,1,0.0
O000520,P0027,1,0.05
O000520,P0005,2,0.05
O000520,P0020,1,0.0
O000521,P0005,1,0.0
O000521,P0006,1,0.2
O000521,P0027,1,0.05
O000522,P0005,1,0.1
O000523,P0015,2,0.0
O000523,P0019,1,0.1
O000523,P0028,2,0.1
O000523,P0001,1,0.0
O000524,P0025,1,0.0
O000525,P0021,1,0.1
O000525,P0006,3,0.05
O000525,P0026,1,0.0
O000526,P0022,1,0.05
O000526,P0025,1,0.05
O000526,P0006,2,0.1
O000526,P0014,4,0.0
O000526,P0002,2,0.0
O000527,P0024,3,0.0
O000527,P0022,2,0.15
O000528,P0003,1,0.0
O000529,P0025,2,0.1
O000530,P0012,1,0.0
O000531,P0025,1,0.2
O000532,P0028,1,0.0
O000533,P0027,3,0.1
O000534,P0013,1,0.1
O000535,P0019,1,0.05
O000535,P0023,1,0.05
O000535,P0018,1,0.0
O000535,P0027,1,0.0
O000536,P0003,1,0.0
O000537,P0014,2,0.2
O000537,P0001,1,0.0
O000537,P0012,1,0.0
O000538,P0004,2,0.1
O000539,P0004,3,0.0
O000539,P0026,1,0.1
O000539,P0017,1,0.0
O000540,P0024,2,0.05
O000540,P0018,1,0.15
O000541,P0003,1,0.15
O000542,P0001,1,0.2
O000542,P0020,3,0.0
O000543,P0008,1,0.15
O000543,P0027,1,0.0
O000544,P0028,1,0.05
O000545,P0017,1,0.05
O000545,P0021,1,0.05
O000545,P0029,2,0.0
O000546,P0012,1,0.05
O000547,P0022,2,0.0
O000547,P0009,1,0.0
O000548,P0024,2,0.2
O000549,P0016,4,0.05
O000550,P0018,1,0.2
O000550,P0003,1,0.0
O000550,P0016,2,0.15
O000550,P0028,1,0.05
O000551,P0013,2,0.1
O000551,P0006,1,0.1
O000552,P0005,1,0.1
O000552,P0016,1,0.0
O000552,P0006,4,0.05
O000552,P0003,2,0.0
O000552,P0021,1,0.1
O000553,P0029,2,0.0
O000554,P0006,1,0.0
O000554,P0026,1,0.0
O000554,P0004,3,0.1
O000555,P0007,1,0.1
O000555,P0029,1,0.15
O000555,P0018,1,0.0
O000556,P0019,1,0.2
O000556,P0023,1,0.0
O000557,P0014,2,0.0
O000557,P0017,2,0.1
O000558,P0010,1,0.0
O000558,P0012,2,0.05
O000559,P0019,1,0.0
O000559,P0012,1,0.0
O000559,P0010,3,0.1
O000559,P0026,1,0.05
O000560,P0028,1,0.1
O000560,P0006,1,0.0
O000560,P0022,3,0.1
O000560,P0021,2,0.05
O000561,P0007,3,0.0
O000562,P0002,1,0.0
O000562,P0014,1,0.1
O000562,P0001,2,0.0
O000562,P0027,1,0.0
O000563,P0013,2,0.1
O000564,P0020,2,0.05
O000565,P0022,2,0.1
O000566,P0012,1,0.0
O000567,P0017,1,0.1
O000568,P0014,1,0.2
O000569,P0003,1,0.1
O000569,P0020,1,0.0
O000570,P0021,1,0.05
O000570,P0003,2,0.0
O000570,P0020,1,0.0
O000571,P0010,1,0.1
O000571,P0018,1,0.05
O000571,P0024,1,0.0
O000572,P0002,1,0.05
O000573,P0002,1,0.15
O000573,P0006,1,0.0
O000574,P0013,1,0.15
O000574,P0019,1,0.05
O000574,P0016,1,0.0
O000574,P0022,2,0.05
O000575,P0020,1,0.05
O000575,P0013,3,0.05
O000575,P0027,1,0.05
O000576,P0007,2,0.0
O000576,P0026,2,0.05
O000577,P0010,1,0.0
O000577,P0003,2,0.0
O000577,P0007,2,0.05
O000578,P0009,2,0.1
O000578,P0015,1,0.15
O000578,P0023,1,0.15
O000578,P0011,2,0.05
O000578,P0010,1,0.05
O000579,P0002,2,0.05
O000580,P0002,1,0.2
O000580,P0016,2,0.0
O000580,P0013,1,0.05
O000581,P0013,2,0.1
O000582,P0015,2,0.0
O000582,P0006,2,0.15
O000583,P0016,1,0.1
O000583,P0026,4,0.1
O000583,P0014,1,0.0
O000583,P0024,1,0.1
O000584,P0022,3,0.1
O000584,P0007,1,0.05
O000584,P0020,3,0.05
O000584,P0023,1,0.05
O000585,P0022,1,0.0
O000586,P0007,3,0.0
O000586,P0021,1,0.05
O000587,P0018,1,0.0
O000587,P0025,2,0.0
O000588,P0025,1,0.0
O000589,P0004,1,0.1
O000589,P0027,3,0.0
O000589,P0008,1,0.1
O000590,P0027,1,0.2
O000590,P0030,3,0.05
O000590,P0006,2,0.0
O000591,P0022,1,0.0
O000592,P0003,1,0.1
O000592,P0028,4,0.0
O000593,P0029,1,0.15
O000593,P0018,2,0.1
O000593,P0008,2,0.0
O000594,P0005,1,0.0
O000594,P0025,1,0.05
O000594,P0014,3,0.05
O000595,P0010,1,0.0
O000596,P0030,1,0.1
O000596,P0023,2,0.0
O000596,P0016,1,0.0
O000596,P0019,1,0.0
O000596,P0027,2,0.0
O000597,P0009,1,0.0
O000597,P0010,1,0.05
O000598,P0017,3,0.0
O000598,P0015,2,0.15
O000599,P0005,3,0.0
O000600,P0001,1,0.2
O000601,P0004,3,0.05
O000601,P0010,1,0.05
O000601,P0024,1,0.1
O000601,P0012,2,0.0
O000602,P0010,4,0.0
O000602,P0008,3,0.0
O000602,P0018,2,0.0
O000603,P0012,1,0.15
O000603,P0019,1,0.0
O000604,P0024,1,0.0
O000604,P0008,1,0.0
O000605,P0010,2,0.0
O000606,P0010,1,0.05
O000606,P0016,2,0.1
O000606,P0030,1,0.0
O000607,P0002,1,0.05
O000607,P0024,2,0.1
O000607,P0018,1,0.2
O000607,P0029,1,0.2
O000607,P0008,1,0.15
O000608,P0022,1,0.05
O000609,P0024,1,0.1
O000609,P0001,2,0.1
O000610,P0030,3,0.1
O000610,P0027,1,0.0
O000610,P0011,1,0.0
O000611,P0018,1,0.05
O000611,P0019,1,0.15
O000612,P0028,1,0.1
O000612,P0016,1,0.05
O000613,P0001,2,0.0
O000613,P0009,2,0.0
O000613,P0006,1,0.05
O000613,P0017,1,0.05
O000614,P0019,4,0.0
O000614,P0026,3,0.1
O000614,P0016,1,0.0
O000614,P0028,1,0.0
O000614,P0012,1,0.0
O000615,P0024,2,0.1
O000615,P0018,1,0.05
O000616,P0013,1,0.2
O000616,P0011,3,0.05
O000617,P0015,1,0.0
O000617,P0030,2,0.0
O000618,P0018,1,0.05
O000618,P0022,1,0.0
O000618,P0004,3,0.0
O000619,P0013,4,0.2
O000619,P0009,4,0.05
O000620,P0012,2,0.1
O000620,P0025,1,0.0
O000621,P0025,1,0.1
O000621,P0008,1,0.0
O000622,P0015,4,0.1
O000623,P0013,1,0.15
O000623,P0020,2,0.05
O000624,P0015,4,0.15
O000624,P0012,1,0.15
O000624,P0018,2,0.1
O000625,P0014,1,0.05
O000626,P0013,1,0.0
O000626,P0023,1,0.0
O000626,P0012,1,0.1
O000626,P0024,2,0.05
O000627,P0015,1,0.0
O000627,P0006,1,0.05
O000627,P0027,1,0.05
O000628,P0006,1,0.0
O000628,P0014,1,0.1
O000628,P0009,1,0.05
O000629,P0011,3,0.15
O000629,P0016,2,0.1
O000629,P0005,1,0.1
O000629,P0022,2,0.1
O000630,P0018,2,0.1
O000631,P0026,2,0.0
O000632,P0010,2,0.15
O000633,P0001,1,0.0
O000633,P0025,1,0.0
O000634,P0013,2,0.0
O000634,P0009,1,0.0
O000635,P0029,1,0.15
O000635,P0006,4,0.1
O000635,P0010,3,0.1
O000635,P0021,1,0.0
O000636,P0004,4,0.05
O000636,P0014,2,0.0
O000636,P0015,3,0.0
O000636,P0022,1,0.15
O000637,P0024,3,0.0
O000637,P0014,1,0.1
O000638,P0006,1,0.0
O000638,P0029,1,0.1
O000639,P0006,1,0.0
O000640,P0022,2,0.0
O000640,P0009,2,0.15
O000640,P0030,1,0.0
O000641,P0008,3,0.05
O000641,P0010,3,0.05
O000642,P0013,1,0.0
O000642,P0008,1,0.05
O000642,P0017,1,0.05
O000642,P0030,1,0.05
O000643,P0001,1,0.0
O000643,P0014,2,0.0
O000643,P0028,1,0.05
O000644,P0030,2,0.05
O000644,P0004,2,0.0
O000645,P0006,1,0.05
O000645,P0008,2,0.05
O000645,P0003,1,0.0
O000646,P0002,2,0.0
O000647,P0013,1,0.0
O000648,P0001,1,0.0
O000648,P0018,1,0.15
O000648,P0004,1,0.05
O000649,P0030,2,0.05
O000649,P0002,1,0.0
O000650,P0014,1,0.05
O000650,P0011,2,0.0
O000650,P0002,1,0.05
O000651,P0026,2,0.1
O000652,P0022,2,0.0
O000652,P0017,1,0.0
O000653,P0026,1,0.1
O000653,P0029,1,0.0
O000653,P0027,1,0.05
O000654,P0029,1,0.15
O000655,P0008,1,0.0
O000655,P0011,1,0.1
O000656,P0022,2,0.1
O000657,P0021,1,0.1
O000658,P0029,2,0.0
O000658,P0025,2,0.1
O000658,P0021,1,0.05
O000659,P0010,1,0.05
O000659,P0008,1,0.2
O000659,P0026,2,0.05
O000660,P0020,1,0.0
O000660,P0009,2,0.05
O000661,P0011,4,0.1
O000661,P0005,2,0.05
O000661,P0007,2,0.0
O000662,P0026,2,0.0
O000662,P0002,2,0.2
O000663,P0006,1,0.0
O000663,P0025,1,0.05
O000663,P0007,1,0.1
O000663,P0013,2,0.0
O000664,P0013,3,0.0
O000664,P0029,2,0.05
O000664,P0008,3,0.0
O000665,P0004,1,0.1
O000665,P0002,1,0.1
O000666,P0013,1,0.0
O000666,P0027,2,0.05
O000666,P0022,2,0.0
O000666,P0003,2,0.0
O000666,P0001,1,0.2
O000667,P0003,1,0.0
O000667,P0019,3,0.05
O000668,P0026,2,0.15
O000668,P0020,1,0.0
O000668,P0011,3,0.05
O000668,P0008,1,0.0
O000668,P0012,2,0.1
O000669,P0017,1,0.0
O000669,P0006,2,0.2
O000670,P0017,1,0.05
O000670,P0001,1,0.0
O000670,P0023,4,0.0
O000671,P0019,1,0.0
O000671,P0016,1,0.0
O000672,P0023,2,0.15
O000673,P0025,2,0.0
O000673,P0001,2,0.05
O000673,P0013,1,0.05
O000673,P0009,2,0.0
O000674,P0012,1,0.0
O000675,P0012,2,0.15
O000675,P0018,2,0.2
O000676,P0022,4,0.0
O000676,P0013,2,0.0
O000676,P0024,1,0.15
O000677,P0014,1,0.05
O000678,P0004,1,0.05
O000678,P0023,2,0.1
O000678,P0022,1,0.1
O000679,P0010,1,0.0
O000679,P0030,2,0.0
O000680,P0008,2,0.1
O000680,P0028,2,0.05
O000681,P0017,1,0.1
O000681,P0021,2,0.0
O000682,P0001,2,0.0
O000683,P0001,1,0.0
O000684,P0007,1,0.05
O000685,P0007,1,0.05
O000685,P0003,4,0.1
O000685,P0022,3,0.15
O000686,P0012,2,0.05
O000686,P0001,1,0.05
O000686,P0017,2,0.1
O000687,P0019,1,0.05
O000687,P0007,2,0.0
O000687,P0017,3,0.0
O000688,P0003,3,0.1
O000689,P0003,2,0.05
O000689,P0007,1,0.1
O000689,P0024,1,0.1
O000689,P0016,1,0.0
O000689,P0013,2,0.0
O000690,P0025,2,0.1
O000691,P0026,3,0.0
O000691,P0024,2,0.0
O000691,P0003,1,0.1
O000692,P0017,3,0.0
O000693,P0023,1,0.0
O000693,P0009,1,0.05
O000694,P0015,1,0.1
O000694,P0009,3,0.15
O000694,P0005,2,0.1
O000694,P0012,1,0.05
O000695,P0001,1,0.1
O000695,P0010,1,0.0
O000696,P0001,1,0.05
O000697,P0026,2,0.0
O000697,P0030,3,0.05
O000697,P0014,1,0.05
O000698,P0010,1,0.0
O000698,P0027,4,0.05
O000698,P0012,2,0.0
O000699,P0010,1,0.0
O000699,P0009,2,0.0
O000700,P0021,1,0.05
O000700,P0008,1,0.1
O000701,P0030,1,0.15
O000701,P0012,1,0.05
O000702,P0025,1,0.05
O000702,P0002,2,0.1
O000702,P0011,2,0.05
O000703,P0021,1,0.05
O000703,P0014,1,0.15
O000704,P0015,1,0.05
O000704,P0006,2,0.0
O000705,P0029,3,0.0
O000705,P0006,4,0.1
O000705,P0003,1,0.0
O000705,P0016,4,0.2
O000705,P0015,1,0.1
O000706,P0010,2,0.0
O000706,P0019,1,0.0
O000707,P0024,2,0.0
O000707,P0012,2,0.1
O000708,P0029,1,0.05
O000709,P0011,2,0.1
O000709,P0012,1,0.0
O000709,P0027,2,0.0
O000710,P0004,1,0.05
O000710,P0027,1,0.05
O000710,P0026,2,0.05
O000711,P0001,1,0.05
O000712,P0023,1,0.0
O000712,P0024,1,0.0
O000713,P0004,1,0.0
O000713,P0006,1,0.1
O000714,P0030,1,0.05
O000714,P0028,1,0.0
O000714,P0021,2,0.0
O000714,P0022,2,0.1
O000714,P0025,1,0.1
O000715,P0028,2,0.0
O000715,P0015,2,0.1
O000716,P0028,2,0.05
O000717,P0028,1,0.05
O000717,P0012,1,0.1
O000718,P0018,1,0.0
O000718,P0021,3,0.1
O000718,P0030,1,0.05
O000718,P0013,2,0.15
O000719,P0003,3,0.05
O000720,P0016,1,0.0
O000721,P0017,1,0.05
O000722,P0016,2,0.05
O000723,P0020,1,0.0
O000723,P0004,1,0.15
O000724,P0016,2,0.1
O000725,P0023,1,0.0
O000726,P0025,1,0.05
O000726,P0023,1,0.05
O000726,P0016,1,0.1
O000727,P0017,2,0.2
O000727,P0013,2,0.05
O000727,P0030,2,0.1
O000728,P0012,3,0.0
O000729,P0020,1,0.0
O000730,P0014,2,0.1
O000731,P0002,2,0.0
O000731,P0017,1,0.1
O000731,P0027,1,0.05
O000732,P0009,1,0.05
O000732,P0005,2,0.0
O000733,P0005,3,0.05
O000734,P0027,1,0.1
O000734,P0019,2,0.0
O000735,P0016,2,0.05
O000736,P0030,1,0.0
O000736,P0029,2,0.05
O000737,P0026,2,0.0
O000737,P0020,2,0.2
O000737,P0004,1,0.05
O000738,P0017,1,0.0
O000739,P0028,2,0.2
O000739,P0011,4,0.05
O000739,P0005,1,0.0
O000739,P0022,3,0.0
O000740,P0014,4,0.1
O000740,P0017,1,0.05
O000740,P0009,1,0.15
O000740,P0026,1,0.05
O000741,P0012,1,0.05
O000742,P0002,1,0.05
O000742,P0018,1,0.05
O000742,P0001,1,0.0
O000743,P0015,1,0.05
O000743,P0001,1,0.0
O000744,P0004,1,0.05
O000744,P0001,2,0.15
O000745,P0012,3,0.05
O000746,P0025,1,0.0
O000746,P0004,1,0.0
O000746,P0001,2,0.05
O000747,P0007,1,0.0
O000747,P0016,2,0.0
O000747,P0004,3,0.0
O000747,P0024,1,0.2
O000747,P0012,1,0.0
O000748,P0013,1,0.05
O000748,P0015,1,0.1
O000748,P0005,1,0.1
O000748,P0026,2,0.05
O000749,P0002,1,0.05
O000749,P0018,2,0.1
O000749,P0027,1,0.1
O000750,P0010,1,0.0
O000750,P0012,1,0.1
O000751,P0020,1,0.0
O000751,P0028,1,0.0
O000751,P0025,1,0.1
O000752,P0005,1,0.0
O000753,P0012,2,0.05
O000753,P0015,2,0.0
O000753,P0025,1,0.0
O000754,P0020,3,0.0
O000755,P0030,1,0.1
O000755,P0002,1,0.05
O000755,P0026,3,0.0
O000756,P0005,1,0.0
O000756,P0008,1,0.05
O000757,P0013,4,0.05
O000757,P0001,2,0.05
O000757,P0018,1,0.05
O000757,P0015,3,0.05
O000758,P0004,1,0.15
O000758,P0021,1,0.0
O000758,P0024,1,0.0
O000758,P0026,2,0.1
O000759,P0022,2,0.0
O000759,P0012,2,0.1
O000760,P0003,1,0.05
O000760,P0016,4,0.05
O000761,P0006,1,0.0
O000761,P0029,2,0.05
O000761,P0008,1,0.0
O000762,P0022,1,0.1
O000762,P0025,1,0.2
O000762,P0021,1,0.0
O000762,P0020,2,0.1
O000763,P0017,1,0.05
O000764,P0027,2,0.0
O000764,P0013,2,0.0
O000765,P0004,1,0.0
O000766,P0006,3,0.0
O000766,P0020,3,0.1
O000767,P0006,1,0.0
O000767,P0005,2,0.05
O000768,P0015,1,0.2
O000768,P0017,1,0.15
O000769,P0029,1,0.05
O000769,P0003,4,0.15
O000770,P0002,1,0.0
O000770,P0008,1,0.05
O000770,P0003,1,0.15
O000770,P0017,1,0.05
O000770,P0012,1,0.0
O000771,P0022,1,0.05
O000771,P0020,1,0.0
O000772,P0024,1,0.05
O000773,P0028,4,0.2
O000774,P0003,3,0.1
O000775,P0020,2,0.0
O000775,P0012,1,0.05
O000775,P0025,2,0.0
O000776,P0016,2,0.2
O000776,P0027,2,0.0
O000777,P0011,3,0.0
O000778,P0011,1,0.0
O000778,P0023,1,0.15
O000779,P0026,1,0.1
O000780,P0023,4,0.1
O000780,P0012,1,0.2
O000781,P0019,1,0.05
O000781,P0007,3,0.0
O000782,P0010,1,0.0
O000782,P0027,1,0.0
O000782,P0007,1,0.0
O000783,P0010,1,0.05
O000783,P0008,1,0.0
O000783,P0017,2,0.0
O000784,P0002,3,0.0
O000784,P0010,1,0.05
O000785,P0002,1,0.1
O000785,P0001,1,0.0
O000785,P0029,1,0.05
O000786,P0014,4,0.05
O000787,P0012,3,0.0
O000787,P0027,1,0.0
O000787,P0029,1,0.0
O000787,P0028,1,0.0
O000787,P0019,2,0.0
O000788,P0013,3,0.05
O000789,P0016,1,0.05
O000789,P0003,3,0.1
O000790,P0006,1,0.1
O000790,P0021,2,0.15
O000791,P0019,2,0.0
O000792,P0005,1,0.1
O000793,P0028,2,0.05
O000793,P0020,1,0.15
O000793,P0019,3,0.0
O000794,P0013,1,0.15
O000795,P0030,1,0.0
O000795,P0008,1,0.0
O000795,P0004,1,0.05
O000795,P0012,1,0.15
O000795,P0025,1,0.05
O000796,P0027,1,0.15
O000796,P0005,3,0.0
O000796,P0009,1,0.05
O000796,P0003,1,0.1
O000797,P0001,2,0.05
O000797,P0005,1,0.0
O000798,P0029,1,0.0
O000798,P0003,1,0.05
O000798,P0014,1,0.05
O000798,P0011,3,0.0
O000798,P0019,1,0.05
O000799,P0003,1,0.15
O000800,P0007,2,0.05
O000801,P0007,2,0.0
O000802,P0010,1,0.0
O000803,P0021,3,0.1
O000803,P0003,1,0.05
O000803,P0025,1,0.0
O000804,P0024,1,0.15
O000804,P0017,1,0.0
O000804,P0030,1,0.0
O000805,P0029,1,0.0
O000806,P0003,1,0.05
O000807,P0030,3,0.0
O000808,P0011,1,0.15
O000808,P0026,1,0.15
O000809,P0024,1,0.0
O000809,P0026,1,0.2
O000809,P0010,2,0.0
O000809,P0016,1,0.1
O000810,P0004,2,0.0
O000810,P0020,2,0.1
O000811,P0015,1,0.0
O000812,P0006,2,0.05
O000812,P0025,4,0.0
O000813,P0006,2,0.15
O000813,P0011,1,0.15
O000813,P0007,1,0.0
O000814,P0012,3,0.0
O000814,P0001,1,0.0
O000815,P0030,3,0.2
O000816,P0013,1,0.05
O000816,P0018,2,0.1
O000817,P0003,1,0.1
O000817,P0028,1,0.05
O000817,P0024,2,0.1
O000817,P0025,1,0.05
O000818,P0030,1,0.0
O000819,P0016,1,0.0
O000819,P0014,1,0.05
O000819,P0029,3,0.2
O000820,P0023,4,0.0
O000820,P0019,3,0.0
O000820,P0029,1,0.1
O000820,P0028,1,0.05
O000821,P0021,2,0.05
O000821,P0003,1,0.15
O000822,P0010,1,0.05
O000823,P0014,1,0.0
O000823,P0015,1,0.2
O000823,P0007,1,0.05
O000823,P0022,1,0.05
O000823,P0029,1,0.0
O000824,P0009,2,0.0
O000824,P0011,2,0.05
O000824,P0026,1,0.1
O000825,P0004,4,0.2
O000826,P0030,1,0.0
O000826,P0011,3,0.0
O000827,P0004,2,0.15
O000828,P0028,2,0.0
O000828,P0011,1,0.0
O000828,P0010,1,0.05
O000829,P0012,1,0.1
O000830,P0007,3,0.0
O000830,P0028,1,0.2
O000830,P0030,1,0.15
O000830,P0004,1,0.05
O000830,P0017,2,0.15
O000831,P0026,4,0.05
O000832,P0002,3,0.2
O000832,P0030,1,0.05
O000832,P0016,3,0.0
O000833,P0005,2,0.0
O000834,P0028,1,0.05
O000834,P0014,1,0.05
O000834,P0027,1,0.2
O000835,P0024,2,0.15
O000835,P0017,2,0.0
O000836,P0023,1,0.0
O000836,P0006,4,0.0
O000837,P0018,2,0.1
O000837,P0001,1,0.05
O000838,P0009,3,0.1
O000838,P0015,2,0.1
O000839,P0016,3,0.0
O000840,P0018,1,0.1
O000840,P0004,1,0.2
O000840,P0013,1,0.05
O000841,P0022,1,0.1
O000841,P0019,1,0.1
O000841,P0007,1,0.0
O000841,P0009,1,0.0
O000841,P0025,2,0.1
O000842,P0023,2,0.2
O000842,P0022,1,0.0
O000843,P0012,2,0.1
O000843,P0013,1,0.15
O000844,P0023,1,0.0
O000844,P0017,1,0.0
O000845,P0004,2,0.0
O000845,P0008,2,0.0
O000846,P0029,3,0.1
O000846,P0006,3,0.0
O000846,P0028,1,0.05
O000847,P0018,2,0.15
O000847,P0007,1,0.05
O000847,P0019,1,0.2
O000847,P0024,1,0.0
O000847,P0012,1,0.1
O000848,P0021,4,0.0
O000848,P0020,1,0.05
O000848,P0019,1,0.0
O000849,P0009,1,0.05
O000849,P0008,4,0.0
O000850,P0013,3,0.2
O000850,P0001,2,0.1
O000851,P0003,3,0.0
O000851,P0013,1,0.0
O000852,P0005,1,0.05
O000852,P0009,1,0.2
O000852,P0029,2,0.05
O000852,P0010,1,0.0
O000852,P0026,2,0.05
O000853,P0009,4,0.05
O000853,P0023,2,0.0
O000854,P0008,4,0.0
O000855,P0004,1,0.1
O000855,P0009,1,0.05
O000855,P0005,4,0.0
O000855,P0019,1,0.15
O000856,P0019,2,0.0
O000856,P0013,1,0.1
O000857,P0026,1,0.1
O000858,P0022,2,0.0
O000858,P0007,1,0.05
O000859,P0006,2,0.05
O000859,P0028,2,0.1
O000859,P0029,1,0.05
O000859,P0026,2,0.0
O000859,P0014,1,0.05
O000860,P0005,1,0.1
O000861,P0013,3,0.0
O000861,P0027,1,0.0
O000862,P0026,1,0.0
O000863,P0017,1,0.15
O000864,P0004,1,0.2
O000864,P0020,1,0.0
O000865,P0015,2,0.15
O000865,P0029,4,0.0
O000865,P0030,2,0.0
O000865,P0028,1,0.0
O000866,P0029,1,0.1
O000867,P0005,1,0.0
O000867,P0028,1,0.2
O000867,P0021,3,0.1
O000868,P0025,2,0.0
O000868,P0001,1,0.0
O000868,P0021,1,0.05
O000869,P0026,1,0.05
O000869,P0014,1,0.05
O000870,P0013,2,0.0
O000871,P0022,3,0.1
O000871,P0024,3,0.1
O000871,P0009,3,0.0
O000871,P0006,1,0.1
O000872,P0012,1,0.1
O000872,P0014,2,0.0
O000872,P0010,1,0.1
O000873,P0024,1,0.0
O000873,P0025,1,0.05
O000874,P0015,1,0.1
O000874,P0028,1,0.1
O000874,P0017,1,0.0
O000875,P0001,1,0.0
O000876,P0008,1,0.1
O000876,P0001,3,0.1
O000876,P0027,1,0.0
O000876,P0026,1,0.1
O000876,P0028,3,0.0
O000877,P0027,1,0.0
O000878,P0027,2,0.15
O000879,P0027,1,0.0
O000879,P0020,1,0.0
O000879,P0016,3,0.05
O000879,P0028,1,0.05
O000880,P0003,3,0.0
O000880,P0011,3,0.1
O000880,P0021,3,0.05
O000881,P0028,3,0.0
O000881,P0018,2,0.0
O000882,P0012,2,0.0
O000883,P0006,3,0.05
O000884,P0012,1,0.1
O000884,P0017,3,0.05
O000884,P0021,1,0.0
O000884,P0002,2,0.0
O000885,P0025,4,0.05
O000885,P0014,1,0.0
O000885,P0029,4,0.05
O000885,P0009,1,0.0
O000886,P0008,1,0.05
O000886,P0030,1,0.1
O000886,P0004,1,0.1
O000887,P0026,1,0.0
O000887,P0025,1,0.15
O000887,P0028,1,0.0
O000888,P0016,1,0.15
O000889,P0021,1,0.1
O000889,P0028,1,0.05
O000890,P0004,1,0.2
O000890,P0026,1,0.1
O000891,P0022,1,0.15
O000891,P0009,1,0.0
O000892,P0029,2,0.1
O000892,P0001,2,0.0
O000893,P0008,1,0.1
O000893,P0021,1,0.05
O000894,P0013,3,0.0
O000894,P0015,1,0.0
O000895,P0029,1,0.05
O000896,P0025,4,0.2
O000897,P0025,1,0.0
O000897,P0014,1,0.15
O000898,P0021,1,0.05
O000898,P0013,3,0.05
O000899,P0027,1,0.1
O000899,P0030,1,0.05
O000900,P0029,3,0.1
O000900,P0013,2,0.05
O000901,P0018,1,0.0
O000901,P0013,1,0.05
O000901,P0028,1,0.05
O000902,P0013,3,0.1
O000903,P0027,2,0.05
O000903,P0026,2,0.0
O000904,P0028,2,0.0
O000904,P0006,1,0.0
O000905,P0002,2,0.1
O000905,P0014,3,0.1
O000905,P0007,2,0.0
O000905,P0003,1,0.15
O000906,P0028,3,0.0
O000907,P0027,2,0.0
O000908,P0024,1,0.1
O000909,P0022,3,0.05
O000910,P0017,1,0.1
O000910,P0001,1,0.0
O000910,P0018,3,0.15
O000911,P0008,1,0.0
O000911,P0023,1,0.1
O000912,P0012,3,0.2
O000913,P0019,3,0.0
O000913,P0002,1,0.0
O000913,P0022,1,0.0
O000913,P0012,4,0.1
O000913,P0029,2,0.2
O000914,P0016,1,0.05
O000914,P0019,2,0.0
O000914,P0020,3,0.05
O000914,P0014,1,0.15
O000915,P0027,3,0.05
O000915,P0017,3,0.0
O000916,P0004,1,0.0
O000916,P0019,2,0.1
O000917,P0017,1,0.2
O000917,P0018,2,0.1
O000918,P0002,1,0.0
O000918,P0009,2,0.1
O000918,P0010,1,0.1
O000918,P0021,3,0.1
O000919,P0004,2,0.05
O000919,P0020,1,0.0
O000919,P0007,3,0.15
O000919,P0009,1,0.1
O000920,P0021,1,0.1
O000921,P0021,2,0.0
O000922,P0008,2,0.15
O000923,P0002,4,0.05
O000923,P0025,1,0.1
O000923,P0021,2,0.0
O000923,P0019,1,0.15
O000923,P0022,3,0.0
O000924,P0004,1,0.1
O000924,P0008,1,0.05
O000924,P0003,1,0.1
O000925,P0026,2,0.05
O000925,P0019,3,0.05
O000926,P0027,1,0.15
O000926,P0021,2,0.0
O000926,P0009,1,0.1
O000926,P0025,1,0.1
O000926,P0024,2,0.0
O000927,P0005,1,0.05
O000928,P0013,1,0.0
O000929,P0030,1,0.0
O000930,P0002,2,0.15
O000930,P0020,1,0.2
O000931,P0001,1,0.1
O000931,P0003,2,0.0
O000931,P0021,1,0.1
O000931,P0013,1,0.1
O000932,P0028,1,0.2
O000932,P0009,1,0.05
O000932,P0018,1,0.05
O000933,P0007,3,0.05
O000933,P0011,3,0.05
O000933,P0013,1,0.1
O000934,P0030,2,0.05
O000934,P0002,3,0.0
O000934,P0015,1,0.05
O000934,P0007,2,0.15
O000935,P0022,1,0.05
O000936,P0013,1,0.1
O000936,P0012,3,0.0
O000937,P0011,1,0.15
O000937,P0029,1,0.1
O000938,P0010,1,0.0
O000939,P0002,1,0.0
O000939,P0004,1,0.0
O000939,P0026,2,0.1
O000940,P0028,1,0.1
O000941,P0009,1,0.05
O000941,P0002,1,0.15
O000942,P0010,1,0.0
O000942,P0026,1,0.1
O000942,P0017,2,0.15
O000942,P0005,4,0.1
O000943,P0014,2,0.0
O000943,P0004,2,0.15
O000944,P0012,1,0.0
O000944,P0024,1,0.05
O000945,P0011,2,0.0
O000945,P0008,1,0.1
O000945,P0003,1,0.0
O000946,P0009,2,0.1
O000946,P0007,4,0.05
O000947,P0010,2,0.0
O000948,P0021,1,0.1
O000948,P0027,1,0.1
O000948,P0030,1,0.1
O000949,P0029,1,0.1
O000950,P0013,4,0.05
O000950,P0025,1,0.0
O000950,P0024,1,0.0
O000951,P0011,1,0.0
O000951,P0015,1,0.2
O000951,P0030,1,0.15
O000952,P0006,2,0.05
O000953,P0025,2,0.1
O000954,P0024,3,0.0
O000954,P0029,2,0.0
O000955,P0020,1,0.1
O000956,P0002,1,0.1
O000957,P0005,2,0.05
O000957,P0016,1,0.1
O000958,P0013,3,0.0
O000958,P0028,1,0.1
O000958,P0012,1,0.05
O000959,P0022,1,0.0
O000960,P0018,2,0.05
O000960,P0006,1,0.0
O000961,P0003,1,0.0
O000961,P0001,1,0.0
O000962,P0030,3,0.05
O000963,P0006,3,0.1
O000963,P0027,1,0.05
O000964,P0023,2,0.0
O000965,P0026,1,0.05
O000965,P0016,4,0.1
O000965,P0005,2,0.0
O000966,P0016,3,0.0
O000967,P0006,3,0.1
O000967,P0012,1,0.0
O000967,P0011,2,0.05
O000968,P0021,1,0.0
O000969,P0012,2,0.05
O000969,P0029,1,0.1
O000969,P0009,3,0.05
O000970,P0025,2,0.15
O000971,P0009,1,0.0
O000972,P0027,1,0.05
O000972,P0011,2,0.2
O000972,P0002,2,0.05
O000972,P0029,1,0.1
O000972,P0007,1,0.0
O000973,P0028,3,0.2
O000973,P0026,3,0.0
O000974,P0030,2,0.05
O000975,P0004,2,0.05
O000976,P0021,1,0.05
O000976,P0020,3,0.05
O000976,P0008,4,0.05
O000977,P0028,1,0.0
O000977,P0021,1,0.1
O000977,P0004,1,0.0
O000978,P0029,4,0.0
O000978,P0023,2,0.15
O000978,P0005,2,0.1
O000979,P0003,1,0.1
O000980,P0019,2,0.05
O000980,P0018,1,0.05
O000980,P0013,1,0.05
O000980,P0027,1,0.2
O000981,P0026,1,0.05
O000981,P0019,1,0.05
O000981,P0027,2,0.15
O000982,P0007,1,0.1
O000982,P0006,3,0.0
O000983,P0007,2,0.15
O000983,P0015,2,0.2
O000984,P0009,3,0.2
O000984,P0019,1,0.05
O000984,P0002,2,0.0
O000985,P0017,2,0.1
O000985,P0018,1,0.0
O000985,P0014,3,0.05
O000986,P0007,2,0.1
O000986,P0005,2,0.2
O000987,P0016,2,0.1
O000988,P0027,3,0.1
O000988,P0025,1,0.1
O000989,P0005,2,0.0
O000990,P0028,2,0.0
O000991,P0004,1,0.05
O000991,P0012,2,0.0
O000992,P0016,2,0.05
O000992,P0009,2,0.0
O000993,P0008,1,0.05
O000993,P0003,2,0.1
O000994,P0004,1,0.2
O000994,P0016,1,0.0
O000995,P0014,1,0.0
O000996,P0027,2,0.0
O000996,P0010,4,0.0
O000997,P0017,1,0.05
O000997,P0010,1,0.0
O000997,P0003,3,0.1
O000997,P0020,3,0.05
O000998,P0029,1,0.15
O000998,P0011,2,0.0
O000998,P0022,2,0.1
O000999,P0028,1,0.0
O001000,P0006,3,0.0
O001001,P0027,2,0.15
O001001,P0008,2,0.0
O001001,P0011,1,0.0
O001002,P0015,2,0.15
O001002,P0021,1,0.0
O001003,P0015,2,0.0
O001003,P0014,1,0.1
O001004,P0020,1,0.1
O001005,P0014,2,0.05
O001005,P0011,1,0.0
O001005,P0002,3,0.0
O001005,P0020,1,0.0
O001006,P0021,1,0.05
O001006,P0006,1,0.2
O001006,P0018,2,0.05
O001007,P0009,1,0.1
O001008,P0023,1,0.05
O001008,P0011,1,0.05
O001009,P0006,1,0.0
O001010,P0014,1,0.05
O001011,P0026,1,0.15
O001012,P0016,2,0.0
O001012,P0004,2,0.1
O001012,P0006,1,0.0
O001012,P0010,1,0.0
O001012,P0003,1,0.15
O001013,P0016,1,0.05
O001013,P0020,3,0.0
O001013,P0018,3,0.05
O001014,P0010,1,0.05
O001014,P0004,1,0.1
O001014,P0023,1,0.0
O001015,P0027,1,0.05
O001015,P0019,1,0.05
O001015,P0029,1,0.1
O001015,P0009,3,0.0
O001016,P0013,3,0.05
O001017,P0011,2,0.05
O001017,P0009,2,0.0
O001018,P0006,1,0.05
O001018,P0001,1,0.05
O001018,P0024,3,0.15
O001018,P0009,2,0.0
O001018,P0003,3,0.0
O001019,P0006,1,0.0
O001019,P0002,2,0.0
O001019,P0021,2,0.1
O001019,P0008,1,0.05
O001019,P0004,2,0.1
O001020,P0006,1,0.0
O001020,P0026,2,0.05
O001021,P0004,2,0.0
O001021,P0005,2,0.1
O001021,P0016,1,0.05
O001021,P0012,1,0.0
O001022,P0004,1,0.0
O001022,P0026,1,0.0
O001023,P0011,1,0.15
O001024,P0024,2,0.05
O001024,P0012,1,0.0
O001025,P0020,1,0.05
O001025,P0023,1,0.0
O001026,P0019,1,0.05
O001027,P0008,1,0.15
O001027,P0012,2,0.0
O001027,P0028,1,0.05
O001028,P0026,2,0.05
O001029,P0014,1,0.05
O001030,P0008,1,0.05
O001030,P0021,4,0.0
O001030,P0018,2,0.2
O001031,P0030,1,0.0
O001032,P0019,1,0.1
O001033,P0024,1,0.0
O001033,P0029,3,0.05
O001033,P0019,1,0.0
O001034,P0005,2,0.0
O001035,P0021,1,0.05
O001035,P0018,2,0.1
O001036,P0028,3,0.1
O001037,P0020,1,0.0
O001038,P0024,4,0.1
O001038,P0017,2,0.05
O001038,P0012,1,0.1
O001038,P0014,1,0.05
O001039,P0019,1,0.05
O001039,P0002,1,0.0
O001040,P0011,1,0.0
O001041,P0004,1,0.0
O001041,P0017,1,0.0
O001042,P0028,2,0.05
O001043,P0026,1,0.0
O001044,P0017,1,0.0
O001045,P0009,2,0.1
O001045,P0021,3,0.15
O001046,P0013,3,0.0
O001046,P0001,2,0.0
O001046,P0014,2,0.0
O001046,P0010,1,0.1
O001047,P0018,2,0.1
O001047,P0013,1,0.15
O001048,P0013,1,0.1
O001049,P0002,1,0.05
O001049,P0007,3,0.0
O001050,P0027,1,0.1
O001050,P0005,2,0.0
O001051,P0015,1,0.05
O001052,P0020,2,0.15
O001052,P0008,1,0.05
O001053,P0030,3,0.05
O001053,P0009,1,0.15
O001054,P0001,1,0.0
O001055,P0028,1,0.0
O001055,P0025,1,0.05
O001055,P0029,2,0.0
O001055,P0030,2,0.1
O001056,P0025,2,0.0
O001056,P0013,1,0.0
O001056,P0007,1,0.05
O001057,P0011,3,0.05
O001057,P0013,1,0.0
O001058,P0003,1,0.05
O001059,P0015,1,0.1
O001060,P0009,3,0.0
O001060,P0022,1,0.0
O001060,P0010,1,0.0
O001060,P0019,1,0.1
O001060,P0007,2,0.0
O001061,P0029,1,0.0
O001061,P0022,2,0.0
O001062,P0014,2,0.15
O001062,P0018,2,0.05
O001062,P0008,1,0.1
O001063,P0006,1,0.1
O001063,P0008,1,0.1
O001063,P0021,2,0.05
O001063,P0023,1,0.1
O001063,P0014,1,0.05
O001064,P0025,1,0.0
O001065,P0007,3,0.05
O001065,P0020,2,0.2
O001065,P0006,1,0.2
O001066,P0012,1,0.05
O001066,P0001,4,0.15
O001067,P0026,3,0.05
O001067,P0021,4,0.15
O001068,P0030,2,0.0
O001068,P0023,2,0.05
O001068,P0022,2,0.1
O001068,P0027,2,0.1
O001069,P0008,1,0.15
O001069,P0004,1,0.2
O001070,P0008,3,0.0
O001071,P0007,3,0.0
O001071,P0029,3,0.15
O001071,P0012,2,0.05
O001072,P0021,1,0.0
O001073,P0020,3,0.05
O001074,P0009,1,0.05
O001074,P0030,1,0.05
O001074,P0017,4,0.15
O001074,P0026,1,0.0
O001074,P0008,1,0.0
O001075,P0018,2,0.05
O001076,P0026,1,0.05
O001076,P0016,1,0.0
O001076,P0003,4,0.1
O001077,P0025,1,0.2
O001078,P0011,1,0.05
O001078,P0018,1,0.15
O001078,P0028,1,0.0
O001079,P0011,2,0.0
O001079,P0026,1,0.05
O001080,P0022,3,0.0
O001081,P0001,1,0.05
O001081,P0030,2,0.0
O001082,P0008,1,0.0
O001082,P0019,1,0.05
O001083,P0017,1,0.1
O001083,P0002,1,0.2
O001083,P0015,1,0.0
O001084,P0028,1,0.05
O001085,P0015,1,0.0
O001085,P0022,2,0.1
O001086,P0019,1,0.05
O001086,P0018,3,0.05
O001087,P0004,1,0.0
O001087,P0029,1,0.0
O001088,P0015,1,0.2
O001088,P0003,2,0.15
O001088,P0007,1,0.1
O001089,P0019,2,0.1
O001089,P0015,1,0.1
O001089,P0021,4,0.05
O001089,P0016,1,0.2
O001090,P0007,2,0.2
O001091,P0026,2,0.1
O001091,P0019,2,0.05
O001091,P0027,1,0.05
O001092,P0016,2,0.1
O001093,P0003,4,0.05
O001093,P0006,2,0.05
O001093,P0008,3,0.1
O001093,P0018,1,0.1
O001094,P0030,1,0.0
O001094,P0007,1,0.05
O001094,P0006,2,0.05
O001095,P0022,1,0.0
O001095,P0029,2,0.05
O001096,P0013,2,0.05
O001096,P0006,1,0.0
O001096,P0011,1,0.0
O001097,P0015,4,0.1
O001097,P0030,1,0.1
O001098,P0015,2,0.1
O001098,P0028,2,0.1
O001098,P0018,2,0.05
O001098,P0007,2,0.05
O001099,P0007,3,0.05
O001099,P0006,2,0.0
O001099,P0017,2,0.0
O001099,P0009,1,0.0
O001100,P0007,2,0.0
O001101,P0019,1,0.1
O001102,P0003,4,0.1
O001103,P0024,3,0.0
O001103,P0025,1,0.1
O001103,P0020,2,0.15
O001103,P0015,4,0.0
O001104,P0008,2,0.05
O001104,P0019,1,0.1
O001104,P0025,1,0.0
O001105,P0017,1,0.0
O001105,P0015,1,0.15
O001105,P0018,2,0.1
O001106,P0001,1,0.1
O001107,P0017,1,0.0
O001107,P0010,1,0.1
O001107,P0020,1,0.05
O001108,P0028,1,0.05
O001108,P0027,2,0.2
O001109,P0013,2,0.05
O001109,P0012,1,0.05
O001109,P0021,3,0.0
O001110,P0025,2,0.05
O001111,P0014,1,0.05
O001112,P0014,1,0.0
O001112,P0025,1,0.2
O001113,P0018,3,0.0
O001114,P0010,3,0.0
O001115,P0020,1,0.05
O001116,P0017,1,0.05
O001116,P0002,1,0.0
O001117,P0013,1,0.1
O001117,P0011,3,0.15
O001117,P0008,2,0.15
O001117,P0028,1,0.0
O001117,P0001,1,0.0
O001118,P0022,1,0.0
O001118,P0020,1,0.1
O001119,P0010,2,0.1
O001119,P0026,1,0.05
O001120,P0016,1,0.15
O001120,P0006,1,0.1
O001120,P0020,1,0.0
O001121,P0020,1,0.05
O001121,P0017,1,0.05
O001122,P0011,2,0.1
O001122,P0027,1,0.0
O001123,P0026,1,0.0
O001123,P0003,2,0.0
O001124,P0019,1,0.0
O001125,P0025,1,0.1
O001126,P0017,4,0.05
O001127,P0015,3,0.1
O001127,P0002,1,0.05
O001128,P0022,1,0.0
O001129,P0028,1,0.1
O001129,P0002,1,0.0
O001129,P0024,1,0.0
O001129,P0022,1,0.2
O001129,P0019,1,0.0
O001130,P0026,2,0.05
O001131,P0016,2,0.0
O001132,P0010,1,0.0
O001132,P0021,2,0.15
O001133,P0025,2,0.15
O001134,P0002,1,0.0
O001135,P0013,1,0.05
O001135,P0001,1,0.05
O001135,P0018,3,0.0
O001135,P0021,1,0.05
O001136,P0008,2,0.0
O001136,P0002,2,0.05
O001137,P0027,1,0.05
O001138,P0018,1,0.2
O001138,P0021,2,0.05
O001139,P0026,1,0.0
O001139,P0008,3,0.05
O001140,P0017,3,0.0
O001140,P0026,1,0.1
O001141,P0021,3,0.05
O001141,P0014,4,0.0
O001141,P0019,4,0.0
O001141,P0029,2,0.05
O001142,P0028,1,0.0
O001143,P0023,1,0.05
O001144,P0025,2,0.15
O001144,P0011,1,0.15
O001145,P0006,1,0.05
O001145,P0025,2,0.1
O001146,P0010,3,0.0
O001147,P0016,2,0.2
O001148,P0006,1,0.0
O001149,P0003,2,0.15
O001149,P0002,3,0.0
O001149,P0014,3,0.05
O001149,P0028,1,0.0
O001149,P0025,2,0.1
O001150,P0019,1,0.1
O001151,P0022,1,0.0
O001152,P0008,1,0.05
O001152,P0029,1,0.05
O001152,P0014,1,0.1
O001152,P0016,1,0.0
O001153,P0004,2,0.0
O001154,P0012,1,0.05
O001155,P0004,2,0.1
O001156,P0024,3,0.05
O001156,P0013,2,0.1
O001156,P0012,1,0.05
O001157,P0020,3,0.05
O001158,P0018,1,0.0
O001159,P0025,3,0.05
O001159,P0027,3,0.05
O001159,P0024,4,0.05
O001160,P0011,1,0.05
O001160,P0001,4,0.05
O001160,P0022,2,0.1
O001160,P0017,1,0.0
O001160,P0013,1,0.1
O001161,P0006,1,0.15
O001161,P0028,3,0.0
O001162,P0002,3,0.0
O001162,P0030,1,0.15
O001162,P0027,2,0.1
O001163,P0007,1,0.0
O001163,P0016,3,0.05
O001164,P0010,1,0.05
O001164,P0027,1,0.0
O001165,P0025,3,0.0
O001165,P0028,2,0.1
O001166,P0007,1,0.05
O001166,P0028,1,0.1
O001167,P0002,1,0.0
O001167,P0006,1,0.0
O001167,P0004,2,0.0
O001167,P0021,2,0.0
O001167,P0019,1,0.1
O001168,P0009,4,0.0
O001169,P0023,2,0.05
O001169,P0020,2,0.2
O001169,P0015,1,0.1
O001170,P0026,1,0.05
O001171,P0018,1,0.05
O001171,P0003,2,0.0
O001172,P0028,1,0.0
O001173,P0004,1,0.0
O001173,P0021,1,0.0
O001174,P0003,1,0.05
O001174,P0018,2,0.0
O001175,P0019,1,0.0
O001175,P0002,1,0.0
O001175,P0010,2,0.1
O001175,P0025,2,0.0
O001175,P0004,1,0.05
O001176,P0004,1,0.05
O001176,P0002,4,0.1
O001177,P0019,2,0.15
O001178,P0023,2,0.05
O001179,P0019,3,0.0
O001180,P0003,1,0.1
O001181,P0015,1,0.1
O001181,P0016,1,0.05
O001182,P0020,2,0.0
O001182,P0005,1,0.0
O001183,P0019,1,0.0
O001183,P0020,1,0.1
O001183,P0004,1,0.15
O001184,P0016,1,0.15
O001184,P0001,1,0.0
O001185,P0018,2,0.0
O001186,P0018,2,0.1
O001186,P0026,1,0.0
O001186,P0007,2,0.15
O001186,P0016,1,0.2
O001187,P0002,1,0.0
O001188,P0029,3,0.0
O001188,P0017,2,0.0
O001189,P0020,2,0.0
O001190,P0024,4,0.1
O001191,P0011,2,0.05
O001192,P0009,2,0.05
O001193,P0008,1,0.05
O001193,P0007,2,0.0
O001194,P0001,1,0.15
O001195,P0006,2,0.05
O001195,P0020,2,0.0
O001195,P0016,1,0.05
O001195,P0027,1,0.05
O001196,P0023,1,0.1
O001197,P0022,1,0.0
O001197,P0030,2,0.15
O001197,P0008,1,0.05
O001198,P0004,1,0.2
O001199,P0017,2,0.05
O001199,P0007,2,0.0
O001199,P0005,3,0.0
O001199,P0012,2,0.1
O001200,P0008,1,0.0
O001201,P0023,2,0.1
O001201,P0012,1,0.0
O001201,P0005,2,0.15
O001202,P0019,1,0.05
O001202,P0014,1,0.15
O001203,P0008,2,0.1
O001203,P0005,2,0.1
O001204,P0002,1,0.1
O001204,P0026,1,0.1
O001205,P0020,3,0.15
O001205,P0021,3,0.0
O001205,P0013,3,0.05
O001206,P0015,1,0.0
O001206,P0024,1,0.0
O001206,P0026,2,0.0
O001206,P0027,1,0.0
O001207,P0022,2,0.05
O001207,P0009,1,0.05
O001208,P0012,1,0.0
O001208,P0011,1,0.0
O001209,P0022,1,0.05
O001209,P0025,1,0.0
O001209,P0029,1,0.05
O001209,P0004,2,0.05
O001210,P0012,2,0.05
O001211,P0009,2,0.0
O001211,P0006,2,0.05
O001212,P0003,1,0.0
O001212,P0016,1,0.2
O001212,P0028,4,0.05
O001213,P0022,2,0.05
O001213,P0017,2,0.05
O001213,P0010,1,0.1
O001214,P0027,2,0.1
O001214,P0014,2,0.15
O001214,P0010,1,0.05
O001215,P0008,2,0.05
O001215,P0013,1,0.05
O001216,P0017,2,0.1
O001216,P0007,3,0.2
O001216,P0004,3,0.0
O001216,P0010,3,0.1
O001217,P0010,1,0.05
O001217,P0016,4,0.0
O001217,P0011,2,0.0
O001218,P0018,1,0.05
O001218,P0010,3,0.05
O001219,P0027,2,0.05
O001219,P0016,1,0.1
O001219,P0008,2,0.05
O001219,P0026,1,0.2
O001220,P0030,3,0.2
O001220,P0015,2,0.15
O001220,P0024,4,0.15
O001221,P0009,1,0.0
O001221,P0029,2,0.1
O001222,P0007,1,0.1
O001222,P0006,1,0.05
O001223,P0008,3,0.0
O001223,P0014,2,0.1
O001224,P0018,2,0.1
O001224,P0029,1,0.0
O001224,P0017,3,0.0
O001224,P0014,3,0.1
O001225,P0030,2,0.1
O001225,P0023,1,0.15
O001226,P0029,1,0.15
O001227,P0028,1,0.0
O001227,P0009,3,0.1
O001227,P0008,1,0.0
O001227,P0014,2,0.1
O001228,P0028,1,0.05
O001229,P0002,3,0.0
O001229,P0027,1,0.1
O001230,P0018,2,0.05
O001230,P0008,1,0.05
O001230,P0004,2,0.0
O001230,P0021,3,0.05
O001231,P0022,1,0.0
O001231,P0021,1,0.15
O001231,P0006,2,0.05
O001232,P0029,3,0.1
O001233,P0023,2,0.15
O001233,P0030,1,0.1
O001233,P0020,1,0.15
O001233,P0002,2,0.0
O001233,P0028,4,0.0
O001234,P0003,3,0.05
O001235,P0026,1,0.05
O001235,P0028,1,0.0
O001235,P0018,3,0.15
O001235,P0024,1,0.0
O001235,P0004,2,0.0
O001236,P0024,1,0.1
O001237,P0004,1,0.0
O001237,P0009,1,0.0
O001238,P0005,2,0.0
O001238,P0006,2,0.0
O001239,P0014,1,0.0
O001239,P0025,4,0.0
O001239,P0007,1,0.0
O001239,P0011,1,0.05
O001239,P0023,1,0.0
O001240,P0007,1,0.0
O001241,P0018,2,0.05
O001241,P0012,1,0.05
O001242,P0025,2,0.0
O001242,P0021,2,0.1
O001243,P0004,1,0.1
O001243,P0026,1,0.0
O001243,P0015,1,0.05
O001243,P0002,4,0.05
O001244,P0001,2,0.05
O001244,P0025,2,0.05
O001245,P0001,1,0.1
O001245,P0020,1,0.15
O001245,P0007,1,0.05
O001245,P0004,2,0.0
O001245,P0017,2,0.05
O001246,P0019,3,0.0
O001247,P0005,1,0.15
O001248,P0026,1,0.0
O001248,P0013,1,0.05
O001249,P0001,1,0.05
O001249,P0013,1,0.05
O001249,P0029,1,0.05
O001249,P0008,1,0.05
O001250,P0001,1,0.05
O001250,P0026,1,0.0
O001251,P0006,2,0.0
O001251,P0014,3,0.05
O001251,P0018,2,0.1
O001251,P0030,1,0.2
O001251,P0029,2,0.0
O001252,P0014,2,0.0
O001252,P0030,1,0.05
O001253,P0003,1,0.0
O001253,P0012,3,0.05
O001254,P0029,2,0.0
O001254,P0003,2,0.0
O001254,P0030,2,0.2
O001255,P0010,2,0.05
O001255,P0009,1,0.15
O001256,P0001,1,0.1
O001256,P0023,1,0.05
O001256,P0025,1,0.1
O001257,P0029,2,0.1
O001258,P0005,1,0.15
O001259,P0019,2,0.05
O001259,P0012,1,0.0
O001260,P0010,3,0.0
O001260,P0015,1,0.05
O001260,P0029,1,0.05
O001261,P0027,1,0.0
O001261,P0011,4,0.1
O001262,P0013,1,0.15
O001262,P0017,1,0.15
O001262,P0023,2,0.0
O001263,P0022,3,0.0
O001263,P0002,2,0.1
O001263,P0025,3,0.0
O001264,P0026,1,0.05
O001264,P0009,3,0.0
O001265,P0009,1,0.2
O001265,P0011,1,0.05
O001266,P0010,1,0.0
O001266,P0017,1,0.15
O001266,P0016,1,0.05
O001266,P0013,2,0.1
O001266,P0019,1,0.0
O001267,P0017,3,0.15
O001267,P0013,2,0.0
O001268,P0017,1,0.1
O001269,P0016,1,0.05
O001269,P0019,1,0.0
O001269,P0030,1,0.0
O001270,P0027,1,0.15
O001270,P0004,2,0.05
O001270,P0025,3,0.05
O001271,P0018,1,0.05
O001272,P0005,1,0.1
O001272,P0004,1,0.1
O001272,P0012,1,0.05
O001273,P0028,2,0.05
O001273,P0014,3,0.1
O001274,P0014,1,0.05
O001275,P0017,1,0.1
O001276,P0021,2,0.05
O001277,P0030,1,0.05
O001278,P0021,2,0.05
O001278,P0029,1,0.05
O001278,P0028,4,0.1
O001279,P0005,1,0.0
O001280,P0012,1,0.0
O001280,P0010,3,0.15
O001281,P0024,1,0.05
O001281,P0007,1,0.2
O001282,P0017,2,0.1
O001282,P0001,3,0.0
O001282,P0024,1,0.0
O001282,P0010,1,0.0
O001283,P0026,1,0.0
O001283,P0014,1,0.05
O001283,P0016,1,0.05
O001284,P0022,4,0.0
O001284,P0013,1,0.05
O001284,P0004,1,0.15
O001284,P0005,2,0.0
O001285,P0021,2,0.0
O001285,P0003,1,0.0
O001286,P0020,2,0.1
O001286,P0001,1,0.0
O001286,P0016,3,0.0
O001287,P0025,1,0.05
O001288,P0016,1,0.0
O001288,P0012,2,0.0
O001289,P0014,2,0.1
O001289,P0006,1,0.0
O001290,P0025,4,0.05
O001291,P0002,2,0.0
O001292,P0019,3,0.1
O001292,P0026,1,0.1
O001292,P0007,1,0.0
O001293,P0009,4,0.05
O001293,P0014,1,0.05
O001293,P0030,1,0.05
O001294,P0028,4,0.15
O001294,P0024,1,0.0
O001294,P0029,2,0.05
O001294,P0003,2,0.1
O001294,P0004,3,0.2
O001295,P0030,2,0.0
O001295,P0029,2,0.0
O001296,P0018,1,0.05
O001296,P0020,3,0.0
O001296,P0017,2,0.0
O001297,P0025,2,0.15
O001297,P0029,1,0.1
O001298,P0028,1,0.0
O001298,P0014,2,0.1
O001299,P0008,3,0.05
O001299,P0026,1,0.05
O001300,P0030,2,0.05
O001301,P0014,2,0.1
O001302,P0028,1,0.0
O001302,P0026,1,0.1
O001302,P0011,4,0.0
O001302,P0027,1,0.1
O001303,P0014,1,0.1
O001304,P0004,1,0.05
O001304,P0026,3,0.05
O001304,P0030,2,0.1
O001305,P0017,2,0.05
O001306,P0021,1,0.15
O001307,P0018,1,0.0
O001307,P0020,3,0.0
O001308,P0001,1,0.0
O001308,P0009,2,0.1
O001308,P0021,2,0.05
O001308,P0007,1,0.0
O001309,P0001,2,0.0
O001309,P0008,2,0.0
O001309,P0025,1,0.05
O001310,P0005,1,0.2
O001310,P0014,1,0.0
O001311,P0015,3,0.15
O001312,P0014,1,0.05
O001312,P0003,2,0.0
O001312,P0028,1,0.05
O001313,P0006,1,0.0
O001313,P0013,1,0.1
O001314,P0022,2,0.1
O001315,P0010,1,0.05
O001315,P0013,2,0.05
O001316,P0013,1,0.0
O001316,P0019,1,0.1
O001316,P0024,2,0.05
O001317,P0005,1,0.0
O001317,P0018,2,0.05
O001318,P0010,4,0.0
O001318,P0003,1,0.1
O001318,P0018,2,0.1
O001319,P0030,1,0.1
O001319,P0023,2,0.1
O001320,P0025,1,0.05
O001321,P0027,1,0.15
O001321,P0009,1,0.0
O001322,P0026,3,0.05
O001322,P0017,1,0.0
O001322,P0013,1,0.05
O001322,P0011,1,0.05
O001322,P0022,1,0.1
O001323,P0027,1,0.0
O001323,P0020,3,0.05
O001324,P0017,1,0.15
O001324,P0006,2,0.0
O001324,P0012,2,0.15
O001324,P0026,1,0.0
O001324,P0001,1,0.05
O001325,P0004,1,0.05
O001325,P0018,2,0.05
O001325,P0001,1,0.05
O001326,P0006,3,0.0
O001326,P0015,3,0.0
O001326,P0029,2,0.05
O001327,P0013,1,0.1
O001328,P0021,2,0.05
O001328,P0023,1,0.05
O001328,P0004,1,0.15
O001329,P0014,1,0.0
O001330,P0030,3,0.0
O001330,P0002,1,0.0
O001331,P0005,1,0.0
O001331,P0016,2,0.0
O001332,P0003,1,0.0
O001332,P0023,2,0.0
O001333,P0021,1,0.15
O001333,P0002,2,0.05
O001334,P0013,1,0.0
O001335,P0017,2,0.0
O001335,P0025,2,0.15
O001335,P0010,3,0.1
O001336,P0022,2,0.05
O001337,P0004,1,0.0
O001338,P0003,2,0.0
O001338,P0025,1,0.0
O001338,P0001,1,0.05
O001338,P0008,1,0.15
O001338,P0023,1,0.1
O001339,P0011,2,0.1
O001339,P0008,2,0.1
O001339,P0009,2,0.1
O001340,P0030,2,0.0
O001340,P0028,1,0.0
O001340,P0021,2,0.0
O001341,P0012,3,0.05
O001341,P0006,2,0.2
O001341,P0004,2,0.05
O001342,P0012,2,0.05
O001342,P0016,2,0.0
O001342,P0021,1,0.05
O001343,P0002,1,0.05
O001344,P0007,1,0.0
O001345,P0023,2,0.0
O001346,P0002,1,0.15
O001346,P0010,3,0.2
O001346,P0008,1,0.0
O001347,P0013,3,0.0
O001347,P0016,1,0.1
O001347,P0021,2,0.1
O001347,P0028,2,0.1
O001348,P0020,1,0.2
O001348,P0001,1,0.05
O001348,P0016,2,0.05
O001348,P0014,1,0.05
O001349,P0023,1,0.05
O001349,P0027,1,0.1
O001349,P0008,1,0.05
O001349,P0015,1,0.1
O001350,P0024,3,0.0
O001350,P0028,1,0.1
O001350,P0009,1,0.15
O001350,P0013,1,0.05
O001351,P0004,1,0.15
O001351,P0005,1,0.0
O001351,P0025,1,0.05
O001351,P0020,1,0.0
O001351,P0007,2,0.1
O001352,P0016,2,0.0
O001353,P0028,2,0.0
O001353,P0007,1,0.1
O001354,P0015,1,0.15
O001354,P0020,2,0.1
O001354,P0024,2,0.0
O001355,P0025,1,0.1
O001355,P0024,2,0.05
O001355,P0003,1,0.0
O001356,P0008,2,0.1
O001356,P0023,2,0.0
O001357,P0007,2,0.15
O001357,P0002,2,0.05
O001357,P0020,1,0.05
O001357,P0006,3,0.15
O001358,P0029,2,0.15
O001358,P0015,1,0.0
O001359,P0027,1,0.0
O001359,P0024,1,0.0
O001360,P0030,1,0.05
O001360,P0028,1,0.05
O001360,P0021,2,0.1
O001361,P0024,1,0.05
O001361,P0017,3,0.0
O001362,P0024,2,0.05
O001362,P0028,2,0.05
O001362,P0002,2,0.0
O001362,P0026,1,0.0
O001362,P0004,2,0.05
O001363,P0011,2,0.0
O001363,P0029,2,0.0
O001363,P0028,1,0.0
O001363,P0022,1,0.05
O001363,P0012,1,0.0
O001364,P0013,1,0.05
O001365,P0024,2,0.05
O001365,P0003,1,0.05
O001365,P0020,1,0.1
O001365,P0011,3,0.1
O001365,P0017,1,0.1
O001366,P0008,2,0.15
O001366,P0007,3,0.0
O001367,P0024,2,0.05
O001367,P0013,1,0.05
O001368,P0028,1,0.0
O001368,P0004,1,0.05
O001369,P0022,3,0.05
O001369,P0003,3,0.05
O001370,P0008,4,0.05
O001371,P0007,2,0.1
O001371,P0019,3,0.0
O001372,P0028,1,0.0
O001373,P0002,4,0.0
O001373,P0005,3,0.15
O001373,P0019,1,0.0
O001374,P0010,1,0.05
O001374,P0024,2,0.05
O001374,P0016,1,0.05
O001375,P0003,1,0.05
O001375,P0012,1,0.05
O001376,P0001,2,0.05
O001377,P0014,1,0.0
O001377,P0023,1,0.05
O001378,P0023,1,0.0
O001378,P0027,1,0.0
O001379,P0012,2,0.0
O001379,P0006,3,0.05
O001380,P0018,1,0.05
O001381,P0015,1,0.05
O001381,P0017,1,0.0
O001381,P0024,2,0.1
O001382,P0009,2,0.05
O001383,P0021,3,0.05
O001384,P0001,4,0.1
O001385,P0024,1,0.1
O001385,P0003,2,0.05
O001386,P0024,1,0.05
O001386,P0006,4,0.05
O001386,P0003,4,0.05
O001387,P0013,2,0.2
O001388,P0006,1,0.1
O001388,P0010,4,0.0
O001389,P0007,1,0.15
O001389,P0029,3,0.15
O001389,P0013,1,0.0
O001389,P0019,2,0.1
O001390,P0013,2,0.15
O001391,P0007,2,0.05
O001392,P0017,1,0.1
O001392,P0002,1,0.05
O001393,P0005,1,0.0
O001393,P0017,2,0.1
O001393,P0014,1,0.0
O001393,P0012,1,0.1
O001394,P0016,1,0.1
O001394,P0023,1,0.05
O001394,P0002,2,0.15
O001394,P0010,3,0.0
O001395,P0024,1,0.1
O001395,P0016,2,0.1
O001395,P0029,4,0.1
O001396,P0012,2,0.0
O001396,P0008,1,0.05
O001396,P0027,2,0.05
O001397,P0009,1,0.0
O001397,P0006,1,0.05
O001398,P0004,1,0.1
O001398,P0025,4,0.1
O001398,P0007,1,0.1
O001399,P0005,4,0.0
O001399,P0025,1,0.1
O001399,P0030,1,0.15
O001399,P0012,1,0.0
O001399,P0015,1,0.0
O001400,P0030,1,0.05
O001400,P0027,1,0.0
O001400,P0003,1,0.2
O001400,P0004,1,0.0
O001401,P0030,1,0.1
O001402,P0007,1,0.1
O001402,P0024,2,0.0
O001403,P0005,1,0.2
O001404,P0009,1,0.05
O001404,P0014,2,0.2
O001405,P0008,2,0.05
O001405,P0017,1,0.2
O001405,P0011,1,0.1
O001405,P0024,3,0.0
O001406,P0004,1,0.0
O001406,P0013,2,0.05
O001407,P0022,3,0.1
O001408,P0019,1,0.1
O001408,P0008,1,0.0
O001409,P0021,1,0.15
O001409,P0019,1,0.0
O001409,P0018,3,0.15
O001409,P0002,2,0.05
O001410,P0022,1,0.0
O001411,P0006,1,0.05
O001411,P0014,1,0.15
O001411,P0022,1,0.05
O001412,P0030,1,0.0
O001412,P0023,1,0.05
O001413,P0027,3,0.0
O001413,P0023,1,0.0
O001413,P0014,3,0.05
O001414,P0020,2,0.05
O001414,P0003,1,0.0
O001414,P0021,1,0.2
O001415,P0028,1,0.1
O001416,P0004,1,0.05
O001416,P0027,2,0.15
O001417,P0029,3,0.0
O001418,P0003,1,0.15
O001419,P0004,1,0.1
O001420,P0003,1,0.05
O001420,P0021,2,0.15
O001421,P0007,1,0.1
O001421,P0027,2,0.05
O001422,P0027,1,0.05
O001423,P0024,1,0.0
O001423,P0027,1,0.05
O001424,P0030,2,0.05
O001424,P0008,2,0.05
O001424,P0013,1,0.05
O001424,P0020,1,0.05
O001424,P0015,1,0.05
O001425,P0028,1,0.0
O001426,P0012,3,0.05
O001426,P0021,2,0.1
O001427,P0003,2,0.0
O001427,P0006,3,0.15
O001427,P0027,1,0.0
O001427,P0026,1,0.05
O001427,P0016,1,0.0
O001428,P0001,1,0.1
O001429,P0007,1,0.05
O001430,P0010,2,0.15
O001430,P0025,1,0.0
O001431,P0022,2,0.05
O001432,P0016,2,0.0
O001433,P0007,1,0.1
O001433,P0004,1,0.1
O001433,P0017,1,0.1
O001434,P0009,1,0.1
O001434,P0010,1,0.05
O001434,P0017,3,0.15
O001435,P0019,1,0.0
O001435,P0003,3,0.05
O001436,P0008,1,0.1
O001436,P0015,2,0.0
O001437,P0010,2,0.0
O001437,P0004,2,0.1
O001437,P0006,1,0.0
O001437,P0022,1,0.05
O001438,P0005,2,0.15
O001439,P0001,1,0.0
O001439,P0012,1,0.1
O001440,P0004,3,0.1
O001441,P0017,1,0.0
O001441,P0009,1,0.05
O001442,P0015,1,0.1
O001442,P0013,4,0.0
O001442,P0022,1,0.1
O001442,P0018,2,0.0
O001442,P0020,1,0.1
O001443,P0021,2,0.0
O001443,P0017,3,0.0
O001444,P0009,1,0.1
O001444,P0025,4,0.1
O001444,P0021,1,0.0
O001445,P0020,1,0.15
O001445,P0019,2,0.0
O001445,P0004,1,0.0
O001446,P0022,2,0.0
O001446,P0005,3,0.0
O001447,P0023,2,0.0
O001447,P0003,3,0.05
O001447,P0005,1,0.15
O001448,P0004,1,0.05
O001448,P0020,4,0.2
O001449,P0013,4,0.0
O001449,P0001,1,0.15
O001450,P0006,1,0.0
O001450,P0025,2,0.15
O001451,P0013,1,0.05
O001451,P0003,1,0.0
O001452,P0006,1,0.1
O001452,P0001,1,0.05
O001453,P0005,3,0.0
O001453,P0028,1,0.0
O001454,P0008,1,0.0
O001454,P0009,1,0.15
O001454,P0012,2,0.0
O001454,P0002,2,0.0
O001454,P0016,1,0.1
O001455,P0005,1,0.15
O001455,P0027,2,0.2
O001455,P0016,3,0.1
O001455,P0010,1,0.15
O001456,P0001,1,0.05
O001457,P0003,3,0.15
O001458,P0023,1,0.15
O001458,P0003,1,0.05
O001459,P0014,1,0.0
O001459,P0028,2,0.0
O001460,P0025,2,0.15
O001460,P0006,2,0.1
O001460,P0017,1,0.2
O001461,P0006,2,0.0
O001461,P0019,2,0.05
O001461,P0012,1,0.0
O001461,P0021,3,0.15
O001461,P0030,1,0.05
O001462,P0030,2,0.0
O001463,P0001,3,0.2
O001463,P0008,1,0.1
O001464,P0011,1,0.05
O001465,P0001,3,0.0
O001465,P0022,1,0.05
O001466,P0005,1,0.0
O001466,P0008,2,0.15
O001467,P0030,2,0.2
O001467,P0009,2,0.05
O001467,P0017,1,0.05
O001468,P0011,1,0.1
O001468,P0007,3,0.0
O001469,P0030,1,0.05
O001470,P0011,1,0.0
O001470,P0013,1,0.0
O001470,P0008,1,0.0
O001470,P0005,3,0.1
O001471,P0013,3,0.0
O001472,P0018,1,0.1
O001472,P0025,1,0.0
O001472,P0006,2,0.05
O001472,P0028,3,0.05
O001473,P0019,1,0.05
O001473,P0020,1,0.0
O001473,P0018,3,0.0
O001473,P0023,2,0.2
O001474,P0017,2,0.2
O001474,P0001,1,0.15
O001474,P0028,3,0.0
O001474,P0026,2,0.05
O001474,P0019,1,0.0
O001475,P0009,2,0.15
O001476,P0026,1,0.0
O001476,P0030,1,0.05
O001477,P0020,1,0.0
O001478,P0003,1,0.0
O001478,P0021,2,0.0
O001478,P0013,2,0.05
O001479,P0020,2,0.05
O001479,P0005,3,0.1
O001479,P0028,2,0.05
O001479,P0018,1,0.1
O001480,P0010,2,0.0
O001480,P0017,2,0.0
O001481,P0026,2,0.05
O001482,P0025,2,0.15
O001482,P0017,1,0.1
O001482,P0030,2,0.15
O001483,P0015,1,0.15
O001483,P0023,1,0.0
O001484,P0010,3,0.1
O001484,P0027,4,0.0
O001484,P0026,2,0.05
O001484,P0008,1,0.0
O001485,P0009,3,0.2
O001486,P0018,1,0.0
O001487,P0028,2,0.05
O001488,P0001,1,0.05
O001488,P0016,1,0.0
O001488,P0006,1,0.05
O001488,P0018,1,0.0
O001488,P0002,1,0.0
O001489,P0014,1,0.05
O001490,P0026,2,0.0
O001491,P0030,1,0.0
O001492,P0022,1,0.1
O001492,P0030,1,0.1
O001492,P0015,1,0.05
O001493,P0011,2,0.1
O001494,P0019,2,0.2
O001494,P0022,1,0.0
O001494,P0028,3,0.0
O001495,P0030,1,0.1
O001495,P0014,1,0.1
O001496,P0030,1,0.05
O001496,P0025,2,0.0
O001497,P0015,1,0.05
O001497,P0023,1,0.1
O001498,P0014,1,0.0
O001498,P0023,1,0.0
O001498,P0024,2,0.1
O001498,P0010,1,0.0
O001499,P0010,1,0.0
O001499,P0024,4,0.05
O001499,P0002,1,0.0
O001500,P0009,1,0.05
O001501,P0010,1,0.05
O001501,P0030,3,0.0
O001501,P0005,4,0.0
O001502,P0024,1,0.1
O001502,P0019,2,0.0
O001502,P0005,1,0.1
O001503,P0024,2,0.15
O001504,P0018,1,0.0
O001505,P0022,1,0.0
O001505,P0015,1,0.0
O001505,P0019,1,0.2
O001506,P0023,1,0.0
O001507,P0027,1,0.1
O001508,P0002,3,0.05
O001508,P0005,1,0.05
O001508,P0008,2,0.05
O001509,P0007,1,0.0
O001509,P0029,1,0.05
O001510,P0029,4,0.05
O001511,P0009,1,0.1
O001512,P0025,1,0.0
O001513,P0010,1,0.15
O001513,P0022,2,0.15
O001514,P0025,2,0.05
O001515,P0001,3,0.0
O001515,P0020,3,0.0
O001516,P0019,2,0.2
O001516,P0027,1,0.05
O001517,P0024,2,0.05
O001517,P0011,1,0.15
O001517,P0027,3,0.1
O001517,P0022,1,0.0
O001517,P0013,1,0.1
O001518,P0023,2,0.0
O001519,P0023,1,0.15
O001519,P0013,2,0.15
O001519,P0021,1,0.0
O001520,P0028,2,0.0
O001520,P0004,1,0.1
O001520,P0029,2,0.1
O001520,P0014,1,0.15
O001521,P0004,2,0.1
O001521,P0018,1,0.05
O001521,P0016,2,0.0
O001522,P0013,3,0.1
O001522,P0015,1,0.05
O001522,P0022,1,0.05
O001523,P0008,1,0.0
O001524,P0005,2,0.05
O001524,P0023,1,0.05
O001524,P0030,1,0.0
O001524,P0007,3,0.0
O001525,P0006,3,0.05
O001526,P0003,1,0.1
O001527,P0009,1,0.05
O001527,P0022,2,0.1
O001528,P0010,1,0.2
O001528,P0004,3,0.0
O001529,P0018,1,0.1
O001529,P0003,1,0.1
O001530,P0010,2,0.0
O001530,P0004,2,0.2
O001530,P0006,1,0.15
O001530,P0008,2,0.0
O001531,P0007,2,0.05
O001531,P0027,2,0.0
O001532,P0026,1,0.05
O001533,P0012,1,0.05
O001534,P0029,2,0.05
O001534,P0020,1,0.05
O001534,P0024,1,0.2
O001534,P0002,2,0.1
O001535,P0029,1,0.05
O001536,P0002,2,0.15
O001536,P0029,2,0.05
O001536,P0022,4,0.1
O001537,P0010,3,0.1
O001537,P0019,1,0.0
O001538,P0030,1,0.0
O001538,P0026,4,0.2
O001539,P0011,1,0.05
O001539,P0012,2,0.0
O001539,P0030,4,0.0
O001539,P0010,4,0.15
O001540,P0002,2,0.15
O001540,P0025,1,0.2
O001540,P0005,1,0.05
O001541,P0004,1,0.1
O001542,P0021,1,0.0
O001542,P0015,2,0.05
O001543,P0009,1,0.05
O001543,P0017,1,0.0
O001543,P0002,2,0.0
O001544,P0027,2,0.05
O001545,P0010,2,0.1
O001545,P0025,1,0.0
O001546,P0013,2,0.1
O001547,P0027,1,0.0
O001547,P0017,2,0.1
O001547,P0013,1,0.0
O001547,P0028,2,0.1
O001547,P0026,2,0.05
O001548,P0020,1,0.0
O001548,P0010,1,0.0
O001549,P0011,1,0.0
O001549,P0029,2,0.1
O001550,P0001,1,0.15
O001551,P0002,3,0.05
O001551,P0026,1,0.05
O001552,P0023,1,0.0
O001552,P0003,1,0.05
O001553,P0015,1,0.05
O001554,P0029,4,0.05
O001554,P0007,1,0.05
O001554,P0026,1,0.1
O001555,P0027,2,0.0
O001555,P0007,1,0.0
O001555,P0009,2,0.0
O001555,P0028,1,0.2
O001556,P0012,1,0.0
O001557,P0004,1,0.05
O001557,P0010,4,0.05
O001557,P0019,1,0.15
O001558,P0003,1,0.05
O001559,P0028,1,0.05
O001559,P0027,2,0.05
O001559,P0003,3,0.15
O001560,P0024,1,0.1
O001560,P0007,1,0.15
O001561,P0027,2,0.05
O001561,P0011,1,0.1
O001562,P0010,1,0.0
O001563,P0007,1,0.0
O001563,P0026,1,0.05
O001564,P0007,1,0.0
O001565,P0013,4,0.15
O001566,P0020,2,0.0
O001566,P0002,1,0.15
O001567,P0004,1,0.0
O001568,P0015,1,0.15
O001569,P0016,1,0.05
O001569,P0012,3,0.15
O001570,P0001,2,0.0
O001571,P0001,3,0.1
O001571,P0026,1,0.0
O001571,P0010,2,0.05
O001572,P0016,1,0.05
O001572,P0029,2,0.05
O001572,P0022,3,0.05
O001573,P0001,1,0.15
O001574,P0007,1,0.05
O001574,P0005,1,0.0
O001574,P0011,3,0.05
O001575,P0006,1,0.05
O001575,P0010,2,0.15
O001575,P0005,1,0.0
O001576,P0013,1,0.15
O001576,P0025,1,0.05
O001577,P0016,2,0.05
O001578,P0022,1,0.05
O001578,P0016,1,0.1
O001578,P0003,1,0.0
O001578,P0005,1,0.1
O001579,P0019,2,0.15
O001579,P0004,2,0.15
O001580,P0020,1,0.0
O001581,P0005,1,0.05
O001582,P0005,1,0.15
O001583,P0004,1,0.0
O001584,P0027,1,0.05
O001585,P0004,2,0.05
O001585,P0019,2,0.1
O001585,P0021,1,0.1
O001586,P0012,3,0.05
O001587,P0007,1,0.1
O001587,P0009,1,0.15
O001587,P0023,1,0.0
O001588,P0002,1,0.05
O001589,P0020,2,0.0
O001589,P0005,1,0.0
O001589,P0013,2,0.1
O001590,P0018,1,0.1
O001590,P0017,1,0.0
O001591,P0014,1,0.0
O001592,P0007,1,0.1
O001592,P0019,1,0.15
O001593,P0016,3,0.0
O001594,P0015,1,0.15
O001594,P0003,1,0.0
O001594,P0030,1,0.0
O001595,P0005,1,0.05
O001595,P0026,1,0.0
O001596,P0021,1,0.2
O001597,P0010,4,0.1
O001597,P0002,1,0.0
O001597,P0025,1,0.05
O001598,P0009,2,0.2
O001598,P0027,3,0.05
O001599,P0008,2,0.1
O001599,P0022,3,0.0
O001600,P0019,1,0.15
O001600,P0028,1,0.1
O001601,P0018,3,0.0
O001601,P0025,1,0.0
O001602,P0028,1,0.1
O001602,P0015,3,0.1
O001603,P0017,1,0.1
O001603,P0010,1,0.0
O001604,P0005,1,0.2
O001605,P0030,2,0.1
O001605,P0008,2,0.0
O001605,P0003,3,0.2
O001605,P0013,1,0.15
O001605,P0025,3,0.05
O001606,P0023,1,0.05
O001606,P0007,2,0.0
O001607,P0018,3,0.0
O001607,P0008,1,0.0
O001607,P0019,3,0.15
O001608,P0010,1,0.05
O001608,P0018,1,0.0
O001609,P0006,2,0.05
O001610,P0016,1,0.05
O001610,P0017,1,0.2
O001610,P0019,1,0.05
O001611,P0029,1,0.05
O001611,P0018,1,0.0
O001612,P0001,2,0.1
O001612,P0030,2,0.0
O001613,P0027,1,0.1
O001613,P0005,1,0.05
O001614,P0002,1,0.0
O001614,P0022,1,0.15
O001615,P0003,1,0.0
O001616,P0017,1,0.1
O001617,P0019,3,0.0
O001617,P0013,1,0.0
O001618,P0018,1,0.1
O001618,P0005,2,0.0
O001619,P0007,2,0.0
O001619,P0004,2,0.0
O001619,P0020,2,0.0
O001620,P0026,2,0.0
O001620,P0027,2,0.0
O001620,P0017,1,0.1
O001621,P0003,1,0.05
O001621,P0013,3,0.0
O001621,P0015,3,0.0
O001621,P0017,2,0.0
O001622,P0026,1,0.1
O001623,P0008,1,0.0
O001624,P0001,1,0.15
O001624,P0009,1,0.05
O001625,P0001,1,0.2
O001625,P0027,2,0.1
O001626,P0027,3,0.15
O001627,P0008,3,0.05
O001627,P0001,2,0.2
O001628,P0014,1,0.1
O001628,P0002,2,0.1
O001629,P0008,1,0.15
O001630,P0022,1,0.0
O001631,P0001,2,0.0
O001631,P0005,2,0.15
O001632,P0004,3,0.05
O001633,P0012,1,0.1
O001633,P0030,1,0.0
O001633,P0005,2,0.0
O001633,P0008,1,0.0
O001633,P0025,3,0.05
O001634,P0026,1,0.0
O001634,P0002,1,0.0
O001634,P0009,1,0.05
O001635,P0029,1,0.0
O001635,P0022,1,0.05
O001636,P0008,2,0.0
O001636,P0010,1,0.1
O001636,P0022,1,0.1
O001636,P0019,2,0.0
O001637,P0021,2,0.1
O001637,P0003,3,0.15
O001638,P0003,3,0.05
O001639,P0010,1,0.05
O001639,P0003,3,0.0
O001639,P0023,1,0.0
O001639,P0028,2,0.05
O001639,P0004,2,0.1
O001640,P0021,1,0.0
O001641,P0024,2,0.1
O001642,P0016,2,0.1
O001643,P0013,2,0.15
O001643,P0030,1,0.0
O001644,P0008,1,0.1
O001644,P0003,1,0.05
O001645,P0012,3,0.05
O001645,P0002,3,0.1
O001646,P0022,1,0.05
O001646,P0020,1,0.05
O001647,P0005,3,0.05
O001647,P0001,1,0.0
O001648,P0024,2,0.1
O001649,P0001,1,0.05
O001649,P0019,1,0.15
O001649,P0028,2,0.0
O001649,P0013,1,0.0
O001649,P0015,2,0.05
O001650,P0028,2,0.05
O001650,P0016,1,0.05
O001651,P0029,1,0.05
O001651,P0004,1,0.05
O001652,P0005,2,0.05
O001653,P0006,2,0.05
O001654,P0001,3,0.0
O001654,P0011,1,0.2
O001654,P0021,1,0.05
O001655,P0002,1,0.05
O001655,P0015,3,0.0
O001656,P0014,4,0.0
O001656,P0027,2,0.0
O001657,P0007,2,0.05
O001657,P0027,1,0.0
O001658,P0002,1,0.0
O001658,P0014,1,0.05
O001658,P0028,1,0.05
O001658,P0022,1,0.1
O001658,P0026,1,0.05
O001659,P0007,1,0.15
O001659,P0017,2,0.0
O001659,P0005,2,0.0
O001660,P0002,1,0.05
O001660,P0014,1,0.1
O001661,P0020,1,0.0
O001661,P0008,4,0.1
O001661,P0029,3,0.0
O001661,P0001,1,0.1
O001661,P0006,2,0.1
O001662,P0023,2,0.05
O001662,P0024,1,0.2
O001662,P0004,1,0.0
O001662,P0012,2,0.1
O001663,P0011,3,0.0
O001663,P0010,1,0.0
O001663,P0019,2,0.15
O001664,P0030,1,0.05
O001664,P0002,1,0.0
O001665,P0019,1,0.0
O001665,P0014,1,0.15
O001665,P0011,1,0.05
O001666,P0011,4,0.05
O001666,P0017,3,0.1
O001666,P0004,1,0.0
O001667,P0021,1,0.15
O001667,P0024,2,0.05
O001667,P0012,1,0.0
O001668,P0014,1,0.0
O001668,P0023,1,0.15
O001668,P0009,2,0.0
O001668,P0020,2,0.0
O001669,P0016,1,0.1
O001670,P0026,1,0.1
O001670,P0029,2,0.05
O001671,P0020,1,0.0
O001672,P0001,3,0.05
O001672,P0030,1,0.0
O001672,P0029,1,0.0
O001673,P0016,1,0.1
O001673,P0029,1,0.2
O001673,P0026,1,0.05
O001674,P0021,2,0.05
O001674,P0002,2,0.0
O001674,P0020,1,0.0
O001675,P0007,2,0.0
O001676,P0025,1,0.0
O001677,P0014,3,0.0
O001678,P0022,1,0.05
O001678,P0009,2,0.05
O001679,P0009,2,0.15
O001679,P0013,1,0.1
O001679,P0021,3,0.0
O001679,P0026,2,0.1
O001680,P0011,3,0.0
O001681,P0008,1,0.0
O001681,P0021,1,0.0
O001682,P0010,1,0.05
O001682,P0003,1,0.15
O001682,P0002,1,0.05
O001683,P0012,1,0.05
O001683,P0009,1,0.1
O001683,P0014,1,0.0
O001684,P0028,1,0.0
O001684,P0016,2,0.15
O001685,P0024,1,0.05
O001685,P0021,3,0.05
O001685,P0016,2,0.0
O001686,P0006,1,0.05
O001686,P0017,1,0.1
O001686,P0019,2,0.0
O001687,P0003,2,0.05
O001687,P0028,3,0.05
O001688,P0025,2,0.05
O001689,P0024,2,0.0
O001690,P0008,3,0.1
O001690,P0030,1,0.0
O001690,P0028,1,0.05
O001690,P0005,2,0.0
O001691,P0024,2,0.05
O001691,P0018,1,0.05
O001692,P0018,3,0.05
O001693,P0017,2,0.0
O001693,P0022,1,0.0
O001694,P0025,2,0.1
O001694,P0020,2,0.15
O001695,P0009,2,0.15
O001695,P0004,1,0.0
O001696,P0022,3,0.0
O001696,P0019,1,0.0
O001697,P0006,1,0.2
O001697,P0019,4,0.0
O001697,P0030,1,0.0
O001698,P0014,1,0.05
O001699,P0014,1,0.05
O001699,P0006,1,0.15
O001699,P0003,2,0.15
O001699,P0018,1,0.1
O001699,P0004,2,0.15
O001700,P0026,1,0.05
O001700,P0005,1,0.0
O001700,P0023,3,0.15
O001701,P0002,1,0.1
O001701,P0003,1,0.05
O001701,P0028,2,0.1
O001702,P0010,1,0.1
O001702,P0012,1,0.1
O001702,P0027,1,0.0
O001703,P0022,1,0.15
O001703,P0011,4,0.0
O001703,P0007,2,0.0
O001703,P0008,1,0.1
O001703,P0024,1,0.0
O001704,P0017,3,0.1
O001704,P0007,1,0.0
O001704,P0029,3,0.0
O001705,P0026,3,0.1
O001705,P0003,1,0.0
O001705,P0012,2,0.0
O001705,P0014,1,0.0
O001706,P0019,1,0.05
O001706,P0022,2,0.0
O001707,P0011,3,0.1
O001708,P0004,1,0.0
O001708,P0003,2,0.15
O001708,P0012,2,0.0
O001708,P0014,1,0.0
O001708,P0017,1,0.15
O001709,P0001,2,0.0
O001709,P0018,1,0.05
O001710,P0029,3,0.05
O001710,P0025,1,0.1
O001711,P0001,1,0.05
O001711,P0002,1,0.0
O001711,P0028,1,0.1
O001711,P0021,1,0.0
O001712,P0004,3,0.05
O001712,P0023,1,0.05
O001713,P0010,1,0.0
O001714,P0001,1,0.0
O001715,P0022,1,0.15
O001716,P0007,1,0.05
O001716,P0023,2,0.05
O001716,P0015,2,0.15
O001717,P0029,1,0.0
O001718,P0012,2,0.0
O001718,P0024,2,0.05
O001719,P0018,3,0.0
O001719,P0022,3,0.0
O001720,P0003,1,0.0
O001721,P0019,2,0.1
O001721,P0001,3,0.1
O001721,P0014,2,0.1
O001721,P0002,1,0.0
O001721,P0012,1,0.05
O001722,P0014,1,0.1
O001723,P0005,1,0.1
O001724,P0008,2,0.05
O001725,P0012,3,0.2
O001725,P0013,1,0.0
O001725,P0029,1,0.0
O001726,P0024,3,0.15
O001727,P0028,1,0.05
O001727,P0029,1,0.1
O001727,P0025,1,0.0
O001728,P0011,1,0.0
O001728,P0012,1,0.2
O001728,P0015,1,0.05
O001729,P0016,1,0.2
O001729,P0015,3,0.0
O001729,P0028,1,0.2
O001730,P0022,1,0.05
O001730,P0001,1,0.15
O001731,P0029,4,0.1
O001731,P0002,2,0.0
O001732,P0017,2,0.0
O001732,P0018,1,0.05
O001732,P0015,2,0.0
O001733,P0001,1,0.0
O001734,P0006,2,0.0
O001734,P0022,3,0.1
O001735,P0002,1,0.1
O001735,P0008,2,0.0
O001735,P0027,1,0.05
O001736,P0029,1,0.0
O001737,P0030,4,0.05
O001738,P0020,1,0.0
O001739,P0009,1,0.05
O001740,P0014,3,0.1
O001740,P0006,1,0.0
O001741,P0023,2,0.1
O001741,P0018,2,0.2
O001741,P0030,1,0.0
O001741,P0028,2,0.2
O001742,P0027,1,0.2
O001743,P0013,2,0.15
O001744,P0024,1,0.0
O001744,P0030,1,0.05
O001745,P0021,2,0.0
O001745,P0001,1,0.1
O001745,P0005,1,0.1
O001745,P0022,3,0.05
O001746,P0009,2,0.0
O001746,P0004,1,0.0
O001747,P0021,1,0.05
O001747,P0011,4,0.1
O001748,P0007,1,0.0
O001748,P0002,1,0.0
O001749,P0024,1,0.15
O001749,P0027,1,0.1
O001749,P0012,1,0.05
O001749,P0002,2,0.0
O001749,P0026,2,0.05
O001750,P0026,3,0.2
O001750,P0008,2,0.0
O001751,P0010,1,0.0
O001751,P0003,1,0.0
O001751,P0005,2,0.05
O001751,P0022,2,0.2
O001752,P0029,2,0.05
O001752,P0017,1,0.0
O001753,P0027,1,0.1
O001753,P0024,3,0.2
O001753,P0018,1,0.2
O001754,P0026,1,0.0
O001754,P0022,1,0.05
O001754,P0024,4,0.05
O001754,P0015,1,0.05
O001754,P0012,1,0.0
O001755,P0021,1,0.2
O001755,P0008,1,0.1
O001755,P0028,2,0.1
O001755,P0027,3,0.05
O001756,P0007,1,0.0
O001756,P0017,1,0.05
O001756,P0005,2,0.1
O001757,P0018,1,0.05
O001758,P0004,1,0.1
O001759,P0016,1,0.1
O001759,P0028,2,0.1
O001759,P0007,1,0.05
O001759,P0026,3,0.1
O001760,P0013,2,0.1
O001760,P0002,2,0.05
O001760,P0012,1,0.1
O001761,P0024,3,0.15
O001761,P0022,1,0.05
O001761,P0020,1,0.0
O001761,P0006,1,0.15
O001761,P0001,2,0.2
O001762,P0027,1,0.0
O001763,P0013,3,0.0
O001764,P0014,1,0.1
O001765,P0018,1,0.1
O001766,P0025,1,0.05
O001767,P0028,2,0.0
O001767,P0003,2,0.1
O001767,P0027,3,0.05
O001767,P0020,1,0.0
O001768,P0010,2,0.1
O001768,P0030,2,0.05
O001768,P0026,1,0.05
O001768,P0013,3,0.1
O001769,P0029,4,0.0
O001769,P0014,3,0.0
O001769,P0028,1,0.05
O001770,P0004,1,0.0
O001771,P0001,1,0.15
O001771,P0021,1,0.05
O001772,P0028,4,0.05
O001772,P0011,1,0.1
O001773,P0025,1,0.0
O001773,P0017,2,0.0
O001774,P0017,1,0.15
O001774,P0022,1,0.05
O001774,P0028,1,0.0
O001774,P0009,1,0.0
O001775,P0028,1,0.0
O001776,P0016,2,0.15
O001777,P0014,2,0.0
O001778,P0025,1,0.0
O001778,P0004,4,0.1
O001778,P0029,2,0.2
O001779,P0025,3,0.1
O001780,P0021,2,0.05
O001781,P0014,1,0.05
O001782,P0006,1,0.05
O001783,P0022,1,0.15
O001783,P0016,2,0.1
O001784,P0009,1,0.0
O001785,P0030,1,0.1
O001785,P0002,1,0.0
O001786,P0029,2,0.05
O001786,P0017,4,0.15
O001786,P0018,1,0.15
O001786,P0030,1,0.05
O001786,P0008,1,0.1
O001787,P0015,1,0.05
O001788,P0019,4,0.2
O001788,P0015,1,0.0
O001789,P0030,1,0.1
O001790,P0009,1,0.1
O001791,P0024,1,0.0
O001791,P0001,2,0.0
O001791,P0030,1,0.1
O001792,P0027,1,0.1
O001792,P0008,1,0.0
O001792,P0010,2,0.05
O001793,P0004,1,0.0
O001793,P0030,2,0.1
O001793,P0017,1,0.15
O001794,P0002,2,0.05
O001795,P0014,1,0.0
O001795,P0028,1,0.0
O001795,P0004,1,0.1
O001796,P0017,1,0.1
O001796,P0008,1,0.0
O001796,P0021,2,0.0
O001797,P0006,1,0.0
O001797,P0025,2,0.15
O001797,P0008,1,0.2
O001797,P0010,1,0.0
O001798,P0012,2,0.05
O001798,P0007,4,0.0
O001799,P0004,3,0.05
O001800,P0001,2,0.05
O001800,P0011,1,0.1
O001800,P0017,1,0.1
O001801,P0014,1,0.2
O001801,P0026,1,0.1
O001801,P0005,4,0.2
O001801,P0019,2,0.0
O001802,P0014,1,0.05
O001802,P0017,3,0.15
O001802,P0005,2,0.0
O001802,P0008,4,0.0
O001802,P0019,1,0.0
O001803,P0030,1,0.15
O001804,P0013,2,0.05
O001804,P0028,1,0.0
O001805,P0025,2,0.0
O001806,P0017,2,0.1
O001807,P0021,1,0.05
O001807,P0015,3,0.0
O001807,P0003,3,0.05
O001808,P0019,1,0.1
O001809,P0026,4,0.0
O001809,P0015,1,0.0
O001810,P0018,3,0.2
O001811,P0002,4,0.05
O001812,P0010,1,0.05
O001812,P0009,1,0.05
O001813,P0014,1,0.1
O001813,P0004,3,0.05
O001813,P0012,2,0.15
O001814,P0004,3,0.15
O001814,P0025,2,0.05
O001814,P0011,1,0.15
O001815,P0024,4,0.05
O001815,P0003,2,0.15
O001815,P0007,1,0.1
O001815,P0026,2,0.1
O001815,P0002,2,0.15
O001816,P0016,1,0.0
O001816,P0014,1,0.15
O001816,P0022,2,0.05
O001816,P0024,2,0.1
O001817,P0028,3,0.05
O001818,P0030,1,0.1
O001818,P0003,1,0.15
O001818,P0021,2,0.0
O001819,P0003,1,0.0
O001820,P0001,1,0.05
O001820,P0005,2,0.1
O001820,P0028,3,0.0
O001821,P0030,2,0.15
O001822,P0014,3,0.0
O001822,P0023,1,0.0
O001822,P0016,1,0.05
O001822,P0005,1,0.0
O001823,P0003,1,0.1
O001823,P0002,2,0.0
O001823,P0024,2,0.0
O001823,P0017,1,0.0
O001824,P0019,1,0.05
O001824,P0026,1,0.0
O001825,P0014,1,0.1
O001825,P0002,2,0.05
O001826,P0013,1,0.0
O001827,P0024,1,0.1
O001828,P0020,2,0.05
O001828,P0024,1,0.0
O001828,P0014,1,0.1
O001829,P0002,1,0.05
O001829,P0030,1,0.0
O001829,P0008,1,0.0
O001829,P0024,1,0.1
O001830,P0012,1,0.1
O001830,P0025,1,0.0
O001831,P0015,1,0.0
O001831,P0025,3,0.05
O001831,P0009,1,0.05
O001832,P0027,2,0.05
O001832,P0020,3,0.2
O001832,P0001,2,0.0
O001833,P0014,1,0.0
O001833,P0007,2,0.1
O001834,P0003,1,0.15
O001834,P0021,2,0.05
O001835,P0006,2,0.05
O001835,P0028,1,0.05
O001835,P0013,2,0.05
O001836,P0020,1,0.1
O001836,P0011,1,0.1
O001837,P0004,1,0.05
O001838,P0004,2,0.0
O001839,P0017,3,0.1
O001839,P0020,2,0.05
O001839,P0007,2,0.2
O001840,P0010,1,0.15
O001840,P0021,1,0.0
O001840,P0012,3,0.05
O001841,P0009,1,0.05
O001842,P0015,1,0.0
O001842,P0004,1,0.05
O001842,P0030,4,0.05
O001842,P0019,1,0.0
O001843,P0002,2,0.0
O001844,P0029,3,0.1
O001844,P0021,3,0.1
O001845,P0006,2,0.15
O001845,P0011,2,0.15
O001846,P0026,3,0.0
O001847,P0026,3,0.05
O001847,P0027,2,0.1
O001847,P0011,1,0.0
O001847,P0030,2,0.05
O001848,P0007,1,0.0
O001848,P0028,3,0.05
O001848,P0027,2,0.2
O001849,P0016,2,0.0
O001850,P0006,1,0.05
O001850,P0019,2,0.0
O001850,P0028,2,0.0
O001850,P0008,2,0.1
O001851,P0017,1,0.05
O001851,P0008,2,0.05
O001851,P0023,1,0.05
O001852,P0002,2,0.05
O001853,P0021,1,0.0
O001853,P0009,1,0.1
O001854,P0023,1,0.0
O001855,P0020,2,0.0
O001855,P0029,2,0.15
O001855,P0017,2,0.15
O001856,P0016,2,0.0
O001857,P0020,1,0.0
O001858,P0012,1,0.05
O001859,P0010,2,0.1
O001860,P0023,3,0.0
O001860,P0026,1,0.05
O001860,P0012,2,0.05
O001861,P0020,1,0.0
O001861,P0003,3,0.05
O001861,P0014,1,0.05
O001862,P0014,2,0.2
O001862,P0023,1,0.0
O001863,P0002,1,0.1
O001863,P0011,2,0.05
O001863,P0007,3,0.05
O001863,P0015,2,0.2
O001864,P0024,1,0.05
O001864,P0029,1,0.05
O001865,P0015,2,0.15
O001865,P0012,2,0.05
O001866,P0004,2,0.0
O001866,P0003,1,0.1
O001866,P0019,1,0.05
O001867,P0011,1,0.0
O001867,P0028,2,0.05
O001867,P0007,3,0.0
O001867,P0010,1,0.15
O001868,P0020,2,0.0
O001868,P0022,2,0.0
O001869,P0027,1,0.0
O001870,P0019,1,0.0
O001871,P0006,1,0.05
O001871,P0019,1,0.1
O001871,P0028,1,0.15
O001872,P0009,1,0.2
O001873,P0010,1,0.0
O001873,P0001,1,0.1
O001873,P0027,1,0.1
O001873,P0003,1,0.15
O001874,P0028,1,0.1
O001874,P0011,1,0.0
O001874,P0014,1,0.05
O001874,P0025,2,0.2
O001875,P0025,1,0.0
O001875,P0019,3,0.15
O001875,P0028,1,0.05
O001875,P0012,1,0.0
O001875,P0006,1,0.0
O001876,P0008,1,0.05
O001876,P0019,1,0.1
O001876,P0006,1,0.1
O001877,P0025,2,0.0
O001878,P0023,2,0.0
O001879,P0019,1,0.05
O001879,P0003,2,0.05
O001880,P0014,1,0.0
O001880,P0021,1,0.1
O001880,P0023,2,0.05
O001880,P0009,1,0.15
O001881,P0002,2,0.0
O001881,P0026,1,0.0
O001882,P0009,1,0.05
O001883,P0025,1,0.1
O001883,P0011,1,0.0
O001883,P0028,1,0.0
O001884,P0007,1,0.0
O001884,P0021,3,0.05
O001885,P0027,2,0.05
O001886,P0020,1,0.0
O001886,P0026,3,0.0
O001887,P0008,1,0.0
O001887,P0025,1,0.05
O001887,P0023,2,0.0
O001888,P0020,1,0.1
O001888,P0029,1,0.05
O001888,P0013,1,0.0
O001889,P0027,2,0.0
O001890,P0017,2,0.1
O001891,P0026,3,0.1
O001891,P0005,1,0.05
O001891,P0003,2,0.0
O001891,P0029,2,0.2
O001891,P0002,1,0.15
O001892,P0023,1,0.15
O001892,P0011,1,0.0
O001892,P0020,1,0.15
O001892,P0002,1,0.05
O001893,P0024,2,0.05
O001893,P0017,1,0.2
O001893,P0028,2,0.15
O001894,P0011,1,0.05
O001895,P0016,1,0.1
O001895,P0010,1,0.0
O001896,P0029,1,0.1
O001897,P0016,1,0.0
O001897,P0023,2,0.05
O001898,P0014,1,0.0
O001899,P0012,2,0.05
O001899,P0014,2,0.0
O001900,P0029,2,0.0
O001900,P0003,1,0.2
O001901,P0024,3,0.05
O001902,P0024,1,0.1
O001902,P0008,2,0.1
O001902,P0007,1,0.1
O001903,P0028,1,0.05
O001903,P0008,2,0.05
O001903,P0030,1,0.0
O001904,P0012,1,0.1
O001905,P0014,4,0.05
O001905,P0006,1,0.15
O001905,P0026,3,0.0
O001906,P0012,3,0.1
O001906,P0020,1,0.0
O001906,P0026,2,0.05
O001906,P0011,2,0.1
O001907,P0014,1,0.1
O001908,P0019,1,0.1
O001908,P0012,2,0.1
O001909,P0017,1,0.15
O001910,P0012,1,0.0
O001911,P0008,1,0.05
O001912,P0012,2,0.15
O001912,P0026,1,0.0
O001913,P0006,3,0.05
O001913,P0001,2,0.05
O001913,P0022,2,0.05
O001913,P0028,2,0.05
O001914,P0029,2,0.0
O001914,P0001,1,0.0
O001914,P0005,1,0.0
O001915,P0005,3,0.1
O001915,P0027,4,0.0
O001916,P0017,2,0.0
O001917,P0024,1,0.05
O001917,P0023,2,0.1
O001917,P0003,2,0.05
O001918,P0016,1,0.0
O001919,P0006,3,0.1
O001920,P0004,2,0.1
O001920,P0030,1,0.05
O001920,P0021,2,0.05
O001921,P0024,1,0.0
O001921,P0002,3,0.0
O001922,P0004,3,0.05
O001922,P0020,2,0.0
O001922,P0005,1,0.05
O001923,P0028,2,0.1
O001923,P0002,2,0.2
O001923,P0005,1,0.1
O001924,P0022,2,0.0
O001924,P0016,1,0.05
O001925,P0021,1,0.05
O001925,P0003,2,0.05
O001926,P0029,1,0.2
O001926,P0016,1,0.15
O001927,P0022,2,0.1
O001927,P0006,2,0.1
O001927,P0013,1,0.1
O001928,P0009,1,0.05
O001928,P0029,4,0.0
O001928,P0006,1,0.0
O001928,P0005,3,0.05
O001929,P0001,3,0.05
O001929,P0006,2,0.0
O001929,P0003,3,0.05
O001929,P0017,1,0.0
O001930,P0020,2,0.0
O001931,P0010,1,0.05
O001932,P0004,3,0.05
O001932,P0026,1,0.05
O001932,P0012,2,0.05
O001932,P0029,1,0.15
O001933,P0029,3,0.1
O001934,P0027,2,0.0
O001934,P0015,2,0.05
O001935,P0009,1,0.05
O001936,P0013,1,0.1
O001936,P0029,1,0.0
O001937,P0009,1,0.0
O001937,P0023,1,0.1
O001937,P0005,1,0.15
O001938,P0003,1,0.0
O001939,P0013,1,0.05
O001939,P0012,2,0.05
O001940,P0001,1,0.1
O001940,P0023,2,0.0
O001940,P0009,2,0.05
O001941,P0020,3,0.2
O001942,P0023,3,0.05
O001943,P0014,2,0.05
O001943,P0015,1,0.1
O001944,P0011,3,0.0
O001944,P0018,1,0.0
O001944,P0022,2,0.0
O001945,P0013,1,0.15
O001945,P0010,2,0.2
O001946,P0003,1,0.0
O001946,P0025,1,0.1
O001946,P0020,1,0.05
O001946,P0024,1,0.0
O001947,P0019,1,0.05
O001948,P0007,2,0.05
O001948,P0023,1,0.0
O001949,P0022,4,0.15
O001949,P0024,2,0.0
O001949,P0014,2,0.2
O001950,P0009,4,0.05
O001951,P0018,4,0.15
O001951,P0029,2,0.05
O001952,P0004,3,0.15
O001952,P0017,2,0.0
O001952,P0029,3,0.05
O001952,P0021,4,0.05
O001952,P0008,1,0.1
O001953,P0012,1,0.05
O001953,P0022,1,0.1
O001954,P0030,1,0.05
O001955,P0023,1,0.05
O001956,P0017,1,0.0
O001956,P0014,3,0.0
O001956,P0022,1,0.2
O001956,P0028,2,0.15
O001956,P0020,1,0.05
O001957,P0030,3,0.15
O001957,P0025,2,0.05
O001957,P0021,1,0.0
O001958,P0001,1,0.05
O001958,P0017,1,0.0
O001959,P0030,1,0.0
O001959,P0024,2,0.15
O001959,P0001,1,0.15
O001960,P0004,1,0.0
O001960,P0018,1,0.0
O001961,P0018,3,0.0
O001961,P0017,3,0.05
O001962,P0001,4,0.1
O001962,P0005,3,0.2
O001963,P0013,1,0.15
O001963,P0016,1,0.1
O001964,P0003,1,0.0
O001964,P0005,1,0.05
O001965,P0016,2,0.2
O001965,P0005,1,0.1
O001965,P0027,1,0.1
O001966,P0011,1,0.2
O001966,P0025,2,0.05
O001966,P0023,2,0.15
O001967,P0011,1,0.0
O001967,P0030,1,0.2
O001968,P0015,2,0.0
O001968,P0005,1,0.1
O001968,P0030,3,0.1
O001969,P0015,1,0.0
O001969,P0024,1,0.0
O001970,P0017,3,0.0
O001971,P0029,2,0.05
O001972,P0004,4,0.0
O001973,P0017,2,0.1
O001973,P0004,2,0.2
O001973,P0024,2,0.15
O001974,P0004,2,0.15
O001975,P0015,4,0.0
O001975,P0019,2,0.05
O001976,P0001,2,0.1
O001977,P0007,1,0.1
O001977,P0025,1,0.05
O001978,P0030,1,0.0
O001978,P0010,1,0.0
O001979,P0001,1,0.2
O001980,P0018,1,0.0
O001980,P0001,1,0.1
O001980,P0005,2,0.05
O001981,P0006,2,0.05
O001981,P0024,2,0.0
O001982,P0015,1,0.0
O001982,P0020,2,0.0
O001983,P0009,1,0.0
O001983,P0019,1,0.1
O001983,P0006,1,0.0
O001984,P0021,3,0.05
O001985,P0018,1,0.05
O001985,P0024,4,0.05
O001985,P0027,4,0.0
O001986,P0015,2,0.05
O001986,P0006,1,0.1
O001986,P0018,2,0.15
O001987,P0008,3,0.0
O001988,P0006,1,0.0
O001989,P0002,1,0.0
O001989,P0011,2,0.05
O001990,P0025,1,0.0
O001990,P0003,1,0.15
O001990,P0002,2,0.05
O001991,P0027,2,0.2
O001992,P0018,1,0.05
O001992,P0001,1,0.05
O001992,P0010,1,0.05
O001993,P0002,2,0.05
O001993,P0005,2,0.1
O001993,P0030,4,0.0
O001994,P0022,2,0.15
O001994,P0017,1,0.2
O001994,P0015,1,0.05
O001995,P0012,2,0.15
O001995,P0013,1,0.15
O001996,P0028,1,0.0
O001996,P0007,1,0.0
O001996,P0005,2,0.05
O001996,P0003,1,0.05
O001997,P0020,1,0.05
O001998,P0022,2,0.2
O001998,P0005,1,0.1
O001999,P0007,1,0.0
O002000,P0013,2,0.05
O002000,P0026,3,0.05
O002001,P0015,1,0.0
O002001,P0006,3,0.05
O002002,P0007,1,0.05
O002003,P0003,4,0.0
O002003,P0009,1,0.0
O002003,P0013,1,0.0
O002004,P0010,2,0.0
O002004,P0021,1,0.0
O002004,P0029,3,0.1
O002005,P0028,1,0.1
O002006,P0023,1,0.1
O002006,P0012,1,0.0
O002007,P0024,1,0.05
O002007,P0009,1,0.0
O002007,P0007,3,0.0
O002008,P0001,2,0.0
O002009,P0019,1,0.0
O002009,P0027,1,0.1
O002010,P0010,1,0.0
O002011,P0004,1,0.0
O002012,P0027,1,0.1
O002012,P0021,4,0.1
O002013,P0006,2,0.2
O002013,P0003,1,0.0
O002013,P0025,2,0.0
O002014,P0017,1,0.05
O002014,P0005,2,0.0
O002015,P0011,3,0.05
O002016,P0023,2,0.05
O002016,P0025,1,0.2
O002017,P0012,4,0.2
O002017,P0004,2,0.1
O002017,P0002,2,0.0
O002018,P0002,1,0.0
O002018,P0027,1,0.05
O002018,P0018,1,0.0
O002019,P0030,1,0.1
O002019,P0025,1,0.2
O002019,P0016,1,0.0
O002020,P0022,2,0.1
O002021,P0013,1,0.0
O002021,P0002,1,0.0
O002022,P0020,2,0.0
O002022,P0002,1,0.0
O002022,P0008,2,0.0
O002022,P0030,4,0.0
O002023,P0015,1,0.0
O002024,P0024,1,0.15
O002024,P0028,1,0.1
O002025,P0003,1,0.0
O002026,P0030,1,0.1
O002026,P0009,2,0.0
O002027,P0008,1,0.0
O002027,P0024,1,0.1
O002027,P0005,1,0.1
O002028,P0002,1,0.15
O002028,P0011,1,0.1
O002029,P0018,1,0.15
O002030,P0017,1,0.1
O002030,P0025,1,0.0
O002031,P0028,2,0.0
O002032,P0029,3,0.0
O002033,P0016,1,0.05
O002033,P0023,1,0.05
O002034,P0014,1,0.1
O002035,P0013,3,0.1
O002035,P0017,1,0.2
O002036,P0004,1,0.0
O002037,P0014,3,0.2
O002038,P0016,1,0.0
O002038,P0028,4,0.1
O002039,P0025,1,0.1
O002039,P0009,3,0.1
O002040,P0013,1,0.1
O002040,P0028,2,0.05
O002040,P0004,1,0.0
O002041,P0016,1,0.0
O002041,P0014,1,0.1
O002042,P0021,1,0.05
O002042,P0011,2,0.0
O002042,P0020,1,0.0
O002042,P0027,1,0.1
O002043,P0003,1,0.0
O002043,P0016,2,0.05
O002043,P0028,3,0.15
O002043,P0005,1,0.1
O002044,P0023,1,0.05
O002044,P0029,3,0.1
O002045,P0011,1,0.05
O002046,P0029,3,0.0
O002046,P0005,1,0.05
O002047,P0027,2,0.05
O002048,P0019,4,0.05
O002048,P0004,2,0.0
O002048,P0011,1,0.05
O002048,P0012,1,0.1
O002048,P0030,1,0.15
O002049,P0012,3,0.05
O002049,P0003,1,0.1
O002049,P0004,1,0.05
O002049,P0014,2,0.0
O002050,P0009,1,0.05
O002051,P0015,1,0.05
O002051,P0008,3,0.15
O002052,P0026,1,0.0
O002052,P0028,4,0.0
O002053,P0009,1,0.0
O002054,P0019,1,0.0
O002055,P0005,1,0.0
O002056,P0008,2,0.15
O002056,P0010,1,0.1
O002057,P0004,4,0.0
O002057,P0026,2,0.1
O002057,P0030,2,0.15
O002057,P0015,2,0.05
O002058,P0026,1,0.15
O002058,P0029,1,0.0
O002058,P0004,2,0.0
O002058,P0009,1,0.1
O002059,P0016,1,0.05
O002059,P0002,3,0.1
O002060,P0025,2,0.05
O002061,P0011,2,0.05
O002061,P0010,1,0.1
O002061,P0022,1,0.0
O002062,P0001,1,0.0
O002062,P0027,1,0.0
O002063,P0008,2,0.0
O002063,P0026,1,0.2
O002064,P0028,1,0.0
O002064,P0011,1,0.0
O002065,P0030,1,0.1
O002065,P0026,1,0.0
O002065,P0004,3,0.15
O002065,P0025,2,0.2
O002065,P0014,1,0.05
O002066,P0024,3,0.05
O002066,P0009,3,0.0
O002067,P0019,1,0.0
O002067,P0013,1,0.05
O002068,P0025,3,0.1
O002069,P0015,2,0.0
O002069,P0021,2,0.1
O002070,P0007,1,0.05
O002070,P0013,1,0.05
O002070,P0008,1,0.2
O002071,P0030,1,0.1
O002071,P0020,2,0.0
O002072,P0004,1,0.2
O002072,P0029,1,0.0
O002073,P0001,4,0.15
O002074,P0002,3,0.1
O002074,P0013,1,0.05
O002074,P0022,1,0.1
O002075,P0013,1,0.05
O002075,P0006,3,0.15
O002076,P0010,1,0.05
O002076,P0011,1,0.05
O002076,P0009,2,0.2
O002077,P0002,1,0.1
O002077,P0009,2,0.2
O002077,P0010,1,0.0
O002078,P0012,3,0.0
O002079,P0018,1,0.1
O002079,P0009,1,0.0
O002079,P0003,1,0.05
O002080,P0029,1,0.0
O002081,P0028,1,0.0
O002082,P0002,2,0.05
O002082,P0019,1,0.1
O002082,P0017,1,0.0
O002082,P0007,1,0.05
O002082,P0008,1,0.15
O002083,P0005,1,0.05
O002084,P0002,2,0.0
O002084,P0004,3,0.1
O002085,P0025,2,0.05
O002085,P0020,2,0.1
O002085,P0018,2,0.0
O002085,P0003,2,0.1
O002086,P0008,1,0.1
O002087,P0027,1,0.1
O002087,P0018,2,0.0
O002088,P0021,3,0.05
O002089,P0004,3,0.0
O002089,P0018,1,0.05
O002089,P0020,1,0.05
O002089,P0022,1,0.05
O002090,P0014,1,0.05
O002090,P0028,1,0.0
O002090,P0005,1,0.1
O002091,P0030,1,0.1
O002092,P0013,1,0.0
O002093,P0001,1,0.0
O002093,P0002,2,0.0
O002093,P0024,1,0.2
O002093,P0015,1,0.0
O002094,P0008,4,0.1
O002094,P0006,2,0.1
O002094,P0030,3,0.2
O002094,P0010,2,0.15
O002095,P0026,1,0.1
O002095,P0001,2,0.1
O002096,P0016,3,0.05
O002096,P0013,1,0.15
O002097,P0019,2,0.0
O002098,P0007,1,0.1
O002098,P0020,1,0.1
O002099,P0023,1,0.0
O002099,P0010,1,0.15
O002100,P0025,2,0.15
O002100,P0019,1,0.15
O002101,P0028,3,0.1
O002102,P0008,2,0.1
O002102,P0012,2,0.0
O002103,P0003,2,0.05
O002103,P0008,4,0.0
O002103,P0020,1,0.0
O002103,P0001,3,0.1
O002104,P0001,1,0.05
O002104,P0009,2,0.0
O002104,P0028,1,0.0
O002105,P0011,1,0.1
O002105,P0020,1,0.05
O002105,P0013,1,0.0
O002106,P0022,3,0.05
O002106,P0017,1,0.05
O002106,P0026,1,0.15
O002107,P0024,2,0.0
O002108,P0022,3,0.1
O002108,P0012,1,0.15
O002108,P0007,2,0.0
O002109,P0016,1,0.1
O002109,P0025,1,0.1
O002109,P0024,3,0.05
O002110,P0008,1,0.15
O002111,P0023,4,0.1
O002111,P0028,2,0.05
O002112,P0007,3,0.05
O002113,P0016,4,0.05
O002113,P0009,4,0.0
O002113,P0011,4,0.1
O002114,P0014,1,0.1
O002114,P0004,3,0.0
O002114,P0015,2,0.0
O002114,P0030,2,0.05
O002114,P0017,1,0.2
O002115,P0023,1,0.05
O002115,P0008,1,0.05
O002115,P0021,1,0.0
O002115,P0004,1,0.0
O002116,P0014,1,0.0
O002117,P0014,3,0.05
O002117,P0019,1,0.15
O002117,P0007,1,0.0
O002117,P0013,1,0.0
O002118,P0028,2,0.05
O002118,P0008,3,0.05
O002119,P0002,1,0.1
O002120,P0017,1,0.0
O002121,P0023,2,0.0
O002122,P0023,1,0.05
O002122,P0019,1,0.0
O002122,P0004,3,0.0
O002122,P0002,1,0.05
O002123,P0021,1,0.1
O002123,P0030,2,0.05
O002123,P0025,1,0.05
O002123,P0029,1,0.05
O002124,P0027,1,0.05
O002124,P0023,2,0.0
O002125,P0002,1,0.0
O002126,P0016,1,0.1
O002127,P0030,2,0.05
O002128,P0025,1,0.15
O002128,P0027,1,0.05
O002129,P0003,2,0.05
O002130,P0011,2,0.05
O002131,P0016,2,0.1
O002132,P0005,1,0.05
O002132,P0030,2,0.0
O002132,P0003,3,0.1
O002133,P0007,1,0.0
O002133,P0011,1,0.0
O002133,P0009,4,0.05
O002134,P0004,2,0.1
O002135,P0026,1,0.0
O002136,P0006,1,0.0
O002137,P0011,1,0.15
O002137,P0028,1,0.1
O002137,P0001,1,0.0
O002137,P0010,1,0.0
O002137,P0021,4,0.0
O002138,P0030,1,0.1
O002139,P0020,3,0.0
O002139,P0017,1,0.05
O002139,P0010,1,0.05
O002140,P0021,1,0.2
O002140,P0028,1,0.0
O002141,P0020,1,0.0
O002141,P0017,1,0.0
O002141,P0011,1,0.0
O002142,P0025,1,0.05
O002142,P0014,1,0.0
O002142,P0020,1,0.0
O002143,P0010,2,0.05
O002143,P0005,3,0.1
O002143,P0015,1,0.05
O002144,P0028,1,0.1
O002144,P0021,1,0.1
O002144,P0024,4,0.2
O002145,P0003,1,0.05
O002145,P0019,3,0.2
O002146,P0025,2,0.05
O002146,P0026,1,0.0
O002147,P0003,2,0.0
O002147,P0026,3,0.1
O002147,P0014,3,0.15
O002148,P0024,1,0.05
O002148,P0029,2,0.1
O002148,P0003,1,0.1
O002149,P0026,1,0.0
O002149,P0006,3,0.1
O002149,P0018,1,0.15
O002150,P0003,1,0.05
O002150,P0025,2,0.15
O002151,P0006,1,0.15
O002152,P0001,1,0.1
O002152,P0007,1,0.1
O002153,P0028,2,0.0
O002153,P0029,2,0.15
O002154,P0001,3,0.1
O002155,P0026,1,0.0
O002155,P0017,1,0.0
O002155,P0020,1,0.1
O002155,P0023,1,0.05
O002156,P0029,1,0.0
O002156,P0030,1,0.05
O002156,P0013,1,0.05
O002157,P0001,1,0.0
O002157,P0012,1,0.0
O002158,P0030,1,0.1
O002158,P0014,1,0.0
O002159,P0003,2,0.05
O002159,P0019,2,0.0
O002159,P0025,1,0.15
O002159,P0021,1,0.0
O002159,P0009,1,0.15
O002160,P0009,1,0.1
O002160,P0027,1,0.1
O002160,P0002,1,0.05
O002161,P0023,1,0.2
O002162,P0002,1,0.0
O002162,P0010,1,0.0
O002163,P0028,2,0.0
O002163,P0030,2,0.0
O002163,P0001,2,0.1
O002164,P0010,4,0.0
O002165,P0017,2,0.05
O002166,P0029,2,0.0
O002166,P0006,2,0.2
O002167,P0005,4,0.15
O002168,P0012,2,0.1
O002168,P0025,2,0.0
O002168,P0024,1,0.1
O002168,P0021,2,0.15
O002168,P0017,3,0.0
O002169,P0024,1,0.0
O002169,P0025,3,0.2
O002170,P0022,1,0.2
O002171,P0012,1,0.05
O002171,P0023,3,0.2
O002171,P0006,1,0.0
O002172,P0010,2,0.05
O002172,P0030,3,0.05
O002173,P0020,2,0.0
O002174,P0003,2,0.0
O002174,P0026,2,0.15
O002174,P0005,2,0.2
O002174,P0025,1,0.05
O002175,P0003,2,0.0
O002175,P0021,1,0.0
O002176,P0029,1,0.05
O002177,P0018,3,0.05
O002177,P0029,1,0.15
O002178,P0014,4,0.0
O002178,P0002,2,0.0
O002179,P0015,2,0.0
O002180,P0016,3,0.0
O002181,P0017,1,0.05
O002182,P0022,1,0.1
O002183,P0023,2,0.1
O002184,P0026,1,0.1
O002184,P0006,3,0.05
O002185,P0001,1,0.15
O002186,P0030,4,0.05
O002186,P0012,4,0.0
O002187,P0020,1,0.05
O002187,P0025,3,0.15
O002187,P0027,1,0.05
O002188,P0023,1,0.05
O002188,P0024,1,0.0
O002188,P0016,1,0.1
O002188,P0018,1,0.05
O002189,P0016,2,0.0
O002189,P0009,3,0.1
O002190,P0008,2,0.05
O002191,P0018,1,0.1
O002191,P0004,1,0.0
O002191,P0026,4,0.2
O002192,P0026,1,0.2
O002193,P0027,1,0.0
O002194,P0019,2,0.0
O002194,P0020,1,0.0
O002194,P0028,1,0.0
O002194,P0029,1,0.0
O002195,P0020,2,0.05
O002195,P0028,1,0.0
O002196,P0004,1,0.05
O002196,P0018,2,0.1
O002197,P0023,3,0.0
O002197,P0024,1,0.1
O002197,P0028,1,0.0
O002198,P0008,2,0.05
O002198,P0021,1,0.1
O002198,P0020,2,0.2
O002199,P0004,1,0.0
O002199,P0008,1,0.15
O002200,P0029,3,0.15
O002201,P0026,2,0.1
O002202,P0017,1,0.05
O002203,P0026,2,0.0
O002203,P0010,2,0.1
O002204,P0016,1,0.15
O002204,P0009,2,0.2
O002204,P0025,2,0.0
O002205,P0004,1,0.1
O002205,P0013,2,0.15
O002205,P0023,1,0.15
O002206,P0014,2,0.05
O002207,P0011,1,0.1
O002207,P0005,1,0.0
O002208,P0019,1,0.05
O002208,P0020,2,0.05
O002209,P0003,1,0.0
O002209,P0022,1,0.0
O002210,P0027,1,0.15
O002210,P0015,1,0.0
O002210,P0029,1,0.0
O002211,P0013,2,0.05
O002212,P0015,1,0.05
O002213,P0001,3,0.0
O002213,P0011,1,0.1
O002214,P0024,1,0.0
O002214,P0014,1,0.1
O002214,P0019,3,0.0
O002214,P0005,1,0.0
O002215,P0018,1,0.1
O002215,P0024,1,0.15
O002215,P0007,1,0.0
O002216,P0026,4,0.15
O002217,P0010,1,0.0
O002217,P0004,1,0.05
O002218,P0002,2,0.1
O002219,P0017,1,0.05
O002220,P0027,1,0.1
O002221,P0019,2,0.0
O002221,P0014,1,0.05
O002221,P0006,4,0.05
O002221,P0020,2,0.0
O002222,P0023,1,0.0
O002222,P0025,2,0.05
O002222,P0011,3,0.05
O002222,P0012,1,0.15
O002223,P0012,1,0.0
O002224,P0014,1,0.0
O002224,P0018,2,0.1
O002225,P0005,2,0.0
O002225,P0004,2,0.05
O002226,P0029,1,0.05
O002226,P0002,1,0.05
O002227,P0016,1,0.0
O002228,P0014,2,0.0
O002228,P0022,2,0.05
O002228,P0006,2,0.0
O002229,P0006,1,0.0
O002229,P0012,2,0.0
O002229,P0011,2,0.0
O002230,P0004,1,0.15
O002230,P0023,1,0.0
O002230,P0026,1,0.0
O002231,P0001,1,0.0
O002231,P0024,2,0.0
O002231,P0009,2,0.15
O002232,P0028,4,0.1
O002232,P0017,1,0.0
O002233,P0001,1,0.1
O002233,P0011,1,0.0
O002234,P0008,1,0.1
O002234,P0020,1,0.0
O002235,P0012,1,0.15
O002235,P0013,1,0.05
O002236,P0013,1,0.0
O002237,P0027,1,0.0
O002237,P0026,2,0.05
O002238,P0010,3,0.0
O002238,P0022,1,0.0
O002239,P0022,2,0.05
O002240,P0009,3,0.0
O002240,P0005,1,0.1
O002241,P0020,2,0.05
O002242,P0028,1,0.2
O002243,P0009,2,0.05
O002243,P0008,1,0.0
O002244,P0008,1,0.1
O002245,P0012,1,0.0
O002246,P0015,3,0.05
O002246,P0013,2,0.05
O002246,P0004,4,0.0
O002246,P0028,1,0.2
O002247,P0023,1,0.15
O002247,P0008,1,0.05
O002248,P0029,2,0.0
O002248,P0007,1,0.1
O002249,P0020,1,0.05
O002250,P0019,4,0.05
O002250,P0001,1,0.15
O002251,P0030,1,0.0
O002252,P0020,3,0.1
O002253,P0017,1,0.15
O002253,P0010,3,0.0
O002253,P0020,2,0.0
O002254,P0020,1,0.05
O002254,P0021,2,0.15
O002254,P0023,3,0.1
O002255,P0002,2,0.05
O002255,P0021,3,0.05
O002255,P0007,3,0.0
O002255,P0005,2,0.05
O002255,P0013,1,0.05
O002256,P0030,2,0.15
O002256,P0019,4,0.0
O002257,P0025,1,0.0
O002257,P0007,2,0.1
O002257,P0014,1,0.1
O002258,P0026,1,0.0
O002258,P0013,2,0.1
O002258,P0021,3,0.1
O002259,P0024,4,0.15
O002260,P0004,3,0.1
O002260,P0011,1,0.05
O002260,P0015,1,0.05
O002261,P0025,1,0.1
O002261,P0004,2,0.05
O002261,P0001,3,0.05
O002261,P0002,3,0.1
O002261,P0027,2,0.05
O002262,P0025,1,0.1
O002263,P0018,1,0.2
O002263,P0004,3,0.0
O002264,P0027,2,0.1
O002265,P0006,2,0.2
O002265,P0022,3,0.0
O002266,P0019,2,0.05
O002266,P0017,2,0.1
O002267,P0012,1,0.05
O002268,P0007,1,0.0
O002269,P0030,1,0.1
O002269,P0025,3,0.0
O002269,P0012,2,0.0
O002269,P0007,1,0.0
O002270,P0010,1,0.05
O002270,P0012,1,0.15
O002271,P0012,1,0.1
O002271,P0008,1,0.0
O002272,P0022,2,0.05
O002272,P0010,2,0.1
O002272,P0020,2,0.0
O002273,P0027,3,0.05
O002273,P0003,2,0.2
O002274,P0025,3,0.05
O002274,P0003,2,0.1
O002275,P0028,1,0.0
O002275,P0014,1,0.0
O002276,P0024,2,0.0
O002277,P0017,1,0.0
O002277,P0018,4,0.2
O002277,P0019,2,0.05
O002278,P0012,2,0.0
O002278,P0016,3,0.1
O002279,P0021,1,0.0
O002279,P0004,1,0.05
O002279,P0017,2,0.0
O002280,P0026,1,0.15
O002280,P0027,1,0.05
O002281,P0005,1,0.0
O002281,P0015,2,0.1
O002281,P0002,2,0.0
O002282,P0015,1,0.0
O002283,P0003,1,0.15
O002283,P0020,3,0.0
O002283,P0023,2,0.0
O002283,P0018,1,0.1
O002284,P0027,1,0.15
O002284,P0022,4,0.0
O002284,P0026,3,0.05
O002285,P0004,2,0.15
O002285,P0027,1,0.1
O002285,P0014,1,0.05
O002286,P0028,2,0.0
O002286,P0018,1,0.1
O002286,P0024,1,0.15
O002287,P0002,2,0.1
O002287,P0004,4,0.0
O002288,P0005,1,0.05
O002288,P0026,2,0.05
O002289,P0010,1,0.05
O002289,P0021,2,0.05
O002290,P0022,1,0.1
O002291,P0013,3,0.2
O002291,P0017,1,0.1
O002291,P0007,1,0.05
O002292,P0014,2,0.1
O002292,P0016,1,0.05
O002292,P0009,1,0.0
O002293,P0003,2,0.0
O002293,P0016,2,0.05
O002294,P0023,1,0.05
O002294,P0014,2,0.0
O002294,P0020,1,0.05
O002295,P0003,1,0.0
O002295,P0029,1,0.0
O002296,P0027,1,0.05
O002297,P0014,1,0.0
O002298,P0005,1,0.2
O002298,P0001,2,0.15
O002298,P0002,4,0.05
O002299,P0007,1,0.0
O002299,P0027,3,0.15
O002299,P0017,2,0.1
O002300,P0006,1,0.05
O002300,P0026,1,0.15
O002300,P0019,2,0.0
O002301,P0007,2,0.1
O002302,P0009,1,0.1
O002302,P0005,1,0.0
O002302,P0013,1,0.0
O002303,P0012,3,0.05
O002304,P0010,1,0.0
O002304,P0004,3,0.1
O002304,P0019,3,0.05
O002305,P0023,2,0.05
O002306,P0008,1,0.0
O002307,P0012,1,0.05
O002307,P0003,4,0.0
O002308,P0005,2,0.0
O002308,P0026,2,0.05
O002308,P0016,1,0.15
O002308,P0006,2,0.05
O002309,P0030,1,0.05
O002309,P0026,2,0.05
O002309,P0001,2,0.0
O002310,P0026,1,0.2
O002310,P0017,2,0.0
O002311,P0011,3,0.15
O002311,P0005,3,0.0
O002311,P0013,4,0.15
O002312,P0023,3,0.1
O002312,P0010,2,0.0
O002312,P0008,2,0.05
O002313,P0030,4,0.0
O002313,P0015,2,0.0
O002314,P0030,1,0.05
O002314,P0002,3,0.05
O002315,P0024,2,0.0
O002315,P0019,1,0.05
O002316,P0013,1,0.15
O002316,P0029,1,0.05
O002316,P0017,2,0.05
O002317,P0010,2,0.05
O002317,P0025,1,0.05
O002317,P0016,1,0.05
O002318,P0007,2,0.1
O002318,P0028,1,0.05
O002319,P0001,2,0.1
O002319,P0028,2,0.2
O002320,P0003,2,0.05
O002320,P0007,1,0.0
O002321,P0012,4,0.1
O002321,P0019,1,0.0
O002322,P0029,1,0.0
O002322,P0013,1,0.1
O002322,P0011,3,0.0
O002323,P0024,1,0.05
O002323,P0014,1,0.0
O002323,P0021,2,0.05
O002324,P0014,1,0.0
O002325,P0013,3,0.05
O002326,P0002,1,0.1
O002327,P0022,3,0.0
O002327,P0005,1,0.0
O002328,P0019,1,0.0
O002329,P0007,1,0.1
O002330,P0030,4,0.05
O002330,P0020,2,0.0
O002331,P0029,2,0.1
O002332,P0003,1,0.2
O002332,P0013,2,0.0
O002332,P0024,1,0.0
O002332,P0004,1,0.05
O002333,P0013,1,0.0
O002333,P0022,3,0.1
O002333,P0003,1,0.0
O002334,P0002,2,0.1
O002334,P0005,1,0.15
O002334,P0013,4,0.05
O002335,P0022,1,0.05
O002335,P0005,3,0.1
O002336,P0006,1,0.0
O002336,P0015,1,0.05
O002336,P0011,1,0.05
O002336,P0020,1,0.1
O002337,P0025,1,0.0
O002337,P0013,1,0.1
O002337,P0014,1,0.15
O002338,P0021,1,0.05
O002338,P0013,1,0.05
O002339,P0012,1,0.1
O002340,P0003,3,0.15
O002340,P0026,1,0.0
O002341,P0017,2,0.0
O002341,P0028,3,0.1
O002341,P0007,4,0.1
O002342,P0017,2,0.0
O002342,P0015,1,0.2
O002342,P0002,1,0.0
O002343,P0003,1,0.05
O002343,P0004,1,0.15
O002343,P0007,2,0.1
O002344,P0022,3,0.05
O002344,P0001,1,0.2
O002345,P0022,2,0.2
O002345,P0015,1,0.05
O002345,P0014,1,0.05
O002345,P0028,1,0.2
O002346,P0019,2,0.0
O002347,P0023,1,0.0
O002347,P0007,1,0.0
O002347,P0013,3,0.05
O002347,P0016,2,0.1
O002347,P0030,2,0.1
O002348,P0028,1,0.1
O002348,P0010,2,0.0
O002348,P0022,1,0.1
O002349,P0018,1,0.0
O002349,P0002,1,0.0
O002349,P0028,2,0.1
O002349,P0014,1,0.0
O002350,P0003,1,0.05
O002350,P0015,2,0.1
O002351,P0010,2,0.05
O002352,P0023,2,0.0
O002352,P0002,1,0.1
O002353,P0005,2,0.1
O002354,P0017,3,0.05
O002355,P0029,4,0.0
O002355,P0019,1,0.0
O002356,P0009,2,0.1
O002356,P0028,2,0.0
O002356,P0023,1,0.1
O002357,P0016,4,0.1
O002358,P0003,1,0.05
O002358,P0009,1,0.1
O002359,P0026,2,0.0
O002360,P0016,1,0.0
O002360,P0007,1,0.05
O002360,P0006,2,0.0
O002360,P0008,2,0.15
O002361,P0025,3,0.2
O002361,P0020,1,0.1
O002361,P0008,2,0.05
O002362,P0012,1,0.15
O002363,P0001,2,0.0
O002364,P0027,2,0.1
O002364,P0015,1,0.0
O002364,P0020,1,0.05
O002365,P0027,2,0.0
O002366,P0015,2,0.0
O002366,P0014,1,0.15
O002366,P0026,1,0.0
O002367,P0002,1,0.0
O002367,P0007,2,0.0
O002367,P0010,4,0.05
O002367,P0029,1,0.05
O002368,P0021,1,0.1
O002368,P0004,1,0.0
O002368,P0028,3,0.2
O002369,P0029,1,0.05
O002370,P0013,2,0.0
O002370,P0001,1,0.05
O002371,P0014,1,0.1
O002371,P0009,1,0.05
O002371,P0025,2,0.05
O002372,P0010,1,0.0
O002372,P0011,3,0.1
O002373,P0016,1,0.0
O002374,P0027,2,0.05
O002374,P0014,2,0.05
O002375,P0019,1,0.0
O002376,P0008,1,0.05
O002376,P0005,1,0.0
O002376,P0019,2,0.1
O002377,P0019,1,0.05
O002377,P0030,1,0.1
O002378,P0017,1,0.0
O002379,P0019,1,0.1
O002380,P0027,1,0.0
O002380,P0005,1,0.0
O002381,P0019,1,0.0
O002381,P0017,2,0.0
O002382,P0001,2,0.05
O002383,P0012,2,0.0
O002383,P0016,3,0.05
O002384,P0010,1,0.1
O002384,P0006,2,0.05
O002385,P0001,1,0.1
O002385,P0003,1,0.0
O002386,P0001,1,0.05
O002386,P0019,2,0.1
O002387,P0005,1,0.05
O002388,P0012,1,0.0
O002388,P0028,2,0.05
O002389,P0001,1,0.0
O002390,P0017,1,0.05
O002390,P0012,2,0.1
O002391,P0007,1,0.05
O002392,P0016,2,0.15
O002392,P0017,1,0.0
O002393,P0020,1,0.05
O002394,P0008,1,0.1
O002394,P0024,1,0.1
O002394,P0022,2,0.2
O002395,P0018,3,0.0
O002395,P0012,1,0.1
O002395,P0017,1,0.2
O002396,P0004,1,0.0
O002396,P0009,2,0.0
O002397,P0012,1,0.05
O002398,P0018,1,0.1
O002398,P0007,1,0.05
O002399,P0006,3,0.0
O002399,P0003,2,0.1
O002399,P0018,1,0.0
O002399,P0023,1,0.05
O002400,P0019,1,0.0
O002400,P0018,4,0.1
O002400,P0017,1,0.2
O002401,P0003,1,0.0
O002401,P0007,1,0.0
O002402,P0001,1,0.0
O002402,P0013,1,0.0
O002402,P0018,1,0.0
O002402,P0007,1,0.0
O002403,P0008,2,0.15
O002403,P0029,2,0.1
O002403,P0010,1,0.1
O002404,P0009,1,0.0
O002404,P0013,2,0.15
O002404,P0002,2,0.05
O002405,P0025,1,0.0
O002405,P0028,1,0.15
O002405,P0010,2,0.2
O002405,P0022,1,0.1
O002406,P0027,3,0.2
O002407,P0002,2,0.2
O002407,P0022,2,0.05
O002408,P0010,1,0.05
O002409,P0003,3,0.05
O002410,P0005,1,0.05
O002410,P0024,1,0.05
O002411,P0018,2,0.15
O002411,P0006,1,0.05
O002411,P0003,3,0.1
O002412,P0011,1,0.2
O002413,P0022,1,0.0
O002413,P0030,4,0.0
O002413,P0016,3,0.1
O002414,P0027,1,0.05
O002414,P0012,2,0.0
O002414,P0029,2,0.1
O002414,P0021,1,0.1
O002415,P0029,1,0.0
O002415,P0002,1,0.2
O002415,P0016,3,0.1
O002416,P0016,4,0.0
O002416,P0006,2,0.0
O002416,P0021,1,0.2
O002416,P0022,1,0.05
O002417,P0016,1,0.05
O002417,P0019,3,0.05
O002417,P0005,3,0.15
O002418,P0004,3,0.0
O002418,P0008,2,0.0
O002418,P0017,1,0.1
O002418,P0001,1,0.05
O002419,P0007,1,0.0
O002419,P0021,2,0.0
O002420,P0011,1,0.0
O002421,P0004,1,0.2
O002421,P0028,1,0.05
O002421,P0021,2,0.0
O002422,P0029,3,0.0
O002422,P0023,4,0.05
O002423,P0025,2,0.0
O002423,P0020,2,0.1
O002424,P0017,3,0.0
O002425,P0008,1,0.0
O002425,P0014,1,0.0
O002426,P0019,1,0.0
O002427,P0014,3,0.1
O002427,P0025,1,0.1
O002428,P0021,1,0.0
O002429,P0022,2,0.0
O002430,P0014,3,0.0
O002430,P0017,4,0.0
O002431,P0006,1,0.05
O002431,P0004,1,0.05
O002431,P0027,3,0.0
O002432,P0025,1,0.0
O002432,P0019,2,0.05
O002432,P0007,1,0.05
O002432,P0027,1,0.05
O002432,P0012,2,0.15
O002433,P0014,1,0.1
O002433,P0009,4,0.1
O002433,P0015,2,0.05
O002434,P0016,2,0.0
O002434,P0015,2,0.0
O002434,P0002,1,0.0
O002435,P0022,4,0.0
O002436,P0008,3,0.05
O002436,P0003,1,0.0
O002437,P0030,2,0.0
O002437,P0013,1,0.1
O002438,P0005,2,0.1
O002438,P0028,1,0.0
O002438,P0006,2,0.0
O002439,P0024,2,0.0
O002440,P0028,1,0.0
O002440,P0024,1,0.0
O002440,P0002,1,0.15
O002441,P0021,2,0.05
O002441,P0007,2,0.05
O002442,P0025,1,0.15
O002442,P0012,3,0.05
O002442,P0005,1,0.05
O002443,P0007,3,0.0
O002444,P0007,2,0.05
O002444,P0003,1,0.2
O002445,P0020,1,0.15
O002446,P0010,1,0.15
O002447,P0021,2,0.05
O002447,P0017,1,0.1
O002448,P0030,1,0.15
O002448,P0011,4,0.1
O002449,P0014,1,0.05
O002449,P0020,2,0.0
O002449,P0012,1,0.1
O002449,P0005,1,0.15
O002449,P0030,2,0.15
O002450,P0027,2,0.15
O002450,P0028,1,0.2
O002450,P0024,1,0.05
O002451,P0003,1,0.05
O002451,P0026,1,0.1
O002452,P0016,1,0.0
O002452,P0007,1,0.0
O002453,P0015,1,0.2
O002454,P0005,4,0.15
O002455,P0016,1,0.1
O002455,P0020,2,0.0
O002455,P0030,1,0.0
O002456,P0020,1,0.1
O002456,P0016,2,0.15
O002457,P0017,1,0.0
O002458,P0002,1,0.1
O002458,P0012,2,0.15
O002458,P0020,1,0.2
O002459,P0019,1,0.0
O002459,P0016,1,0.1
O002459,P0004,3,0.15
O002460,P0013,1,0.1
O002460,P0025,1,0.0
O002461,P0010,1,0.2
O002461,P0026,2,0.0
O002462,P0023,1,0.15
O002462,P0028,2,0.05
O002462,P0030,1,0.1
O002462,P0015,1,0.0
O002463,P0025,2,0.0
O002463,P0021,1,0.0
O002463,P0006,2,0.0
O002463,P0009,1,0.05
O002464,P0023,4,0.0
O002465,P0017,2,0.1
O002466,P0001,3,0.0
O002466,P0014,3,0.05
O002466,P0004,3,0.0
O002467,P0020,1,0.0
O002467,P0009,1,0.05
O002467,P0029,3,0.15
O002467,P0023,2,0.1
O002468,P0015,2,0.1
O002468,P0019,2,0.15
O002468,P0030,3,0.1
O002468,P0022,1,0.05
O002469,P0008,3,0.15
O002469,P0024,4,0.1
O002469,P0027,1,0.05
O002470,P0030,1,0.2
O002471,P0025,2,0.05
O002472,P0027,2,0.1
O002472,P0014,1,0.05
O002472,P0029,1,0.0
O002473,P0024,2,0.05
O002473,P0025,1,0.05
O002473,P0021,1,0.0
O002474,P0012,2,0.1
O002474,P0021,1,0.0
O002474,P0023,4,0.15
O002474,P0018,3,0.0
O002474,P0017,1,0.2
O002475,P0016,4,0.1
O002476,P0005,2,0.1
O002476,P0003,1,0.05
O002476,P0017,1,0.1
O002477,P0018,1,0.0
O002477,P0005,1,0.1
O002478,P0021,2,0.0
O002478,P0028,1,0.0
O002478,P0023,1,0.05
O002478,P0030,3,0.05
O002478,P0027,2,0.05
O002479,P0008,2,0.05
O002479,P0011,2,0.15
O002479,P0025,3,0.05
O002480,P0021,2,0.05
O002480,P0003,1,0.05
O002480,P0009,1,0.05
O002481,P0012,2,0.0
O002481,P0029,1,0.1
O002481,P0016,1,0.15
O002482,P0023,1,0.05
O002482,P0019,1,0.0
O002483,P0023,1,0.05
O002484,P0017,1,0.05
O002484,P0006,3,0.0
O002485,P0020,3,0.1
O002485,P0015,1,0.0
O002486,P0020,2,0.1
O002486,P0013,3,0.0
O002486,P0012,1,0.05
O002486,P0025,3,0.2
O002487,P0023,1,0.15
O002487,P0027,3,0.05
O002487,P0026,1,0.0
O002487,P0028,1,0.05
O002488,P0029,1,0.0
O002489,P0004,1,0.05
O002490,P0013,1,0.05
O002491,P0015,1,0.05
O002491,P0004,1,0.15
O002491,P0008,2,0.0
O002492,P0005,2,0.1
O002493,P0024,1,0.05
O002493,P0016,3,0.0
O002493,P0029,1,0.05
O002494,P0020,1,0.0
O002494,P0029,1,0.05
O002494,P0010,2,0.15
O002495,P0019,2,0.0
O002495,P0017,1,0.1
O002496,P0021,4,0.1
O002496,P0023,3,0.1
O002496,P0029,1,0.0
O002497,P0020,1,0.0
O002498,P0022,3,0.05
O002499,P0024,1,0.0
O002500,P0028,1,0.1
O002500,P0022,3,0.05
O002501,P0005,2,0.0
O002502,P0030,1,0.2
O002502,P0002,1,0.1
O002502,P0012,2,0.0
O002503,P0014,3,0.0
O002503,P0027,1,0.05
O002504,P0019,1,0.2
O002504,P0030,3,0.1
O002504,P0011,4,0.05
O002505,P0020,3,0.1
O002505,P0006,1,0.0
O002505,P0004,2,0.0
O002506,P0007,1,0.0
O002506,P0005,2,0.05
O002507,P0024,2,0.05
O002507,P0013,2,0.1
O002508,P0021,1,0.1
O002508,P0017,2,0.1
O002509,P0014,2,0.05
O002510,P0005,2,0.0
O002511,P0014,2,0.05
O002512,P0019,1,0.1
O002512,P0004,2,0.15
O002513,P0008,1,0.1
O002514,P0001,3,0.05
O002514,P0023,2,0.0
O002515,P0026,1,0.0
O002515,P0019,2,0.1
O002516,P0003,1,0.05
O002516,P0020,1,0.1
O002517,P0002,3,0.05
O002518,P0015,2,0.0
O002518,P0014,1,0.05
O002519,P0007,2,0.05
O002520,P0019,1,0.2
O002520,P0027,4,0.05
O002521,P0003,1,0.05
O002521,P0006,3,0.0
O002521,P0012,2,0.15
O002522,P0024,1,0.1
O002523,P0014,1,0.05
O002523,P0011,1,0.05
O002523,P0025,1,0.0
O002523,P0013,2,0.0
O002524,P0024,2,0.05
O002524,P0007,4,0.05
O002524,P0006,1,0.05
O002525,P0009,1,0.05
O002525,P0010,1,0.0
O002526,P0005,2,0.05
O002527,P0018,2,0.05
O002528,P0008,1,0.1
O002528,P0019,1,0.1
O002529,P0017,3,0.05
O002530,P0005,1,0.0
O002530,P0021,1,0.0
O002530,P0029,2,0.05
O002530,P0011,1,0.05
O002531,P0007,1,0.1
O002531,P0010,2,0.1
O002532,P0030,2,0.05
O002532,P0012,1,0.05
O002533,P0029,3,0.05
O002533,P0017,1,0.0
O002534,P0018,1,0.1
O002535,P0013,2,0.05
O002535,P0014,1,0.05
O002535,P0004,1,0.2
O002535,P0009,1,0.05
O002536,P0026,1,0.05
O002536,P0004,2,0.1
O002536,P0012,2,0.1
O002536,P0021,2,0.05
O002536,P0016,1,0.0
O002537,P0007,1,0.05
O002538,P0006,2,0.0
O002538,P0014,2,0.15
O002539,P0012,1,0.0
O002539,P0003,3,0.05
O002540,P0019,2,0.1
O002540,P0015,1,0.15
O002540,P0025,1,0.05
O002541,P0016,1,0.05
O002541,P0024,2,0.05
O002541,P0017,1,0.0
O002542,P0019,4,0.0
O002542,P0009,2,0.0
O002542,P0026,1,0.0
O002542,P0004,3,0.0
O002543,P0007,3,0.05
O002543,P0018,4,0.05
O002544,P0022,1,0.0
O002544,P0024,1,0.05
O002545,P0030,2,0.05
O002545,P0027,2,0.05
O002545,P0029,1,0.0
O002545,P0002,1,0.15
O002546,P0029,2,0.1
O002547,P0013,2,0.1
O002547,P0024,1,0.0
O002548,P0010,3,0.05
O002548,P0015,2,0.05
O002548,P0008,3,0.1
O002549,P0017,1,0.0
O002549,P0011,1,0.0
O002550,P0004,1,0.05
O002550,P0011,1,0.05
O002551,P0004,2,0.05
O002552,P0008,1,0.05
O002553,P0027,1,0.0
O002554,P0002,3,0.05
O002555,P0015,1,0.05
O002555,P0004,2,0.05
O002555,P0011,1,0.05
O002556,P0026,1,0.0
O002557,P0003,3,0.0
O002558,P0001,1,0.05
O002558,P0011,2,0.2
O002559,P0018,3,0.05
O002559,P0019,3,0.1
O002560,P0015,1,0.0
O002560,P0013,1,0.0
O002561,P0024,3,0.1
O002561,P0011,2,0.0
O002562,P0014,1,0.05
O002562,P0025,1,0.2
O002563,P0015,1,0.2
O002564,P0018,3,0.05
O002564,P0019,1,0.1
O002565,P0017,4,0.0
O002565,P0012,1,0.1
O002566,P0008,3,0.05
O002566,P0005,1,0.1
O002567,P0003,1,0.15
O002567,P0004,2,0.0
O002567,P0024,1,0.0
O002567,P0009,1,0.1
O002568,P0019,1,0.05
O002569,P0012,4,0.1
O002570,P0020,2,0.1
O002571,P0004,1,0.15
O002571,P0030,1,0.1
O002572,P0029,2,0.0
O002573,P0004,2,0.0
O002573,P0021,1,0.1
O002573,P0012,3,0.05
O002574,P0015,2,0.0
O002574,P0007,1,0.0
O002575,P0008,2,0.05
O002576,P0026,2,0.05
O002576,P0012,2,0.05
O002576,P0018,1,0.05
O002577,P0027,2,0.05
O002577,P0026,1,0.0
O002577,P0013,1,0.05
O002578,P0021,1,0.0
O002578,P0015,1,0.0
O002578,P0009,1,0.0
O002578,P0016,1,0.05
O002578,P0003,3,0.0
O002579,P0006,2,0.0
O002579,P0009,1,0.1
O002580,P0009,1,0.1
O002580,P0022,1,0.0
O002580,P0015,2,0.15
O002581,P0029,2,0.1
O002581,P0008,2,0.05
O002582,P0009,1,0.0
O002582,P0002,3,0.0
O002583,P0015,2,0.0
O002583,P0017,2,0.0
O002584,P0011,1,0.1
O002584,P0002,2,0.2
O002584,P0023,2,0.0
O002584,P0017,1,0.1
O002585,P0012,1,0.05
O002586,P0027,1,0.05
O002587,P0006,1,0.0
O002587,P0004,2,0.05
O002587,P0011,1,0.0
O002588,P0013,3,0.0
O002589,P0002,3,0.0
O002589,P0021,1,0.15
O002589,P0019,1,0.2
O002589,P0030,2,0.0
O002590,P0011,1,0.05
O002590,P0026,1,0.2
O002591,P0013,2,0.0
O002592,P0018,1,0.15
O002592,P0014,1,0.05
O002592,P0026,1,0.0
O002593,P0001,1,0.15
O002593,P0026,1,0.0
O002594,P0015,1,0.1
O002594,P0008,1,0.05
O002595,P0011,2,0.05
O002595,P0019,2,0.05
O002596,P0005,1,0.05
O002596,P0007,4,0.05
O002596,P0027,1,0.05
O002597,P0017,1,0.05
O002597,P0008,2,0.0
O002597,P0027,3,0.1
O002598,P0003,1,0.05
O002598,P0023,1,0.05
O002598,P0027,1,0.0
O002599,P0006,3,0.1
O002599,P0024,2,0.2
O002600,P0007,1,0.1
O002601,P0026,1,0.05
O002601,P0003,2,0.05
O002602,P0012,1,0.05
O002602,P0021,4,0.05
O002602,P0019,1,0.2
O002602,P0009,3,0.0
O002602,P0020,1,0.15
O002603,P0013,1,0.0
O002603,P0003,1,0.1
O002604,P0008,2,0.05
O002604,P0028,1,0.1
O002605,P0011,1,0.05
O002605,P0015,1,0.1
O002606,P0027,3,0.0
O002606,P0028,1,0.0
O002607,P0009,2,0.0
O002607,P0007,3,0.1
O002607,P0020,1,0.15
O002608,P0028,1,0.0
O002609,P0002,2,0.15
O002609,P0024,1,0.1
O002610,P0005,3,0.1
O002610,P0014,1,0.0
O002611,P0021,1,0.0
O002611,P0027,3,0.1
O002611,P0003,1,0.0
O002611,P0002,1,0.05
O002612,P0021,1,0.05
O002612,P0019,2,0.0
O002613,P0013,1,0.1
O002613,P0005,3,0.0
O002614,P0024,2,0.1
O002614,P0016,2,0.1
O002614,P0010,2,0.1
O002614,P0003,1,0.0
O002615,P0011,1,0.1
O002616,P0009,3,0.0
O002616,P0028,3,0.0
O002616,P0001,1,0.05
O002616,P0013,3,0.15
O002616,P0014,2,0.1
O002617,P0006,4,0.05
O002617,P0011,3,0.1
O002618,P0014,3,0.15
O002618,P0029,1,0.05
O002619,P0019,1,0.05
O002620,P0026,1,0.1
O002620,P0023,1,0.0
O002620,P0011,1,0.05
O002620,P0027,1,0.0
O002621,P0006,3,0.1
O002622,P0010,4,0.05
O002622,P0012,3,0.1
O002623,P0020,2,0.15
O002623,P0026,4,0.1
O002624,P0027,1,0.05
O002625,P0008,1,0.05
O002625,P0003,2,0.05
O002626,P0023,1,0.0
O002626,P0013,1,0.0
O002626,P0019,2,0.1
O002627,P0020,3,0.1
O002628,P0030,1,0.1
O002628,P0001,1,0.05
O002629,P0012,2,0.1
O002630,P0017,1,0.0
O002630,P0015,1,0.05
O002631,P0007,2,0.1
O002631,P0010,1,0.05
O002631,P0011,2,0.0
O002631,P0023,1,0.15
O002631,P0024,1,0.0
O002632,P0024,1,0.1
O002633,P0016,1,0.1
O002634,P0025,1,0.0
O002634,P0018,4,0.05
O002634,P0007,2,0.05
O002635,P0022,1,0.0
O002635,P0011,2,0.0
O002636,P0019,1,0.0
O002637,P0027,1,0.05
O002637,P0007,4,0.05
O002637,P0020,1,0.0
O002637,P0017,1,0.05
O002637,P0024,1,0.0
O002638,P0020,2,0.1
O002638,P0026,1,0.05
O002638,P0018,1,0.0
O002638,P0023,2,0.05
O002639,P0021,2,0.0
O002639,P0012,3,0.05
O002640,P0012,2,0.1
O002640,P0008,1,0.1
O002640,P0013,1,0.1
O002641,P0001,1,0.1
O002641,P0016,1,0.05
O002642,P0004,1,0.05
O002643,P0020,1,0.1
O002644,P0013,1,0.15
O002644,P0015,1,0.0
O002645,P0023,1,0.15
O002645,P0028,1,0.05
O002645,P0016,3,0.0
O002645,P0008,2,0.1
O002646,P0006,1,0.0
O002646,P0003,2,0.0
O002646,P0024,2,0.0
O002647,P0004,3,0.0
O002647,P0023,1,0.2
O002648,P0015,2,0.05
O002649,P0023,1,0.05
O002650,P0005,1,0.1
O002650,P0009,1,0.1
O002651,P0006,1,0.05
O002652,P0003,1,0.05
O002652,P0029,1,0.1
O002653,P0011,1,0.1
O002653,P0005,4,0.05
O002654,P0017,2,0.05
O002654,P0001,1,0.05
O002654,P0008,1,0.05
O002654,P0009,3,0.15
O002655,P0013,2,0.05
O002655,P0029,1,0.05
O002655,P0030,4,0.15
O002656,P0029,2,0.0
O002656,P0024,2,0.0
O002657,P0008,1,0.05
O002657,P0022,1,0.0
O002658,P0009,1,0.0
O002659,P0024,3,0.05
O002660,P0016,1,0.05
O002660,P0024,1,0.15
O002660,P0012,3,0.05
O002661,P0020,3,0.05
O002661,P0018,1,0.15
O002662,P0007,2,0.1
O002662,P0018,2,0.05
O002662,P0008,2,0.0
O002662,P0014,3,0.05
O002663,P0030,1,0.0
O002663,P0010,1,0.0
O002664,P0028,1,0.0
O002664,P0027,1,0.0
O002665,P0014,2,0.0
O002665,P0005,1,0.05
O002665,P0008,3,0.0
O002666,P0021,4,0.15
O002667,P0010,1,0.15
O002668,P0002,1,0.0
O002669,P0007,1,0.0
O002669,P0003,1,0.0
O002669,P0017,3,0.1
O002669,P0023,1,0.0
O002669,P0008,1,0.1
O002670,P0021,2,0.1
O002670,P0007,4,0.05
O002671,P0004,2,0.1
O002671,P0020,2,0.0
O002672,P0012,1,0.05
O002673,P0006,1,0.0
O002673,P0012,2,0.0
O002673,P0005,2,0.05
O002674,P0030,1,0.1
O002674,P0028,1,0.0
O002675,P0009,1,0.0
O002675,P0030,3,0.1
O002675,P0026,1,0.05
O002676,P0017,2,0.1
O002676,P0021,2,0.05
O002677,P0011,1,0.2
O002678,P0022,3,0.1
O002679,P0018,2,0.0
O002679,P0003,1,0.0
O002680,P0013,3,0.0
O002681,P0026,1,0.0
O002681,P0008,1,0.0
O002681,P0002,3,0.0
O002682,P0014,1,0.1
O002682,P0001,1,0.0
O002683,P0008,1,0.0
O002683,P0013,2,0.0
O002683,P0017,2,0.05
O002683,P0009,1,0.15
O002684,P0009,2,0.2
O002685,P0025,2,0.1
O002685,P0015,3,0.05
O002685,P0021,1,0.05
O002685,P0010,1,0.1
O002686,P0002,2,0.15
O002686,P0003,2,0.0
O002687,P0009,3,0.15
O002687,P0028,1,0.1
O002687,P0006,2,0.0
O002688,P0030,1,0.1
O002688,P0023,3,0.0
O002688,P0005,1,0.0
O002688,P0007,3,0.05
O002689,P0026,1,0.0
O002689,P0006,1,0.1
O002690,P0006,3,0.1
O002691,P0014,1,0.0
O002691,P0019,1,0.1
O002691,P0005,1,0.15
O002691,P0020,1,0.0
O002692,P0009,1,0.05
O002692,P0028,2,0.05
O002692,P0027,1,0.0
O002693,P0029,1,0.15
O002693,P0030,1,0.1
O002693,P0008,1,0.0
O002693,P0014,3,0.1
O002693,P0012,1,0.0
O002694,P0020,1,0.05
O002694,P0010,1,0.05
O002695,P0006,2,0.05
O002695,P0016,1,0.05
O002695,P0005,1,0.05
O002695,P0018,2,0.1
O002696,P0018,1,0.05
O002696,P0007,4,0.05
O002697,P0012,1,0.0
O002697,P0026,1,0.05
O002697,P0030,1,0.15
O002698,P0027,4,0.0
O002698,P0006,2,0.15
O002698,P0019,1,0.05
O002699,P0020,1,0.0
O002700,P0005,2,0.2
O002700,P0015,1,0.05
O002700,P0022,2,0.05
O002701,P0011,2,0.0
O002701,P0021,1,0.0
O002701,P0026,1,0.0
O002701,P0003,1,0.05
O002701,P0030,1,0.1
O002702,P0028,2,0.15
O002702,P0007,1,0.0
O002703,P0010,1,0.05
O002703,P0023,4,0.0
O002704,P0023,1,0.05
O002704,P0001,1,0.1
O002705,P0003,1,0.1
O002705,P0009,1,0.1
O002705,P0021,2,0.05
O002705,P0026,1,0.1
O002705,P0002,1,0.05
O002706,P0012,3,0.0
O002706,P0018,1,0.05
O002706,P0028,1,0.15
O002707,P0029,1,0.1
O002708,P0020,1,0.05
O002709,P0023,2,0.05
O002709,P0008,2,0.0
O002709,P0012,3,0.05
O002710,P0015,1,0.0
O002710,P0001,1,0.0
O002711,P0028,1,0.0
O002711,P0025,1,0.0
O002711,P0016,1,0.0
O002712,P0024,1,0.05
O002712,P0021,2,0.2
O002712,P0005,1,0.2
O002712,P0009,1,0.05
O002712,P0010,1,0.05
O002713,P0026,1,0.0
O002713,P0010,1,0.1
O002714,P0013,1,0.0
O002715,P0030,1,0.1
O002715,P0016,4,0.0
O002715,P0021,1,0.05
O002716,P0022,1,0.05
O002717,P0019,1,0.1
O002717,P0002,2,0.1
O002718,P0003,1,0.0
O002718,P0025,2,0.0
O002719,P0029,1,0.05
O002719,P0012,2,0.1
O002720,P0016,1,0.2
O002721,P0027,1,0.1
O002721,P0008,1,0.05
O002722,P0007,3,0.1
O002723,P0023,2,0.05
O002724,P0010,1,0.05
O002724,P0024,1,0.0
O002725,P0014,3,0.05
O002725,P0024,2,0.1
O002725,P0010,2,0.1
O002726,P0020,2,0.05
O002726,P0008,3,0.1
O002727,P0030,1,0.2
O002727,P0012,1,0.0
O002727,P0001,1,0.1
O002728,P0007,3,0.05
O002728,P0018,1,0.15
O002728,P0004,1,0.0
O002728,P0024,2,0.0
O002729,P0029,1,0.05
O002729,P0001,1,0.05
O002729,P0022,2,0.0
O002730,P0028,2,0.05
O002731,P0011,2,0.05
O002732,P0009,2,0.05
O002733,P0021,2,0.0
O002734,P0004,2,0.15
O002734,P0018,1,0.0
O002735,P0019,1,0.2
O002735,P0018,2,0.0
O002735,P0027,2,0.05
O002736,P0003,1,0.05
O002736,P0016,2,0.05
O002737,P0029,1,0.15
O002738,P0011,1,0.05
O002739,P0003,1,0.0
O002739,P0027,1,0.05
O002740,P0012,4,0.05
O002740,P0005,2,0.15
O002741,P0017,2,0.05
O002741,P0006,1,0.05
O002741,P0016,3,0.0
O002742,P0002,1,0.05
O002742,P0024,2,0.05
O002742,P0006,3,0.1
O002742,P0026,1,0.05
O002743,P0029,2,0.15
O002743,P0006,1,0.0
O002743,P0014,3,0.0
O002744,P0015,1,0.0
O002744,P0023,2,0.0
O002745,P0004,4,0.05
O002746,P0019,2,0.05
O002747,P0010,1,0.0
O002747,P0012,2,0.0
O002747,P0027,2,0.0
O002747,P0003,1,0.0
O002748,P0007,1,0.1
O002748,P0027,2,0.0
O002748,P0015,2,0.2
O002749,P0019,2,0.05
O002749,P0025,1,0.0
O002749,P0026,1,0.2
O002749,P0027,3,0.1
O002749,P0016,2,0.0
O002750,P0012,3,0.1
O002751,P0011,1,0.1
O002751,P0023,3,0.0
O002752,P0023,2,0.0
O002752,P0025,1,0.15
O002753,P0011,3,0.05
O002753,P0029,2,0.05
O002753,P0013,1,0.0
O002754,P0026,1,0.0
O002754,P0025,2,0.0
O002755,P0002,2,0.05
O002756,P0026,1,0.1
O002756,P0019,1,0.05
O002757,P0004,2,0.0
O002757,P0028,1,0.1
O002757,P0027,1,0.1
O002758,P0003,4,0.1
O002758,P0030,4,0.05
O002758,P0026,2,0.2
O002759,P0006,2,0.0
O002759,P0005,2,0.0
O002759,P0010,4,0.0
O002760,P0018,1,0.0
O002760,P0027,1,0.0
O002760,P0015,2,0.0
O002761,P0024,2,0.0
O002761,P0023,3,0.15
O002761,P0028,1,0.1
O002762,P0027,1,0.0
O002762,P0021,4,0.1
O002762,P0023,2,0.1
O002763,P0030,3,0.0
O002764,P0002,2,0.15
O002765,P0030,3,0.15
O002765,P0010,4,0.1
O002765,P0022,1,0.0
O002765,P0029,4,0.1
O002765,P0009,1,0.0
O002766,P0002,1,0.2
O002766,P0001,2,0.0
O002766,P0029,1,0.05
O002767,P0009,2,0.1
O002767,P0030,1,0.0
O002768,P0010,2,0.05
O002768,P0020,1,0.0
O002769,P0020,1,0.05
O002769,P0022,1,0.0
O002770,P0024,3,0.05
O002770,P0007,1,0.05
O002771,P0018,1,0.0
O002771,P0001,3,0.05
O002772,P0008,1,0.0
O002772,P0018,1,0.05
O002772,P0009,2,0.0
O002772,P0003,3,0.05
O002773,P0013,3,0.0
O002773,P0027,2,0.0
O002773,P0014,1,0.0
O002773,P0028,2,0.05
O002774,P0017,1,0.1
O002775,P0008,1,0.05
O002775,P0023,1,0.05
O002775,P0017,1,0.05
O002776,P0029,1,0.05
O002776,P0030,1,0.0
O002776,P0013,1,0.15
O002777,P0017,1,0.05
O002778,P0023,1,0.1
O002779,P0017,1,0.15
O002780,P0018,1,0.05
O002780,P0002,2,0.0
O002781,P0013,1,0.0
O002782,P0018,1,0.05
O002782,P0003,1,0.05
O002783,P0018,3,0.0
O002784,P0023,1,0.05
O002784,P0027,4,0.0
O002784,P0030,3,0.1
O002785,P0027,2,0.05
O002785,P0025,1,0.15
O002785,P0004,3,0.1
O002785,P0022,1,0.05
O002785,P0003,2,0.05
O002786,P0027,1,0.05
O002787,P0028,1,0.0
O002788,P0023,1,0.1
O002789,P0018,2,0.05
O002790,P0001,2,0.1
O002791,P0024,1,0.05
O002791,P0029,1,0.05
O002791,P0026,2,0.1
O002792,P0017,1,0.1
O002792,P0013,1,0.05
O002793,P0028,1,0.1
O002794,P0005,1,0.0
O002795,P0022,1,0.0
O002796,P0004,1,0.05
O002796,P0017,3,0.1
O002796,P0008,1,0.05
O002796,P0028,3,0.05
O002796,P0019,1,0.05
O002797,P0028,1,0.0
O002797,P0009,1,0.15
O002797,P0029,1,0.05
O002797,P0025,1,0.05
O002798,P0015,2,0.05
O002799,P0016,1,0.0
O002800,P0027,1,0.0
O002801,P0008,2,0.1
O002802,P0001,2,0.0
O002802,P0012,3,0.1
O002802,P0011,1,0.1
O002803,P0026,3,0.0
O002803,P0030,3,0.0
O002803,P0011,1,0.05
O002803,P0021,1,0.0
O002803,P0004,1,0.0
O002804,P0029,1,0.15
O002805,P0019,1,0.15
O002805,P0008,2,0.1
O002805,P0020,1,0.1
O002806,P0012,1,0.05
O002806,P0016,1,0.2
O002807,P0022,1,0.15
O002807,P0011,1,0.15
O002807,P0029,3,0.05
O002807,P0019,2,0.05
O002807,P0010,1,0.05
O002808,P0008,2,0.15
O002809,P0002,1,0.1
O002809,P0008,2,0.0
O002809,P0027,1,0.1
O002810,P0001,2,0.2
O002810,P0028,1,0.1
O002811,P0017,2,0.1
O002812,P0010,1,0.1
O002812,P0008,2,0.0
O002813,P0028,3,0.2
O002813,P0027,2,0.15
O002813,P0009,1,0.1
O002813,P0016,3,0.1
O002813,P0026,4,0.0
O002814,P0006,2,0.0
O002814,P0015,3,0.0
O002815,P0020,2,0.05
O002816,P0029,2,0.15
O002817,P0002,2,0.1
O002817,P0020,2,0.1
O002817,P0021,1,0.15
O002818,P0022,1,0.05
O002818,P0003,1,0.1
O002818,P0025,3,0.0
O002818,P0005,2,0.1
O002819,P0006,1,0.1
O002819,P0015,4,0.05
O002819,P0012,2,0.05
O002820,P0009,1,0.05
O002821,P0018,3,0.0
O002821,P0007,1,0.0
O002821,P0002,2,0.05
O002822,P0009,2,0.0
O002822,P0017,2,0.0
O002822,P0021,3,0.0
O002823,P0022,1,0.05
O002824,P0015,1,0.05
O002825,P0030,2,0.0
O002826,P0005,3,0.05
O002826,P0012,4,0.05
O002827,P0009,2,0.2
O002827,P0017,1,0.15
O002828,P0010,1,0.05
O002828,P0008,4,0.05
O002828,P0030,1,0.05
O002828,P0007,4,0.0
O002829,P0005,2,0.0
O002829,P0016,1,0.1
O002829,P0004,2,0.1
O002830,P0008,2,0.0
O002830,P0001,2,0.05
O002830,P0002,1,0.05
O002830,P0011,1,0.05
O002831,P0023,1,0.0
O002831,P0007,3,0.05
O002831,P0013,2,0.0
O002832,P0015,1,0.0
O002833,P0003,1,0.0
O002834,P0001,1,0.1
O002834,P0024,1,0.2
O002835,P0015,1,0.05
O002836,P0022,1,0.1
O002836,P0025,4,0.0
O002837,P0002,1,0.0
O002838,P0024,2,0.1
O002838,P0022,2,0.0
O002838,P0018,1,0.05
O002839,P0024,1,0.1
O002839,P0026,2,0.0
O002839,P0014,1,0.0
O002839,P0022,2,0.0
O002839,P0004,1,0.15
O002840,P0030,1,0.05
O002840,P0015,1,0.05
O002840,P0013,1,0.1
O002841,P0005,1,0.0
O002841,P0018,1,0.05
O002841,P0006,2,0.05
O002842,P0001,2,0.0
O002842,P0021,2,0.0
O002843,P0030,2,0.05
O002843,P0023,1,0.1
O002843,P0014,1,0.05
O002843,P0007,2,0.1
O002843,P0029,1,0.05
O002844,P0021,1,0.1
O002844,P0024,1,0.05
O002845,P0011,1,0.05
O002845,P0030,1,0.15
O002846,P0005,1,0.0
O002847,P0003,1,0.05
O002847,P0023,1,0.05
O002847,P0007,3,0.15
O002848,P0017,1,0.0
O002848,P0014,2,0.0
O002849,P0004,2,0.05
O002849,P0030,1,0.15
O002849,P0009,1,0.05
O002849,P0011,1,0.15
O002850,P0003,1,0.0
O002851,P0029,2,0.0
O002852,P0005,3,0.1
O002852,P0025,3,0.15
O002853,P0029,2,0.1
O002854,P0008,4,0.05
O002855,P0018,1,0.0
O002855,P0001,2,0.0
O002856,P0009,2,0.0
O002856,P0016,1,0.1
O002857,P0015,3,0.2
O002857,P0018,1,0.05
O002858,P0025,1,0.15
O002859,P0003,2,0.0
O002859,P0015,1,0.05
O002859,P0007,2,0.0
O002860,P0022,1,0.05
O002860,P0013,3,0.05
O002861,P0010,1,0.1
O002861,P0013,1,0.05
O002861,P0018,2,0.1
O002862,P0012,1,0.15
O002863,P0005,1,0.1
O002863,P0015,1,0.05
O002864,P0016,1,0.0
O002864,P0008,1,0.15
O002864,P0015,3,0.05
O002864,P0001,1,0.05
O002864,P0017,1,0.0
O002865,P0019,1,0.05
O002865,P0018,2,0.0
O002865,P0008,1,0.0
O002866,P0011,2,0.05
O002866,P0017,1,0.0
O002867,P0006,2,0.05
O002867,P0004,3,0.0
O002868,P0015,2,0.0
O002868,P0009,2,0.0
O002869,P0012,1,0.05
O002869,P0027,1,0.1
O002870,P0006,4,0.0
O002871,P0016,2,0.05
O002871,P0026,2,0.0
O002872,P0007,2,0.05
O002873,P0007,2,0.05
O002873,P0006,1,0.0
O002874,P0025,3,0.1
O002874,P0013,1,0.05
O002875,P0010,1,0.15
O002875,P0004,4,0.1
O002876,P0005,2,0.05
O002876,P0010,2,0.1
O002877,P0007,1,0.1
O002877,P0001,1,0.0
O002878,P0019,1,0.15
O002878,P0030,4,0.1
O002878,P0004,3,0.1
O002878,P0008,2,0.05
O002878,P0029,2,0.1
O002879,P0012,3,0.1
O002879,P0010,1,0.05
O002879,P0022,1,0.1
O002880,P0015,1,0.0
O002881,P0008,2,0.0
O002882,P0003,1,0.0
O002882,P0016,2,0.1
O002882,P0015,1,0.0
O002883,P0011,1,0.0
O002883,P0017,2,0.0
O002884,P0005,1,0.2
O002884,P0024,3,0.05
O002884,P0030,2,0.15
O002884,P0017,4,0.0
O002885,P0020,2,0.05
O002885,P0012,2,0.0
O002885,P0027,1,0.05
O002886,P0014,2,0.1
O002887,P0003,1,0.15
O002887,P0030,1,0.0
O002887,P0014,2,0.05
O002887,P0029,1,0.05
O002888,P0007,3,0.0
O002889,P0020,1,0.1
O002889,P0001,3,0.1
O002889,P0010,1,0.0
O002889,P0004,2,0.0
O002890,P0019,1,0.0
O002891,P0014,1,0.1
O002891,P0005,3,0.1
O002892,P0027,1,0.0
O002893,P0014,3,0.0
O002894,P0001,2,0.05
O002894,P0004,4,0.05
O002895,P0012,1,0.05
O002896,P0004,3,0.15
O002897,P0005,1,0.15
O002897,P0007,1,0.0
O002897,P0023,2,0.0
O002897,P0028,1,0.1
O002897,P0017,1,0.1
O002898,P0018,2,0.0
O002899,P0025,2,0.05
O002900,P0025,4,0.05
O002900,P0003,2,0.0
O002900,P0004,1,0.15
O002900,P0008,3,0.0
O002901,P0014,1,0.0
O002902,P0022,2,0.05
O002903,P0023,1,0.1
O002904,P0008,1,0.0
O002904,P0014,3,0.05
O002905,P0011,2,0.0
O002906,P0006,3,0.05
O002907,P0004,3,0.0
O002908,P0008,1,0.0
O002908,P0014,3,0.0
O002909,P0025,1,0.0
O002909,P0006,1,0.0
O002910,P0007,1,0.15
O002910,P0024,3,0.05
O002911,P0009,2,0.0
O002911,P0027,1,0.0
O002912,P0013,1,0.0
O002913,P0016,2,0.15
O002913,P0025,1,0.1
O002914,P0008,1,0.05
O002914,P0001,1,0.05
O002914,P0005,1,0.1
O002914,P0027,3,0.1
O002915,P0012,2,0.1
O002915,P0018,1,0.0
O002915,P0005,1,0.05
O002915,P0014,1,0.0
O002916,P0010,2,0.1
O002916,P0027,1,0.0
O002917,P0009,2,0.0
O002917,P0008,2,0.1
O002918,P0001,1,0.2
O002918,P0025,1,0.1
O002918,P0009,3,0.05
O002918,P0008,2,0.0
O002919,P0014,2,0.05
O002919,P0027,1,0.0
O002920,P0016,1,0.05
O002920,P0005,2,0.1
O002920,P0029,3,0.0
O002921,P0001,1,0.0
O002921,P0006,1,0.05
O002921,P0027,2,0.1
O002922,P0023,4,0.05
O002922,P0007,1,0.0
O002922,P0008,1,0.05
O002922,P0001,3,0.0
O002923,P0001,1,0.05
O002923,P0007,1,0.05
O002923,P0004,2,0.15
O002923,P0016,1,0.0
O002924,P0030,2,0.05
O002924,P0009,2,0.0
O002924,P0004,2,0.05
O002924,P0022,1,0.1
O002925,P0028,1,0.1
O002925,P0029,1,0.1
O002926,P0017,3,0.05
O002926,P0021,2,0.1
O002927,P0012,1,0.05
O002927,P0014,1,0.0
O002928,P0002,2,0.0
O002928,P0026,1,0.1
O002928,P0013,1,0.0
O002928,P0020,2,0.0
O002928,P0023,1,0.05
O002929,P0010,1,0.2
O002929,P0024,1,0.1
O002929,P0029,3,0.05
O002929,P0027,1,0.05
O002930,P0018,2,0.05
O002931,P0003,1,0.05
O002932,P0023,3,0.1
O002932,P0028,1,0.2
O002933,P0009,4,0.0
O002933,P0008,1,0.15
O002934,P0027,2,0.0
O002935,P0022,4,0.0
O002935,P0020,1,0.0
O002935,P0024,1,0.0
O002935,P0011,1,0.1
O002936,P0018,1,0.1
O002937,P0019,2,0.05
O002938,P0021,2,0.0
O002938,P0029,3,0.05
O002939,P0028,2,0.0
O002940,P0025,3,0.05
O002940,P0008,1,0.1
O002940,P0003,1,0.0
O002941,P0006,3,0.0
O002941,P0003,3,0.1
O002942,P0006,2,0.2
O002942,P0022,1,0.0
O002942,P0007,3,0.1
O002943,P0008,1,0.05
O002943,P0029,1,0.1
O002943,P0019,2,0.05
O002944,P0007,1,0.15
O002945,P0003,2,0.1
O002946,P0012,2,0.05
O002947,P0016,2,0.0
O002947,P0030,2,0.1
O002947,P0005,1,0.0
O002948,P0015,1,0.0
O002948,P0005,1,0.0
O002949,P0024,2,0.05
O002950,P0025,1,0.05
O002951,P0007,4,0.0
O002951,P0016,1,0.05
O002952,P0024,2,0.0
O002952,P0017,1,0.05
O002953,P0017,2,0.0
O002954,P0024,1,0.2
O002954,P0001,1,0.05
O002954,P0007,3,0.05
O002955,P0019,2,0.0
O002955,P0028,1,0.0
O002955,P0024,2,0.1
O002956,P0004,2,0.05
O002956,P0016,1,0.1
O002956,P0005,1,0.0
O002956,P0015,1,0.0
O002957,P0019,1,0.0
O002958,P0029,2,0.0
O002958,P0016,2,0.05
O002959,P0006,2,0.0
O002959,P0001,1,0.05
O002959,P0003,2,0.0
O002960,P0007,1,0.0
O002960,P0028,2,0.15
O002960,P0025,2,0.1
O002960,P0019,1,0.15
O002960,P0015,2,0.2
O002961,P0030,1,0.1
O002961,P0014,1,0.05
O002962,P0004,1,0.15
O002962,P0029,3,0.2
O002963,P0015,1,0.1
O002963,P0028,1,0.05
O002963,P0006,1,0.0
O002963,P0002,2,0.05
O002964,P0024,1,0.1
O002964,P0021,2,0.0
O002964,P0016,1,0.0
O002964,P0019,3,0.1
O002965,P0002,1,0.15
O002965,P0012,1,0.05
O002965,P0020,1,0.15
O002966,P0026,1,0.05
O002966,P0010,1,0.05
O002967,P0001,1,0.15
O002968,P0014,1,0.1
O002968,P0003,3,0.2
O002968,P0005,2,0.2
O002968,P0025,3,0.05
O002969,P0016,3,0.05
O002969,P0013,1,0.05
O002970,P0016,1,0.0
O002970,P0019,2,0.05
O002970,P0012,1,0.05
O002970,P0004,1,0.15
O002970,P0030,1,0.05
O002971,P0030,1,0.0
O002971,P0026,1,0.0
O002972,P0006,1,0.05
O002973,P0012,1,0.0
O002974,P0016,1,0.0
O002974,P0017,1,0.0
O002975,P0007,1,0.0
O002975,P0005,3,0.15
O002976,P0022,1,0.1
O002976,P0027,2,0.0
O002977,P0002,1,0.05
O002977,P0019,4,0.05
O002977,P0007,2,0.15
O002977,P0030,3,0.2
O002978,P0024,2,0.0
O002978,P0001,3,0.1
O002978,P0006,2,0.0
O002978,P0003,4,0.1
O002978,P0009,1,0.05
O002979,P0002,3,0.0
O002979,P0023,4,0.05
O002979,P0020,1,0.05
O002979,P0019,1,0.0
O002979,P0016,1,0.1
O002980,P0024,2,0.1
O002980,P0025,2,0.1
O002980,P0021,2,0.05
O002981,P0017,3,0.15
O002981,P0030,1,0.1
O002981,P0019,1,0.2
O002982,P0027,2,0.0
O002982,P0005,2,0.15
O002982,P0004,1,0.0
O002983,P0009,3,0.1
O002983,P0028,3,0.0
O002983,P0001,2,0.05
O002984,P0003,1,0.05
O002984,P0024,1,0.05
O002984,P0017,2,0.15
O002985,P0018,2,0.0
O002986,P0010,2,0.05
O002987,P0011,4,0.1
O002987,P0014,1,0.1
O002987,P0001,4,0.1
O002988,P0022,4,0.0
O002988,P0028,4,0.1
O002989,P0027,1,0.05
O002990,P0008,1,0.1
O002990,P0007,2,0.1
O002991,P0006,3,0.05
O002991,P0016,1,0.0
O002992,P0005,2,0.15
O002993,P0008,2,0.05
O002994,P0019,4,0.15
O002995,P0018,3,0.0
O002996,P0021,2,0.15
O002996,P0012,3,0.0
O002996,P0022,1,0.0
O002997,P0010,2,0.05
O002997,P0025,2,0.1
O002997,P0016,1,0.0
O002997,P0003,3,0.05
O002998,P0022,1,0.05
O002998,P0018,3,0.1
O002998,P0025,1,0.05
O002999,P0001,2,0.0
O002999,P0013,2,0.0
O003000,P0020,1,0.15
O003000,P0012,1,0.05
O003001,P0023,1,0.1
O003001,P0006,1,0.1
O003001,P0019,1,0.1
O003001,P0021,3,0.05
O003002,P0027,4,0.0
O003002,P0006,1,0.1
O003002,P0010,1,0.0
O003003,P0008,2,0.0
O003003,P0020,1,0.0
O003004,P0025,2,0.05
O003004,P0011,1,0.2
O003004,P0029,2,0.05
O003005,P0009,1,0.1
O003005,P0026,1,0.05
O003006,P0003,2,0.05
O003006,P0004,1,0.0
O003006,P0019,2,0.1
O003007,P0008,1,0.1
O003008,P0006,3,0.0
O003008,P0004,1,0.0
O003008,P0008,1,0.0
O003009,P0018,1,0.1
O003009,P0021,2,0.0
O003009,P0007,1,0.1
O003010,P0007,1,0.05
O003010,P0022,2,0.1
O003010,P0004,2,0.05
O003010,P0002,1,0.05
O003011,P0010,1,0.05
O003011,P0001,1,0.15
O003012,P0030,1,0.05
O003013,P0029,1,0.05
O003013,P0019,2,0.05
O003014,P0005,1,0.0
O003014,P0018,2,0.1
O003014,P0001,1,0.05
O003014,P0015,1,0.05
O003015,P0001,1,0.2
O003015,P0019,1,0.0
O003015,P0002,3,0.2
O003016,P0026,2,0.2
O003016,P0004,1,0.1
O003016,P0010,1,0.1
O003016,P0002,2,0.0
O003017,P0011,1,0.05
O003018,P0029,2,0.05
O003019,P0003,2,0.1
O003020,P0030,2,0.0
O003020,P0006,1,0.05
O003020,P0014,1,0.0
O003021,P0013,1,0.15
O003021,P0011,1,0.05
O003021,P0028,3,0.1
O003022,P0006,2,0.0
O003023,P0006,2,0.1
O003023,P0004,2,0.0
O003023,P0030,1,0.05
O003024,P0015,1,0.1
O003024,P0029,1,0.0
O003024,P0030,1,0.1
O003024,P0017,2,0.05
O003025,P0001,1,0.1
O003026,P0003,1,0.15
O003026,P0002,1,0.0
O003027,P0018,2,0.1
O003027,P0015,2,0.0
O003027,P0026,3,0.05
O003028,P0013,2,0.0
O003028,P0001,3,0.05
O003028,P0030,1,0.1
O003028,P0029,1,0.05
O003028,P0015,2,0.05
O003029,P0010,1,0.0
O003030,P0018,4,0.2
O003031,P0014,1,0.2
O003031,P0008,1,0.05
O003032,P0014,3,0.05
O003032,P0029,3,0.1
O003033,P0015,1,0.0
O003033,P0025,2,0.05
O003033,P0016,2,0.1
O003034,P0013,2,0.0
O003034,P0009,1,0.05
O003034,P0026,3,0.1
O003035,P0010,1,0.05
O003035,P0016,4,0.05
O003035,P0020,1,0.15
O003036,P0001,1,0.05
O003036,P0022,2,0.0
O003037,P0011,1,0.05
O003038,P0015,2,0.0
O003038,P0018,2,0.0
O003039,P0012,2,0.05
O003040,P0011,1,0.1
O003040,P0020,1,0.05
O003041,P0014,1,0.0
O003042,P0003,2,0.05
O003043,P0021,2,0.0
O003044,P0011,2,0.0
O003045,P0022,2,0.05
O003045,P0025,1,0.1
O003046,P0013,1,0.05
O003047,P0021,2,0.0
O003047,P0017,3,0.0
O003047,P0028,1,0.15
O003048,P0028,1,0.05
O003048,P0019,1,0.05
O003049,P0023,1,0.1
O003049,P0009,2,0.05
O003050,P0014,3,0.1
O003051,P0006,1,0.1
O003052,P0030,3,0.0
O003052,P0011,1,0.0
O003052,P0014,4,0.0
O003052,P0002,1,0.05
O003052,P0009,1,0.1
O003053,P0024,2,0.05
O003053,P0021,1,0.2
O003054,P0026,1,0.05
O003054,P0009,1,0.05
O003054,P0007,2,0.05
O003055,P0010,1,0.1
O003056,P0003,1,0.1
O003056,P0013,1,0.0
O003057,P0026,1,0.05
O003057,P0016,2,0.05
O003057,P0013,1,0.0
O003058,P0002,1,0.2
O003058,P0012,1,0.0
O003059,P0028,1,0.0
O003060,P0003,1,0.0
O003060,P0029,1,0.15
O003060,P0008,2,0.0
O003060,P0005,1,0.0
O003061,P0009,1,0.1
O003061,P0002,1,0.0
O003061,P0025,1,0.1
O003061,P0016,1,0.1
O003062,P0021,1,0.1
O003063,P0008,2,0.05
O003064,P0030,1,0.0
O003064,P0015,1,0.05
O003065,P0024,1,0.1
O003066,P0003,1,0.1
O003066,P0011,1,0.2
O003066,P0014,3,0.0
O003067,P0017,1,0.15
O003068,P0025,2,0.05
O003068,P0003,2,0.1
O003068,P0016,1,0.15
O003068,P0002,2,0.1
O003069,P0027,2,0.1
O003069,P0028,2,0.1
O003070,P0015,1,0.1
O003071,P0022,1,0.15
O003072,P0026,4,0.05
O003072,P0008,2,0.1
O003072,P0001,3,0.05
O003073,P0007,1,0.05
O003073,P0028,1,0.0
O003074,P0002,1,0.05
O003075,P0023,2,0.05
O003075,P0018,2,0.15
O003075,P0029,1,0.05
O003075,P0001,2,0.05
O003076,P0028,1,0.1
O003076,P0014,3,0.2
O003077,P0016,3,0.2
O003077,P0024,2,0.1
O003078,P0016,1,0.0
O003078,P0006,1,0.1
O003078,P0028,1,0.0
O003079,P0026,2,0.1
O003079,P0002,3,0.05
O003079,P0004,2,0.0
O003079,P0024,1,0.0
O003080,P0022,3,0.0
O003080,P0027,2,0.0
O003081,P0024,2,0.05
O003081,P0004,2,0.1
O003082,P0002,2,0.05
O003082,P0020,1,0.05
O003082,P0018,4,0.05
O003083,P0025,1,0.0
O003084,P0030,1,0.0
O003084,P0004,2,0.05
O003085,P0024,1,0.0
O003085,P0017,1,0.0
O003085,P0030,2,0.15
O003086,P0009,1,0.05
O003086,P0011,1,0.0
O003087,P0024,2,0.1
O003088,P0007,2,0.05
O003088,P0024,1,0.05
O003088,P0010,2,0.1
O003089,P0003,1,0.05
O003090,P0020,2,0.0
O003090,P0021,1,0.15
O003090,P0027,4,0.05
O003091,P0024,2,0.05
O003092,P0010,3,0.1
O003092,P0019,1,0.0
O003093,P0023,1,0.05
O003093,P0030,1,0.1
O003093,P0020,3,0.0
O003093,P0018,3,0.0
O003093,P0026,2,0.1
O003094,P0013,1,0.1
O003094,P0026,1,0.1
O003094,P0003,1,0.05
O003094,P0030,2,0.0
O003094,P0016,1,0.0
O003095,P0025,2,0.05
O003095,P0014,2,0.0
O003096,P0008,1,0.1
O003096,P0016,1,0.0
O003097,P0017,2,0.0
O003098,P0021,1,0.1
O003099,P0025,3,0.1
O003100,P0017,1,0.05
O003101,P0009,1,0.1
O003102,P0007,2,0.05
O003103,P0018,2,0.0
O003103,P0016,2,0.0
O003104,P0028,3,0.15
O003104,P0014,2,0.15
O003105,P0013,2,0.1
O003106,P0022,2,0.05
O003106,P0016,1,0.15
O003107,P0020,3,0.05
O003107,P0011,1,0.1
O003108,P0022,1,0.15
O003109,P0007,3,0.15
O003109,P0019,3,0.05
O003110,P0024,2,0.05
O003110,P0012,1,0.0
O003110,P0008,4,0.0
O003110,P0013,1,0.1
O003110,P0010,2,0.05
O003111,P0019,1,0.0
O003111,P0018,3,0.0
O003112,P0014,1,0.2
O003112,P0020,1,0.1
O003112,P0021,4,0.1
O003113,P0007,1,0.0
O003113,P0019,1,0.0
O003113,P0010,1,0.05
O003114,P0016,4,0.0
O003115,P0015,1,0.05
O003115,P0023,1,0.0
O003116,P0012,2,0.05
O003116,P0011,1,0.2
O003116,P0008,1,0.1
O003116,P0006,2,0.05
O003117,P0013,1,0.1
O003118,P0023,1,0.1
O003118,P0022,2,0.05
O003119,P0013,1,0.15
O003119,P0017,1,0.1
O003120,P0019,1,0.05
O003120,P0009,1,0.0
O003120,P0003,1,0.1
O003121,P0022,1,0.0
O003121,P0019,1,0.1
O003122,P0011,1,0.0
O003122,P0025,1,0.0
O003122,P0012,2,0.05
O003123,P0018,2,0.1
O003124,P0028,1,0.1
O003124,P0012,1,0.05
O003125,P0007,1,0.0
O003125,P0026,3,0.05
O003125,P0014,1,0.1
O003126,P0003,1,0.0
O003126,P0020,1,0.2
O003127,P0028,2,0.0
O003127,P0001,3,0.0
O003127,P0007,1,0.0
O003127,P0002,3,0.0
O003128,P0028,1,0.0
O003128,P0020,1,0.0
O003129,P0004,1,0.05
O003129,P0007,3,0.0
O003130,P0021,3,0.2
O003130,P0002,1,0.0
O003131,P0029,3,0.05
O003132,P0027,2,0.05
O003133,P0022,3,0.05
O003134,P0030,2,0.0
O003134,P0023,1,0.1
O003134,P0002,2,0.0
O003135,P0013,2,0.1
O003135,P0019,2,0.1
O003136,P0005,1,0.0
O003136,P0003,1,0.0
O003136,P0018,1,0.0
O003136,P0021,3,0.0
O003136,P0015,1,0.1
O003137,P0011,1,0.05
O003137,P0019,1,0.15
O003138,P0008,1,0.0
O003138,P0001,1,0.0
O003138,P0002,2,0.0
O003138,P0003,2,0.0
O003138,P0026,2,0.1
O003139,P0008,1,0.1
O003139,P0028,2,0.05
O003139,P0030,3,0.1
O003139,P0021,2,0.1
O003140,P0012,2,0.05
O003141,P0016,1,0.1
O003141,P0028,1,0.05
O003141,P0006,1,0.05
O003141,P0003,1,0.05
O003142,P0003,1,0.0
O003142,P0023,2,0.0
O003142,P0028,1,0.05
O003143,P0030,2,0.2
O003143,P0027,2,0.1
O003143,P0007,1,0.1
O003144,P0014,2,0.05
O003144,P0002,1,0.05
O003145,P0019,2,0.0
O003146,P0008,1,0.2
O003147,P0023,4,0.05
O003148,P0007,1,0.1
O003148,P0027,1,0.1
O003149,P0021,3,0.2
O003150,P0022,1,0.1
O003150,P0003,1,0.05
O003150,P0017,3,0.05
O003150,P0020,2,0.05
O003151,P0013,1,0.0
O003151,P0014,1,0.0
O003152,P0030,1,0.05
O003153,P0023,3,0.05
O003153,P0020,1,0.1
O003153,P0011,2,0.05
O003153,P0015,3,0.05
O003154,P0013,1,0.0
O003154,P0019,1,0.1
O003155,P0011,2,0.1
O003156,P0012,1,0.05
O003156,P0021,2,0.05
O003157,P0018,2,0.0
O003158,P0030,4,0.05
O003158,P0013,2,0.15
O003159,P0010,4,0.05
O003159,P0013,1,0.05
O003159,P0006,1,0.0
O003159,P0019,1,0.1
O003160,P0018,2,0.1
O003160,P0006,1,0.1
O003160,P0002,1,0.05
O003161,P0014,1,0.05
O003161,P0024,2,0.1
O003162,P0030,2,0.1
O003162,P0029,1,0.0
O003162,P0018,1,0.05
O003162,P0013,1,0.05
O003163,P0004,2,0.0
O003163,P0015,1,0.05
O003163,P0019,1,0.0
O003164,P0028,1,0.2
O003164,P0016,1,0.05
O003164,P0002,1,0.0
O003164,P0009,1,0.15
O003165,P0012,1,0.05
O003165,P0020,1,0.1
O003166,P0004,1,0.0
O003166,P0013,1,0.2
O003166,P0003,3,0.0
O003167,P0018,2,0.1
O003167,P0020,1,0.0
O003167,P0022,2,0.0
O003168,P0002,2,0.05
O003168,P0013,1,0.0
O003169,P0015,2,0.2
O003169,P0001,4,0.05
O003170,P0024,4,0.15
O003170,P0011,1,0.1
O003170,P0029,2,0.0
O003170,P0016,1,0.0
O003171,P0007,2,0.0
O003171,P0023,3,0.0
O003172,P0011,1,0.15
O003172,P0008,1,0.05
O003172,P0018,4,0.0
O003173,P0021,1,0.2
O003173,P0029,3,0.0
O003174,P0006,1,0.1
O003174,P0023,1,0.15
O003174,P0024,1,0.0
O003174,P0027,1,0.15
O003175,P0010,1,0.0
O003175,P0007,2,0.0
O003176,P0017,1,0.05
O003176,P0008,2,0.15
O003177,P0004,2,0.0
O003177,P0003,2,0.15
O003177,P0020,3,0.05
O003177,P0008,1,0.05
O003178,P0016,4,0.2
O003178,P0017,1,0.1
O003179,P0015,1,0.0
O003179,P0004,2,0.1
O003179,P0011,1,0.05
O003179,P0023,2,0.05
O003180,P0010,2,0.0
O003180,P0016,1,0.2
O003180,P0027,1,0.1
O003180,P0002,2,0.0
O003181,P0026,1,0.0
O003182,P0017,1,0.0
O003182,P0003,2,0.15
O003182,P0001,3,0.05
O003182,P0007,1,0.05
O003183,P0025,3,0.05
O003183,P0009,2,0.1
O003184,P0002,1,0.05
O003185,P0023,3,0.05
O003185,P0020,2,0.15
O003185,P0030,4,0.05
O003185,P0014,1,0.2
O003185,P0019,4,0.0
O003186,P0028,1,0.05
O003186,P0012,2,0.0
O003186,P0013,2,0.0
O003187,P0015,2,0.05
O003187,P0017,1,0.2
O003188,P0008,1,0.2
O003188,P0009,4,0.0
O003188,P0023,2,0.05
O003188,P0028,2,0.0
O003188,P0024,2,0.0
O003189,P0021,1,0.0
O003189,P0003,4,0.05
O003189,P0017,1,0.05
O003189,P0015,3,0.0
O003190,P0010,1,0.1
O003190,P0008,2,0.1
O003190,P0003,1,0.05
O003191,P0003,2,0.05
O003192,P0017,1,0.15
O003193,P0030,1,0.0
O003193,P0027,2,0.15
O003194,P0008,2,0.0
O003195,P0016,1,0.15
O003195,P0018,1,0.05
O003196,P0021,2,0.15
O003196,P0024,1,0.0
O003196,P0026,3,0.05
O003196,P0003,1,0.05
O003197,P0027,3,0.05
O003198,P0024,1,0.1
O003199,P0005,1,0.1
O003199,P0013,1,0.1
O003200,P0007,1,0.1
O003200,P0026,1,0.0
O003201,P0015,2,0.0
O003202,P0025,2,0.05
O003202,P0001,2,0.05
O003202,P0023,2,0.15
O003202,P0014,1,0.0
O003203,P0003,2,0.1
O003203,P0025,1,0.1
O003204,P0016,1,0.05
O003204,P0020,1,0.15
O003205,P0017,1,0.05
O003206,P0016,2,0.05
O003207,P0023,1,0.05
O003208,P0017,2,0.05
O003208,P0004,1,0.1
O003209,P0018,2,0.1
O003210,P0017,1,0.15
O003210,P0016,3,0.1
O003211,P0008,1,0.0
O003211,P0025,2,0.15
O003211,P0021,4,0.05
O003212,P0010,3,0.1
O003212,P0006,3,0.1
O003212,P0021,1,0.0
O003213,P0029,1,0.0
O003213,P0013,1,0.05
O003213,P0002,4,0.15
O003213,P0012,1,0.05
O003213,P0026,1,0.0
O003214,P0003,4,0.1
O003214,P0024,2,0.15
O003215,P0006,2,0.05
O003215,P0027,1,0.2
O003216,P0015,2,0.0
O003216,P0012,1,0.0
O003217,P0014,1,0.05
O003218,P0017,2,0.15
O003219,P0010,1,0.2
O003219,P0024,3,0.2
O003220,P0019,1,0.05
O003221,P0002,1,0.0
O003222,P0010,2,0.0
O003223,P0027,1,0.05
O003223,P0022,1,0.0
O003224,P0004,1,0.1
O003224,P0020,4,0.05
O003225,P0025,1,0.0
O003225,P0030,2,0.1
O003225,P0003,1,0.0
O003225,P0022,3,0.15
O003225,P0021,2,0.1
O003226,P0003,1,0.0
O003226,P0018,2,0.05
O003226,P0024,1,0.0
O003227,P0028,1,0.05
O003228,P0008,1,0.05
O003228,P0001,2,0.05
O003229,P0022,1,0.05
O003229,P0011,1,0.05
O003229,P0009,2,0.0
O003229,P0007,3,0.05
O003230,P0027,1,0.0
O003231,P0025,2,0.0
O003232,P0007,2,0.1
O003232,P0027,3,0.1
O003232,P0023,1,0.2
O003233,P0014,1,0.2
O003233,P0019,1,0.2
O003233,P0026,1,0.0
O003233,P0017,2,0.0
O003233,P0015,2,0.05
O003234,P0021,1,0.0
O003234,P0018,1,0.0
O003235,P0019,2,0.0
O003235,P0028,1,0.15
O003236,P0026,3,0.1
O003237,P0015,3,0.1
O003237,P0007,1,0.05
O003237,P0024,2,0.15
O003238,P0020,1,0.15
O003238,P0026,1,0.1
O003239,P0017,1,0.05
O003239,P0005,3,0.0
O003240,P0008,1,0.0
O003241,P0009,1,0.0
O003242,P0008,1,0.0
O003242,P0011,2,0.15
O003242,P0019,1,0.0
O003243,P0023,1,0.1
O003243,P0012,2,0.1
O003244,P0016,1,0.15
O003245,P0016,4,0.15
O003245,P0022,3,0.1
O003246,P0001,4,0.0
O003246,P0010,1,0.05
O003247,P0012,1,0.05
O003248,P0022,1,0.0
O003248,P0017,1,0.05
O003248,P0014,1,0.0
O003249,P0009,2,0.0
O003249,P0010,3,0.05
O003250,P0025,4,0.1
O003250,P0024,1,0.15
O003251,P0012,1,0.05
O003251,P0009,2,0.1
O003251,P0016,1,0.0
O003251,P0020,1,0.0
O003252,P0025,1,0.0
O003252,P0013,3,0.1
O003253,P0028,3,0.0
O003254,P0001,1,0.0
O003254,P0015,1,0.05
O003255,P0008,1,0.05
O003256,P0014,1,0.05
O003256,P0007,1,0.0
O003257,P0019,1,0.15
O003257,P0011,2,0.0
O003257,P0013,2,0.0
O003258,P0023,3,0.15
O003258,P0018,1,0.0
O003258,P0001,2,0.0
O003259,P0002,1,0.1
O003260,P0024,4,0.05
O003260,P0003,2,0.05
O003260,P0025,1,0.1
O003261,P0023,1,0.1
O003261,P0012,2,0.2
O003262,P0009,1,0.0
O003263,P0008,1,0.0
O003264,P0014,2,0.1
O003264,P0018,2,0.05
O003264,P0009,1,0.0
O003265,P0007,1,0.05
O003266,P0001,1,0.1
O003267,P0022,1,0.0
O003268,P0014,3,0.0
O003268,P0017,2,0.15
O003269,P0030,1,0.05
O003270,P0021,4,0.0
O003271,P0014,2,0.05
O003272,P0019,1,0.15
O003273,P0013,3,0.05
O003273,P0021,1,0.05
O003274,P0028,1,0.1
O003274,P0024,4,0.1
O003275,P0023,1,0.0
O003276,P0030,2,0.0
O003276,P0026,2,0.0
O003277,P0001,1,0.1
O003277,P0003,1,0.0
O003278,P0025,1,0.2
O003278,P0014,1,0.0
O003278,P0015,2,0.05
O003279,P0011,3,0.05
O003279,P0007,1,0.05
O003280,P0013,3,0.0
O003280,P0029,1,0.15
O003281,P0017,1,0.0
O003281,P0015,1,0.15
O003281,P0028,2,0.05
O003282,P0010,3,0.1
O003282,P0003,1,0.05
O003283,P0013,1,0.0
O003283,P0016,2,0.1
O003284,P0009,1,0.0
O003285,P0028,3,0.1
O003286,P0027,1,0.0
O003286,P0016,1,0.05
O003287,P0012,4,0.0
O003288,P0028,2,0.05
O003288,P0021,1,0.2
O003288,P0007,1,0.05
O003289,P0028,1,0.05
O003289,P0025,1,0.0
O003290,P0010,3,0.1
O003291,P0016,2,0.05
O003291,P0007,1,0.05
O003291,P0029,1,0.1
O003292,P0025,1,0.05
O003293,P0024,1,0.2
O003294,P0013,4,0.15
O003294,P0015,2,0.15
O003295,P0002,1,0.05
O003296,P0002,1,0.0
O003297,P0005,1,0.05
O003297,P0020,1,0.1
O003297,P0007,1,0.0
O003297,P0018,1,0.05
O003298,P0021,1,0.0
O003298,P0006,2,0.05
O003298,P0005,1,0.0
O003299,P0014,2,0.05
O003299,P0004,1,0.0
O003299,P0001,1,0.05
O003300,P0030,2,0.2
O003300,P0018,1,0.05
O003300,P0022,1,0.05
O003301,P0024,1,0.05
O003301,P0003,1,0.05
O003302,P0007,1,0.05
O003303,P0002,1,0.1
O003304,P0006,1,0.0
O003304,P0030,1,0.1
O003305,P0015,1,0.0
O003306,P0011,1,0.05
O003307,P0020,1,0.05
O003307,P0016,3,0.05
O003308,P0014,2,0.05
O003309,P0020,1,0.05
O003309,P0009,1,0.05
O003309,P0001,1,0.05
O003309,P0010,2,0.05
O003309,P0027,1,0.05
O003310,P0012,1,0.1
O003310,P0014,2,0.15
O003311,P0023,1,0.0
O003311,P0005,1,0.1
O003311,P0020,1,0.05
O003312,P0009,3,0.0
O003313,P0026,2,0.05
O003313,P0014,3,0.05
O003313,P0008,1,0.0
O003313,P0030,3,0.05
O003314,P0021,1,0.0
O003314,P0017,1,0.05
O003314,P0013,1,0.0
O003314,P0008,1,0.15
O003314,P0001,1,0.05
O003315,P0025,1,0.1
O003315,P0023,3,0.0
O003315,P0007,1,0.1
O003315,P0027,1,0.0
O003315,P0014,1,0.0
O003316,P0027,1,0.05
O003317,P0017,1,0.1
O003317,P0009,1,0.05
O003318,P0029,1,0.2
O003318,P0019,2,0.0
O003319,P0009,1,0.0
O003319,P0001,2,0.15
O003319,P0014,1,0.2
O003320,P0016,1,0.0
O003320,P0024,1,0.0
O003320,P0002,2,0.0
O003321,P0007,2,0.05
O003322,P0018,2,0.05
O003323,P0006,1,0.0
O003323,P0021,2,0.05
O003323,P0007,1,0.1
O003323,P0009,1,0.0
O003324,P0029,3,0.05
O003324,P0016,1,0.05
O003324,P0026,2,0.1
O003325,P0008,1,0.1
O003325,P0001,2,0.0
O003325,P0011,2,0.15
O003326,P0008,3,0.0
O003326,P0020,1,0.0
O003327,P0015,1,0.1
O003327,P0007,3,0.05
O003328,P0007,1,0.0
O003329,P0015,1,0.15
O003330,P0006,1,0.0
O003330,P0029,2,0.05
O003331,P0024,1,0.1
O003331,P0022,1,0.0
O003332,P0006,2,0.15
O003332,P0015,4,0.15
O003333,P0016,4,0.2
O003333,P0014,1,0.0
O003334,P0022,1,0.0
O003334,P0027,1,0.0
O003334,P0018,1,0.05
O003334,P0002,3,0.1
O003335,P0018,2,0.0
O003336,P0019,3,0.05
O003336,P0006,3,0.05
O003336,P0028,1,0.0
O003336,P0015,2,0.0
O003337,P0017,2,0.0
O003337,P0018,1,0.05
O003337,P0008,2,0.1
O003338,P0019,2,0.1
O003338,P0004,2,0.05
O003338,P0017,2,0.05
O003339,P0017,1,0.05
O003339,P0013,1,0.0
O003339,P0010,1,0.15
O003339,P0027,3,0.05
O003340,P0015,1,0.0
O003340,P0007,2,0.0
O003340,P0006,3,0.1
O003341,P0003,2,0.05
O003341,P0019,3,0.2
O003341,P0005,1,0.1
O003342,P0013,1,0.0
O003342,P0018,2,0.1
O003343,P0002,1,0.1
O003343,P0013,2,0.2
O003344,P0009,1,0.1
O003344,P0018,2,0.0
O003344,P0017,3,0.05
O003345,P0003,1,0.1
O003345,P0020,1,0.05
O003345,P0004,1,0.15
O003346,P0012,1,0.15
O003346,P0028,2,0.0
O003346,P0002,1,0.05
O003346,P0005,2,0.0
O003347,P0011,2,0.1
O003347,P0001,1,0.0
O003348,P0008,4,0.2
O003348,P0020,1,0.05
O003348,P0029,1,0.05
O003349,P0025,2,0.15
O003349,P0007,1,0.0
O003350,P0016,1,0.0
O003350,P0019,1,0.0
O003350,P0014,1,0.05
O003350,P0025,1,0.1
O003350,P0027,1,0.0
O003351,P0002,1,0.0
O003352,P0012,2,0.1
O003352,P0001,2,0.05
O003352,P0010,1,0.05
O003353,P0021,3,0.0
O003353,P0026,1,0.0
O003353,P0001,1,0.0
O003354,P0005,2,0.15
O003354,P0012,1,0.0
O003355,P0028,3,0.0
O003355,P0014,1,0.05
O003355,P0015,2,0.1
O003355,P0001,2,0.05
O003356,P0020,2,0.0
O003356,P0002,2,0.0
O003356,P0017,1,0.05
O003356,P0026,3,0.15
O003356,P0023,2,0.1
O003357,P0024,2,0.1
O003357,P0007,3,0.0
O003357,P0018,1,0.1
O003357,P0008,1,0.0
O003358,P0024,1,0.1
O003358,P0020,1,0.0
O003358,P0017,3,0.0
O003359,P0026,1,0.0
O003359,P0020,2,0.1
O003360,P0030,1,0.0
O003360,P0018,3,0.0
O003360,P0028,2,0.0
O003361,P0014,1,0.0
O003361,P0009,1,0.0
O003362,P0004,1,0.05
O003363,P0020,1,0.05
O003363,P0009,1,0.05
O003364,P0022,2,0.05
O003365,P0007,1,0.05
O003365,P0009,2,0.0
O003365,P0021,2,0.0
O003365,P0013,1,0.0
O003365,P0002,1,0.15
O003366,P0007,1,0.0
O003367,P0017,4,0.05
O003367,P0002,1,0.0
O003368,P0015,1,0.2
O003369,P0029,1,0.1
O003369,P0024,1,0.05
O003369,P0003,2,0.15
O003370,P0029,3,0.1
O003370,P0027,1,0.05
O003370,P0009,1,0.05
O003371,P0015,1,0.1
O003371,P0016,2,0.0
O003372,P0006,2,0.0
O003372,P0010,1,0.0
O003373,P0017,1,0.05
O003374,P0003,2,0.0
O003374,P0013,1,0.05
O003374,P0022,2,0.05
O003375,P0014,2,0.0
O003376,P0006,1,0.05
O003376,P0012,3,0.0
O003376,P0022,4,0.05
O003377,P0001,1,0.0
O003378,P0017,1,0.0
O003379,P0017,1,0.0
O003379,P0029,1,0.05
O003379,P0004,1,0.0
O003379,P0009,1,0.05
O003380,P0029,1,0.1
O003380,P0030,1,0.1
O003380,P0022,1,0.0
O003381,P0013,2,0.0
O003382,P0001,1,0.2
O003382,P0009,3,0.05
O003383,P0018,4,0.1
O003383,P0001,2,0.0
O003383,P0017,1,0.1
O003384,P0010,1,0.1
O003384,P0004,1,0.0
O003384,P0020,1,0.05
O003385,P0009,1,0.15
O003385,P0004,1,0.15
O003386,P0017,1,0.0
O003386,P0007,1,0.2
O003387,P0030,1,0.1
O003387,P0023,2,0.05
O003387,P0002,1,0.1
O003387,P0016,4,0.05
O003388,P0025,1,0.0
O003389,P0007,1,0.0
O003389,P0005,1,0.05
O003389,P0008,1,0.05
O003390,P0008,2,0.0
O003390,P0023,1,0.1
O003391,P0019,1,0.05
O003392,P0020,3,0.0
O003393,P0002,1,0.15
O003393,P0023,1,0.0
O003394,P0011,2,0.15
O003395,P0030,1,0.05
O003395,P0005,1,0.1
O003395,P0028,1,0.0
O003396,P0008,1,0.15
O003396,P0024,2,0.05
O003396,P0019,1,0.1
O003397,P0013,3,0.1
O003398,P0010,1,0.0
O003399,P0030,1,0.0
O003399,P0009,1,0.05
O003400,P0018,1,0.1
O003401,P0013,3,0.1
O003401,P0015,3,0.1
O003402,P0007,1,0.05
O003402,P0027,1,0.05
O003402,P0028,4,0.0
O003403,P0014,1,0.1
O003403,P0019,1,0.15
O003403,P0016,1,0.0
O003404,P0011,1,0.05
O003404,P0029,1,0.05
O003405,P0019,1,0.0
O003405,P0027,2,0.0
O003405,P0017,1,0.05
O003405,P0004,1,0.0
O003406,P0024,3,0.0
O003406,P0006,2,0.05
O003406,P0010,1,0.0
O003407,P0013,2,0.0
O003407,P0017,2,0.15
O003408,P0024,2,0.15
O003408,P0015,1,0.0
O003408,P0027,2,0.05
O003409,P0008,2,0.0
O003409,P0021,2,0.0
O003409,P0026,1,0.1
O003409,P0014,1,0.0
O003410,P0029,1,0.05
O003410,P0002,1,0.1
O003410,P0027,1,0.1
O003410,P0015,2,0.05
O003411,P0023,1,0.1
O003411,P0029,1,0.0
O003411,P0021,1,0.15
O003412,P0028,1,0.2
O003412,P0007,2,0.05
O003412,P0001,1,0.1
O003412,P0026,1,0.1
O003413,P0017,1,0.05
O003413,P0006,1,0.2
O003413,P0028,1,0.15
O003414,P0030,2,0.1
O003415,P0001,1,0.1
O003415,P0019,2,0.05
O003416,P0030,1,0.15
O003416,P0024,3,0.05
O003417,P0029,1,0.1
O003417,P0018,1,0.15
O003417,P0002,2,0.1
O003417,P0006,1,0.1
O003418,P0028,2,0.15
O003418,P0013,1,0.1
O003418,P0012,2,0.05
O003419,P0030,1,0.1
O003419,P0012,1,0.0
O003419,P0028,1,0.1
O003420,P0004,1,0.1
O003420,P0014,1,0.05
O003420,P0001,1,0.15
O003420,P0010,1,0.0
O003420,P0013,2,0.2
O003421,P0024,1,0.05
O003421,P0005,1,0.0
O003422,P0025,2,0.1
O003422,P0026,1,0.05
O003422,P0009,1,0.1
O003422,P0002,1,0.05
O003423,P0010,4,0.15
O003423,P0026,1,0.15
O003423,P0027,1,0.05
O003423,P0003,1,0.0
O003424,P0017,2,0.1
O003425,P0015,1,0.2
O003426,P0022,1,0.0
O003426,P0018,1,0.0
O003426,P0002,1,0.0
O003427,P0002,4,0.1
O003427,P0021,1,0.15
O003428,P0022,1,0.05
O003428,P0029,1,0.2
O003429,P0016,1,0.05
O003429,P0002,1,0.1
O003430,P0001,3,0.05
O003430,P0016,3,0.15
O003431,P0020,3,0.0
O003431,P0019,1,0.0
O003431,P0018,1,0.15
O003431,P0010,2,0.1
O003431,P0027,1,0.15
O003432,P0003,1,0.0
O003432,P0023,1,0.0
O003432,P0001,2,0.05
O003432,P0027,1,0.05
O003433,P0001,1,0.05
O003433,P0027,2,0.0
O003433,P0009,1,0.05
O003433,P0003,2,0.0
O003434,P0023,2,0.1
O003435,P0022,1,0.1
O003436,P0029,3,0.05
O003437,P0011,1,0.0
O003437,P0030,1,0.0
O003437,P0010,2,0.0
O003437,P0022,3,0.15
O003438,P0005,1,0.0
O003438,P0022,2,0.05
O003439,P0013,1,0.0
O003439,P0010,2,0.0
O003439,P0001,1,0.05
O003439,P0007,3,0.0
O003440,P0006,1,0.05
O003441,P0028,3,0.0
O003442,P0024,1,0.05
O003442,P0016,2,0.0
O003442,P0021,1,0.2
O003442,P0010,1,0.05
O003442,P0004,1,0.15
O003443,P0005,3,0.15
O003444,P0007,3,0.1
O003444,P0013,1,0.0
O003444,P0030,1,0.05
O003444,P0004,2,0.1
O003445,P0006,3,0.15
O003445,P0028,3,0.05
O003445,P0021,1,0.05
O003446,P0003,1,0.05
O003446,P0030,4,0.0
O003446,P0024,1,0.05
O003447,P0029,3,0.0
O003447,P0009,1,0.0
O003448,P0019,1,0.1
O003448,P0011,1,0.1
O003448,P0022,1,0.0
O003448,P0020,3,0.2
O003449,P0012,1,0.05
O003449,P0013,2,0.05
O003450,P0011,2,0.0
O003450,P0027,1,0.1
O003451,P0016,3,0.0
O003451,P0020,4,0.1
O003451,P0028,1,0.0
O003452,P0021,3,0.2
O003452,P0012,4,0.0
O003453,P0013,1,0.05
O003453,P0028,2,0.1
O003453,P0018,1,0.0
O003454,P0019,1,0.05
O003454,P0007,2,0.15
O003455,P0015,2,0.0
O003456,P0004,1,0.15
O003456,P0003,1,0.05
O003456,P0025,1,0.0
O003456,P0011,2,0.0
O003457,P0022,4,0.05
O003457,P0027,2,0.05
O003457,P0028,4,0.1
O003458,P0004,3,0.0
O003458,P0011,1,0.0
O003459,P0007,2,0.0
O003459,P0025,3,0.05
O003459,P0024,1,0.2
O003460,P0002,2,0.1
O003461,P0022,1,0.15
O003461,P0017,3,0.15
O003461,P0028,2,0.1
O003462,P0004,1,0.05
O003462,P0002,1,0.0
O003463,P0029,1,0.05
O003464,P0015,2,0.05
O003465,P0011,2,0.0
O003465,P0017,2,0.0
O003465,P0003,2,0.05
O003466,P0022,1,0.0
O003466,P0021,2,0.0
O003466,P0027,2,0.0
O003467,P0016,1,0.05
O003468,P0024,1,0.1
O003468,P0028,2,0.0
O003468,P0026,4,0.05
O003469,P0026,1,0.1
O003470,P0019,2,0.0
O003470,P0005,1,0.05
O003471,P0030,2,0.05
O003471,P0008,3,0.05
O003471,P0013,1,0.05
O003472,P0014,1,0.05
O003472,P0011,2,0.0
O003472,P0006,3,0.15
O003473,P0006,2,0.05
O003474,P0008,4,0.05
O003474,P0002,1,0.0
O003475,P0019,2,0.1
O003475,P0024,1,0.05
O003475,P0003,2,0.05
O003476,P0015,1,0.0
O003476,P0030,2,0.0
O003476,P0010,1,0.2
O003477,P0014,3,0.0
O003478,P0026,4,0.1
O003478,P0030,1,0.1
O003478,P0027,3,0.0
O003479,P0010,1,0.05
O003480,P0019,1,0.0
O003481,P0028,1,0.05
O003482,P0008,1,0.0
O003482,P0024,3,0.2
O003482,P0003,3,0.0
O003483,P0006,1,0.0
O003484,P0029,3,0.1
O003484,P0026,1,0.1
O003485,P0008,1,0.0
O003485,P0004,1,0.05
O003485,P0028,1,0.15
O003486,P0013,2,0.2
O003486,P0001,2,0.15
O003487,P0009,2,0.05
O003487,P0022,1,0.15
O003488,P0028,1,0.0
O003488,P0029,1,0.05
O003488,P0009,1,0.2
O003489,P0015,3,0.15
O003489,P0005,1,0.1
O003490,P0011,3,0.1
O003490,P0009,2,0.0
O003490,P0030,2,0.05
O003490,P0012,3,0.1
O003491,P0003,1,0.0
O003491,P0025,1,0.1
O003491,P0016,2,0.05
O003491,P0013,2,0.05
O003491,P0010,3,0.1
O003492,P0029,2,0.05
O003492,P0011,1,0.0
O003492,P0010,1,0.05
O003493,P0007,4,0.05
O003493,P0002,1,0.0
O003494,P0026,1,0.2
O003495,P0010,1,0.15
O003495,P0028,2,0.1
O003496,P0002,1,0.0
O003497,P0026,1,0.05
O003498,P0008,3,0.05
O003498,P0026,3,0.05
O003499,P0007,1,0.1
O003500,P0020,1,0.1
O003501,P0023,1,0.15
O003501,P0021,2,0.05
O003501,P0007,2,0.0
O003502,P0023,1,0.0
O003502,P0011,1,0.15
O003503,P0016,1,0.15
O003503,P0024,1,0.05
O003503,P0029,1,0.0
O003503,P0019,2,0.05
O003504,P0017,2,0.1
O003505,P0002,1,0.0
O003505,P0001,3,0.05
O003506,P0009,3,0.05
O003506,P0003,2,0.15
O003507,P0005,1,0.0
O003507,P0018,3,0.05
O003507,P0015,3,0.05
O003508,P0014,2,0.0
O003509,P0027,2,0.0
O003509,P0008,2,0.0
O003510,P0005,1,0.1
O003510,P0020,4,0.0
O003510,P0029,3,0.05
O003511,P0006,1,0.0
O003512,P0012,1,0.0
O003512,P0020,1,0.1
O003513,P0027,2,0.2
O003514,P0017,1,0.15
O003514,P0020,1,0.1
O003515,P0017,3,0.05
O003515,P0019,3,0.05
O003516,P0008,2,0.0
O003517,P0011,2,0.15
O003518,P0023,1,0.15
O003519,P0022,1,0.05
O003520,P0009,1,0.0
O003521,P0003,1,0.1
O003521,P0025,2,0.05
O003522,P0001,1,0.0
O003522,P0004,1,0.0
O003522,P0027,1,0.0
O003523,P0028,2,0.05
O003523,P0019,1,0.1
O003523,P0007,4,0.05
O003524,P0023,3,0.05
O003524,P0011,2,0.0
O003525,P0003,1,0.05
O003525,P0026,1,0.0
O003525,P0015,1,0.0
O003526,P0005,1,0.0
O003526,P0001,1,0.05
O003526,P0029,3,0.05
O003526,P0011,3,0.0
O003526,P0002,2,0.0
O003527,P0002,1,0.05
O003528,P0025,1,0.0
O003528,P0026,2,0.0
O003528,P0014,2,0.0
O003529,P0018,2,0.0
O003529,P0019,4,0.0
O003530,P0017,1,0.2
O003530,P0011,2,0.15
O003531,P0016,1,0.1
O003531,P0003,2,0.1
O003532,P0020,1,0.15
O003532,P0004,2,0.1
O003532,P0006,2,0.05
O003532,P0007,2,0.0
O003533,P0024,1,0.05
O003534,P0028,2,0.0
O003534,P0021,4,0.05
O003535,P0029,2,0.05
O003536,P0012,1,0.05
O003536,P0005,1,0.05
O003537,P0010,1,0.1
O003537,P0012,2,0.0
O003537,P0023,2,0.0
O003538,P0025,3,0.15
O003538,P0003,2,0.05
O003538,P0029,1,0.2
O003539,P0019,2,0.0
O003539,P0028,1,0.15
O003539,P0010,1,0.05
O003540,P0006,2,0.1
O003540,P0013,1,0.0
O003540,P0022,1,0.05
O003540,P0030,1,0.1
O003540,P0021,1,0.1
O003541,P0012,4,0.2
O003541,P0022,1,0.0
O003542,P0027,2,0.1
O003542,P0009,3,0.05
O003542,P0001,1,0.05
O003543,P0016,1,0.0
O003544,P0026,3,0.05
O003544,P0011,1,0.0
O003544,P0018,2,0.0
O003545,P0020,2,0.1
O003545,P0029,1,0.2
O003545,P0007,2,0.1
O003546,P0014,1,0.15
O003546,P0017,1,0.05
O003546,P0019,1,0.1
O003547,P0004,2,0.05
O003548,P0007,2,0.05
O003549,P0010,2,0.0
O003549,P0003,1,0.0
O003549,P0020,1,0.05
O003550,P0026,1,0.0
O003550,P0019,1,0.1
O003550,P0022,1,0.1
O003551,P0029,2,0.1
O003551,P0027,1,0.0
O003552,P0012,2,0.2
O003552,P0002,1,0.0
O003552,P0004,4,0.0
O003552,P0029,2,0.15
O003552,P0007,3,0.05
O003553,P0023,2,0.0
O003553,P0029,3,0.0
O003554,P0015,1,0.05
O003555,P0013,1,0.0
O003555,P0001,1,0.0
O003556,P0016,2,0.0
O003556,P0008,3,0.15
O003556,P0006,1,0.05
O003556,P0019,2,0.0
O003556,P0020,3,0.0
O003557,P0017,3,0.15
O003558,P0018,1,0.1
O003559,P0018,1,0.1
O003559,P0027,1,0.0
O003560,P0002,1,0.0
O003560,P0009,1,0.15
O003561,P0016,1,0.1
O003561,P0014,1,0.05
O003562,P0014,1,0.1
O003562,P0004,1,0.1
O003562,P0021,4,0.0
O003562,P0018,1,0.0
O003562,P0025,1,0.15
O003563,P0015,1,0.0
O003563,P0004,2,0.0
O003563,P0003,2,0.15
O003564,P0022,3,0.0
O003565,P0013,1,0.1
O003566,P0030,1,0.05
O003567,P0009,1,0.0
O003567,P0025,1,0.0
O003567,P0002,1,0.05
O003567,P0017,2,0.05
O003568,P0010,2,0.1
O003568,P0009,1,0.05
O003569,P0023,1,0.0
O003570,P0011,1,0.1
O003570,P0002,1,0.05
O003570,P0005,1,0.1
O003570,P0026,3,0.0
O003570,P0028,1,0.0
O003571,P0029,1,0.0
O003572,P0003,2,0.05
O003572,P0009,1,0.0
O003572,P0011,1,0.0
O003572,P0012,1,0.1
O003573,P0003,1,0.1
O003573,P0025,1,0.05
O003573,P0029,2,0.05
O003574,P0001,2,0.0
O003574,P0015,3,0.1
O003574,P0029,1,0.0
O003574,P0023,2,0.05
O003574,P0011,1,0.0
O003575,P0028,1,0.0
O003575,P0029,1,0.2
O003575,P0017,3,0.0
O003576,P0018,1,0.05
O003576,P0003,3,0.05
O003576,P0023,1,0.0
O003577,P0021,1,0.0
O003578,P0004,1,0.15
O003578,P0006,2,0.0
O003578,P0021,3,0.1
O003578,P0024,2,0.0
O003579,P0020,1,0.05
O003579,P0018,1,0.15
O003580,P0014,2,0.1
O003580,P0027,1,0.05
O003581,P0010,1,0.0
O003581,P0030,1,0.0
O003582,P0028,1,0.1
O003583,P0004,3,0.05
O003584,P0026,2,0.1
O003584,P0015,1,0.05
O003585,P0004,1,0.05
O003585,P0016,1,0.1
O003585,P0005,2,0.0
O003586,P0016,1,0.05
O003586,P0007,1,0.2
O003586,P0013,1,0.0
O003587,P0008,3,0.05
O003587,P0009,1,0.0
O003587,P0030,1,0.0
O003587,P0027,2,0.0
O003588,P0014,1,0.1
O003588,P0013,1,0.2
O003588,P0026,1,0.05
O003589,P0006,1,0.05
O003589,P0027,1,0.0
O003589,P0005,1,0.1
O003589,P0015,2,0.15
O003590,P0007,1,0.0
O003591,P0022,1,0.05
O003591,P0021,1,0.0
O003592,P0029,1,0.05
O003592,P0024,1,0.0
O003592,P0006,1,0.05
O003593,P0003,1,0.1
O003593,P0006,2,0.0
O003593,P0015,1,0.05
O003593,P0030,1,0.05
O003593,P0024,1,0.05
O003594,P0013,2,0.05
O003595,P0003,2,0.05
O003595,P0016,3,0.0
O003596,P0022,2,0.1
O003596,P0010,1,0.0
O003596,P0006,3,0.0
O003596,P0020,2,0.0
O003596,P0002,1,0.05
O003597,P0024,4,0.0
O003597,P0027,1,0.0
O003597,P0008,1,0.0
O003598,P0005,4,0.15
O003598,P0028,1,0.1
O003598,P0027,4,0.05
O003599,P0023,2,0.05
O003599,P0004,1,0.0
O003600,P0013,2,0.15
O003600,P0010,1,0.15
O003600,P0024,1,0.15
O003600,P0019,2,0.1
O003601,P0020,3,0.0
O003601,P0029,1,0.05
O003602,P0029,1,0.2
O003603,P0011,2,0.0
O003603,P0017,4,0.0
O003603,P0022,3,0.05
O003603,P0007,1,0.2
O003604,P0021,1,0.05
O003605,P0024,1,0.05
O003605,P0019,3,0.05
O003606,P0028,4,0.05
O003606,P0013,1,0.0
O003607,P0029,3,0.0
O003608,P0013,1,0.0
O003609,P0017,2,0.0
O003609,P0008,2,0.1
O003609,P0013,2,0.1
O003609,P0006,2,0.05
O003609,P0021,1,0.05
O003610,P0026,2,0.05
O003610,P0023,1,0.0
O003610,P0022,1,0.05
O003610,P0019,2,0.1
O003611,P0019,1,0.1
O003611,P0026,1,0.05
O003612,P0017,1,0.0
O003612,P0019,1,0.1
O003612,P0025,2,0.2
O003613,P0004,1,0.1
O003613,P0028,2,0.05
O003613,P0024,4,0.05
O003613,P0027,1,0.05
O003614,P0026,3,0.0
O003614,P0009,1,0.1
O003615,P0017,1,0.0
O003615,P0020,1,0.0
O003616,P0028,1,0.0
O003616,P0004,2,0.0
O003616,P0010,1,0.1
O003616,P0012,2,0.0
O003617,P0014,2,0.05
O003617,P0016,1,0.1
O003617,P0006,2,0.0
O003618,P0008,2,0.0
O003618,P0022,3,0.05
O003618,P0006,3,0.05
O003618,P0018,2,0.1
O003619,P0023,1,0.1
O003620,P0015,3,0.0
O003620,P0006,2,0.1
O003620,P0029,2,0.15
O003621,P0015,2,0.05
O003621,P0020,2,0.2
O003621,P0001,1,0.0
O003621,P0029,2,0.05
O003622,P0024,2,0.0
O003622,P0015,1,0.0
O003622,P0026,1,0.0
O003622,P0002,1,0.0
O003622,P0014,1,0.0
O003623,P0007,1,0.1
O003624,P0029,1,0.1
O003624,P0010,1,0.15
O003624,P0016,3,0.05
O003625,P0002,1,0.0
O003626,P0014,1,0.0
O003627,P0026,1,0.05
O003627,P0022,1,0.0
O003628,P0015,1,0.05
O003628,P0021,3,0.1
O003629,P0014,2,0.05
O003629,P0009,2,0.1
O003629,P0004,1,0.0
O003630,P0030,1,0.05
O003630,P0015,1,0.05
O003631,P0009,2,0.15
O003631,P0024,1,0.05
O003631,P0026,2,0.0
O003632,P0015,1,0.05
O003633,P0003,1,0.15
O003633,P0021,1,0.2
O003633,P0005,1,0.05
O003634,P0016,1,0.2
O003635,P0017,1,0.05
O003635,P0030,2,0.0
O003635,P0021,3,0.0
O003635,P0005,2,0.05
O003636,P0026,2,0.1
O003637,P0001,3,0.0
O003637,P0025,2,0.2
O003637,P0011,1,0.1
O003638,P0023,1,0.05
O003639,P0020,1,0.05
O003639,P0023,2,0.0
O003639,P0026,4,0.1
O003640,P0027,1,0.15
O003640,P0002,3,0.05
O003641,P0023,1,0.0
O003641,P0017,2,0.1
O003641,P0003,2,0.0
O003642,P0017,1,0.05
O003642,P0025,1,0.0
O003643,P0011,4,0.05
O003643,P0002,1,0.05
O003643,P0015,1,0.05
O003644,P0012,2,0.15
O003644,P0004,2,0.15
O003644,P0003,2,0.2
O003644,P0008,1,0.05
O003644,P0028,4,0.05
O003645,P0005,2,0.0
O003645,P0011,3,0.05
O003645,P0024,4,0.2
O003646,P0030,2,0.0
O003647,P0015,3,0.2
O003648,P0023,1,0.15
O003648,P0028,2,0.05
O003649,P0016,1,0.15
O003650,P0010,3,0.1
O003651,P0020,4,0.15
O003651,P0017,2,0.15
O003651,P0022,2,0.0
O003652,P0030,2,0.1
O003652,P0015,1,0.0
O003653,P0024,1,0.1
O003654,P0027,2,0.0
O003655,P0030,1,0.0
O003655,P0014,1,0.05
O003655,P0006,3,0.15
O003656,P0016,3,0.0
O003656,P0010,1,0.05
O003657,P0024,3,0.0
O003657,P0029,1,0.05
O003658,P0003,1,0.05
O003658,P0011,2,0.05
O003658,P0008,1,0.0
O003659,P0016,1,0.05
O003660,P0003,2,0.0
O003661,P0018,4,0.0
O003662,P0003,1,0.05
O003662,P0001,1,0.0
O003663,P0017,1,0.1
O003663,P0010,1,0.1
O003663,P0016,2,0.05
O003663,P0005,1,0.0
O003664,P0002,2,0.05
O003664,P0030,1,0.05
O003665,P0008,1,0.1
O003665,P0002,1,0.15
O003666,P0027,2,0.05
O003666,P0013,1,0.0
O003666,P0029,1,0.05
O003667,P0026,1,0.05
O003667,P0008,4,0.1
O003667,P0010,1,0.1
O003668,P0016,1,0.05
O003668,P0027,2,0.0
O003668,P0020,1,0.05
O003669,P0030,1,0.05
O003669,P0018,2,0.05
O003670,P0017,1,0.05
O003670,P0022,1,0.0
O003670,P0024,2,0.15
O003671,P0013,1,0.0
O003672,P0014,1,0.15
O003673,P0027,2,0.0
O003674,P0011,2,0.0
O003674,P0007,4,0.1
O003675,P0023,2,0.1
O003675,P0008,2,0.05
O003676,P0029,1,0.05
O003676,P0016,2,0.0
O003677,P0022,2,0.05
O003678,P0010,1,0.05
O003678,P0027,2,0.05
O003679,P0001,1,0.2
O003679,P0010,1,0.05
O003679,P0014,1,0.0
O003680,P0004,2,0.0
O003681,P0024,2,0.0
O003682,P0017,2,0.0
O003682,P0029,2,0.2
O003682,P0019,1,0.05
O003683,P0020,2,0.1
O003684,P0025,2,0.05
O003684,P0002,1,0.1
O003685,P0028,2,0.1
O003685,P0024,2,0.05
O003685,P0017,1,0.1
O003686,P0016,3,0.15
O003686,P0002,1,0.0
O003686,P0019,2,0.05
O003686,P0004,1,0.05
O003687,P0008,1,0.05
O003687,P0021,1,0.05
O003688,P0010,1,0.1
O003688,P0003,2,0.1
O003688,P0030,2,0.05
O003689,P0006,1,0.1
O003689,P0009,1,0.15
O003690,P0030,4,0.15
O003690,P0013,1,0.15
O003690,P0028,3,0.05
O003691,P0014,2,0.15
O003692,P0020,2,0.05
O003692,P0010,2,0.1
O003692,P0003,1,0.0
O003692,P0001,1,0.1
O003693,P0019,1,0.0
O003693,P0018,2,0.0
O003694,P0020,2,0.1
O003695,P0010,1,0.15
O003695,P0030,1,0.1
O003696,P0010,2,0.05
O003696,P0023,3,0.0
O003696,P0030,2,0.05
O003697,P0003,1,0.0
O003697,P0023,1,0.05
O003698,P0021,4,0.05
O003698,P0019,1,0.0
O003699,P0006,1,0.15
O003700,P0011,2,0.05
O003700,P0022,1,0.0
O003700,P0018,2,0.0
O003701,P0004,1,0.15
O003701,P0021,4,0.0
O003701,P0030,1,0.05
O003702,P0026,2,0.1
O003703,P0020,3,0.0
O003704,P0011,1,0.15
O003704,P0028,1,0.0
O003704,P0002,1,0.05
O003705,P0019,1,0.0
O003706,P0005,2,0.05
O003706,P0008,2,0.0
O003706,P0012,1,0.05
O003707,P0025,3,0.0
O003707,P0017,1,0.1
O003708,P0015,1,0.05
O003708,P0024,2,0.1
O003709,P0015,1,0.05
O003710,P0002,1,0.0
O003710,P0022,1,0.0
O003711,P0011,1,0.05
O003711,P0023,1,0.2
O003711,P0028,2,0.0
O003712,P0017,2,0.0
O003712,P0020,2,0.0
O003712,P0005,1,0.05
O003713,P0011,1,0.05
O003713,P0023,1,0.05
O003713,P0029,1,0.15
O003714,P0030,2,0.05
O003715,P0030,3,0.0
O003715,P0006,1,0.05
O003715,P0013,4,0.05
O003716,P0002,2,0.0
O003716,P0018,1,0.0
O003716,P0029,1,0.1
O003717,P0014,2,0.05
O003717,P0023,1,0.05
O003718,P0022,1,0.0
O003718,P0003,1,0.0
O003718,P0021,1,0.0
O003718,P0019,2,0.0
O003719,P0019,2,0.05
O003720,P0017,2,0.15
O003721,P0019,3,0.0
O003721,P0003,1,0.2
O003721,P0018,4,0.0
O003722,P0011,2,0.0
O003722,P0021,2,0.0
O003723,P0015,1,0.05
O003723,P0007,2,0.0
O003724,P0013,1,0.15
O003724,P0020,1,0.15
O003725,P0025,1,0.05
O003725,P0018,2,0.0
O003726,P0023,1,0.0
O003727,P0023,1,0.2
O003727,P0003,1,0.1
O003727,P0017,2,0.15
O003728,P0010,1,0.0
O003728,P0015,3,0.1
O003728,P0009,1,0.05
O003729,P0006,1,0.05
O003730,P0016,1,0.05
O003730,P0025,3,0.2
O003731,P0017,1,0.0
O003731,P0008,2,0.0
O003732,P0018,1,0.2
O003732,P0020,1,0.15
O003732,P0005,1,0.1
O003733,P0012,1,0.05
O003734,P0021,1,0.0
O003734,P0004,1,0.0
O003734,P0005,1,0.15
O003734,P0003,3,0.1
O003734,P0002,3,0.15
O003735,P0030,2,0.0
O003735,P0028,1,0.0
O003736,P0007,1,0.1
O003737,P0002,2,0.05
O003737,P0008,2,0.05
O003738,P0021,2,0.0
O003739,P0002,3,0.0
O003739,P0010,1,0.05
O003740,P0002,2,0.2
O003741,P0015,2,0.0
O003741,P0007,2,0.0
O003741,P0018,3,0.2
O003741,P0008,1,0.0
O003742,P0020,1,0.0
O003743,P0011,1,0.05
O003743,P0024,1,0.15
O003744,P0028,3,0.0
O003745,P0020,1,0.05
O003745,P0023,1,0.1
O003745,P0022,3,0.0
O003745,P0016,4,0.05
O003746,P0020,2,0.05
O003747,P0024,2,0.1
O003748,P0008,1,0.05
O003748,P0024,1,0.2
O003748,P0009,1,0.05
O003748,P0013,1,0.1
O003749,P0029,3,0.05
O003749,P0009,1,0.05
O003750,P0025,1,0.0
O003750,P0020,1,0.0
O003750,P0026,3,0.0
O003750,P0005,1,0.05
O003751,P0005,3,0.1
O003752,P0019,2,0.1
O003752,P0005,2,0.0
O003753,P0014,1,0.15
O003753,P0021,2,0.15
O003753,P0028,2,0.0
O003754,P0016,1,0.0
O003754,P0019,1,0.0
O003754,P0006,2,0.0
O003755,P0011,1,0.0
O003756,P0016,4,0.0
O003756,P0006,3,0.05
O003756,P0030,2,0.0
O003756,P0009,1,0.0
O003757,P0006,2,0.1
O003757,P0004,2,0.1
O003757,P0008,1,0.05
O003758,P0017,1,0.0
O003759,P0026,1,0.1
O003759,P0001,1,0.1
O003760,P0005,1,0.05
O003761,P0025,3,0.1
O003761,P0026,1,0.0
O003762,P0009,1,0.15
O003762,P0015,2,0.05
O003762,P0013,1,0.1
O003762,P0011,3,0.0
O003763,P0024,1,0.0
O003764,P0025,2,0.2
O003765,P0003,1,0.0
O003766,P0012,2,0.0
O003767,P0025,1,0.05
O003767,P0009,2,0.05
O003767,P0014,1,0.1
O003768,P0006,1,0.2
O003768,P0023,3,0.0
O003768,P0007,2,0.0
O003769,P0013,1,0.1
O003769,P0026,3,0.05
O003769,P0023,1,0.1
O003770,P0006,1,0.0
O003771,P0004,1,0.1
O003771,P0020,2,0.0
O003771,P0007,2,0.0
O003771,P0008,1,0.2
O003771,P0003,2,0.05
O003772,P0006,1,0.2
O003772,P0001,2,0.05
O003773,P0014,3,0.2
O003773,P0016,3,0.05
O003773,P0004,1,0.0
O003773,P0022,2,0.05
O003774,P0014,1,0.0
O003774,P0026,1,0.05
O003774,P0002,1,0.0
O003775,P0013,2,0.0
O003775,P0027,1,0.0
O003775,P0023,4,0.1
O003776,P0022,1,0.05
O003776,P0028,3,0.0
O003777,P0025,1,0.0
O003778,P0005,1,0.0
O003778,P0015,1,0.0
O003779,P0030,1,0.05
O003779,P0008,3,0.1
O003779,P0004,3,0.05
O003780,P0002,1,0.1
O003780,P0015,2,0.05
O003780,P0008,3,0.05
O003781,P0016,1,0.15
O003782,P0024,1,0.0
O003783,P0029,1,0.1
O003783,P0016,1,0.05
O003784,P0023,2,0.1
O003785,P0005,2,0.0
O003785,P0008,4,0.05
O003786,P0017,3,0.0
O003786,P0028,2,0.05
O003786,P0026,1,0.05
O003786,P0016,1,0.0
O003787,P0022,1,0.0
O003788,P0004,1,0.05
O003789,P0010,2,0.1
O003790,P0027,1,0.05
O003790,P0024,2,0.05
O003790,P0003,1,0.1
O003790,P0008,1,0.0
O003790,P0022,2,0.05
O003791,P0030,1,0.1
O003792,P0003,4,0.0
O003792,P0006,4,0.05
O003792,P0027,1,0.0
O003793,P0027,1,0.05
O003793,P0014,2,0.0
O003793,P0021,1,0.1
O003793,P0011,1,0.05
O003794,P0017,1,0.0
O003794,P0016,3,0.0
O003794,P0027,2,0.1
O003795,P0019,3,0.0
O003795,P0030,3,0.15
O003796,P0014,1,0.05
O003796,P0030,1,0.1
O003796,P0006,4,0.05
O003797,P0015,1,0.0
O003797,P0019,2,0.0
O003798,P0022,2,0.1
O003798,P0006,1,0.15
O003799,P0020,1,0.1
O003799,P0010,2,0.0
O003800,P0003,2,0.1
O003800,P0028,1,0.15
O003800,P0026,1,0.05
O003801,P0015,2,0.0
O003801,P0011,2,0.0
O003802,P0014,2,0.0
O003803,P0002,1,0.0
O003803,P0004,2,0.2
O003804,P0018,2,0.0
O003804,P0014,1,0.15
O003805,P0022,1,0.1
O003806,P0019,1,0.15
O003807,P0022,2,0.05
O003808,P0006,1,0.1
O003808,P0003,1,0.15
O003809,P0012,1,0.2
O003810,P0014,3,0.05
O003810,P0025,2,0.05
O003811,P0025,2,0.15
O003811,P0011,4,0.05
O003812,P0016,2,0.2
O003812,P0009,2,0.1
O003813,P0005,1,0.2
O003813,P0006,2,0.0
O003813,P0015,2,0.05
O003814,P0022,2,0.0
O003814,P0013,1,0.1
O003815,P0003,1,0.0
O003816,P0017,1,0.0
O003816,P0020,3,0.05
O003816,P0001,1,0.05
O003817,P0028,1,0.2
O003817,P0010,3,0.05
O003817,P0001,2,0.1
O003817,P0030,1,0.05
O003817,P0018,2,0.0
O003818,P0020,1,0.1
O003818,P0022,3,0.1
O003818,P0030,1,0.05
O003819,P0012,1,0.15
O003819,P0017,1,0.15
O003820,P0014,4,0.05
O003821,P0005,4,0.0
O003821,P0013,1,0.0
O003822,P0002,3,0.0
O003822,P0030,2,0.1
O003823,P0012,1,0.1
O003823,P0030,2,0.0
O003823,P0011,2,0.05
O003824,P0021,3,0.05
O003824,P0025,1,0.0
O003824,P0023,2,0.1
O003825,P0002,1,0.1
O003825,P0030,1,0.1
O003826,P0018,1,0.15
O003826,P0014,4,0.0
O003826,P0016,1,0.1
O003826,P0004,3,0.05
O003826,P0019,1,0.0
O003827,P0001,1,0.2
O003827,P0030,1,0.2
O003828,P0022,2,0.05
O003829,P0010,1,0.05
O003830,P0011,1,0.1
O003831,P0015,1,0.15
O003831,P0025,1,0.05
O003831,P0008,1,0.1
O003831,P0005,1,0.0
O003831,P0022,1,0.15
O003832,P0002,1,0.15
O003832,P0007,2,0.05
O003833,P0001,1,0.0
O003834,P0023,2,0.05
O003834,P0025,2,0.1
O003835,P0012,3,0.0
O003836,P0027,1,0.0
O003836,P0028,2,0.0
O003836,P0014,3,0.05
O003836,P0015,1,0.0
O003836,P0009,4,0.05
O003837,P0009,2,0.05
O003838,P0026,2,0.05
O003838,P0005,1,0.0
O003838,P0016,1,0.1
O003838,P0003,2,0.15
O003839,P0024,4,0.0
O003839,P0006,1,0.1
O003840,P0028,2,0.0
O003841,P0022,1,0.1
O003841,P0001,3,0.05
O003841,P0012,2,0.15
O003842,P0016,1,0.15
O003842,P0014,1,0.1
O003843,P0029,2,0.15
O003843,P0027,1,0.1
O003844,P0015,1,0.0
O003845,P0026,2,0.1
O003845,P0009,3,0.0
O003846,P0023,2,0.05
O003846,P0026,2,0.05
O003847,P0023,1,0.1
O003847,P0024,2,0.05
O003847,P0008,3,0.2
O003847,P0011,1,0.15
O003847,P0020,3,0.15
O003848,P0011,1,0.1
O003849,P0006,2,0.0
O003850,P0008,3,0.05
O003850,P0026,2,0.0
O003851,P0009,1,0.0
O003851,P0018,1,0.1
O003851,P0030,2,0.05
O003851,P0015,4,0.05
O003852,P0022,3,0.05
O003852,P0030,1,0.0
O003853,P0011,1,0.05
O003854,P0027,1,0.05
O003854,P0003,1,0.1
O003855,P0025,2,0.1
O003855,P0024,1,0.2
O003855,P0010,4,0.15
O003855,P0014,4,0.05
O003856,P0030,1,0.15
O003856,P0012,2,0.05
O003856,P0004,2,0.15
O003856,P0003,1,0.0
O003857,P0026,2,0.15
O003857,P0019,1,0.0
O003857,P0005,3,0.0
O003858,P0028,1,0.0
O003858,P0016,2,0.05
O003858,P0011,1,0.05
O003859,P0026,2,0.05
O003860,P0007,1,0.0
O003860,P0011,1,0.1
O003860,P0006,1,0.05
O003860,P0005,1,0.1
O003861,P0008,1,0.05
O003862,P0010,2,0.1
O003862,P0006,4,0.0
O003863,P0001,1,0.1
O003863,P0005,1,0.0
O003863,P0022,1,0.15
O003863,P0014,1,0.1
O003864,P0017,1,0.0
O003865,P0010,1,0.1
O003866,P0013,1,0.1
O003867,P0015,3,0.05
O003867,P0023,1,0.1
O003868,P0025,1,0.15
O003869,P0016,2,0.05
O003870,P0016,1,0.0
O003871,P0015,2,0.0
O003871,P0016,1,0.15
O003872,P0015,1,0.05
O003873,P0023,1,0.05
O003873,P0018,1,0.05
O003873,P0011,1,0.1
O003873,P0006,1,0.2
O003874,P0003,1,0.15
O003875,P0005,2,0.0
O003876,P0026,1,0.05
O003876,P0023,1,0.0
O003876,P0001,2,0.0
O003877,P0018,2,0.05
O003877,P0029,2,0.05
O003877,P0007,1,0.05
O003878,P0001,2,0.1
O003878,P0003,1,0.05
O003879,P0005,1,0.2
O003879,P0027,3,0.0
O003880,P0002,1,0.2
O003880,P0017,1,0.2
O003880,P0009,2,0.05
O003881,P0004,2,0.0
O003881,P0006,1,0.15
O003882,P0026,2,0.0
O003882,P0018,2,0.0
O003882,P0002,4,0.0
O003883,P0019,4,0.0
O003884,P0017,1,0.05
O003884,P0010,1,0.1
O003885,P0012,1,0.2
O003885,P0026,3,0.15
O003885,P0006,2,0.05
O003886,P0030,3,0.0
O003887,P0030,2,0.0
O003888,P0018,1,0.0
O003888,P0002,1,0.0
O003889,P0009,3,0.1
O003890,P0022,2,0.1
O003890,P0027,4,0.0
O003891,P0019,3,0.05
O003892,P0014,1,0.1
O003892,P0019,2,0.15
O003892,P0007,2,0.05
O003893,P0009,2,0.1
O003893,P0025,1,0.0
O003893,P0007,4,0.0
O003894,P0008,1,0.1
O003894,P0022,3,0.0
O003894,P0012,2,0.0
O003895,P0006,2,0.05
O003895,P0016,1,0.15
O003895,P0018,2,0.0
O003896,P0010,1,0.0
O003897,P0027,1,0.0
O003897,P0009,3,0.0
O003898,P0007,1,0.1
O003898,P0013,2,0.0
O003898,P0021,3,0.2
O003899,P0006,1,0.1
O003899,P0028,1,0.1
O003900,P0013,1,0.0
O003900,P0014,1,0.05
O003900,P0021,2,0.1
O003900,P0015,2,0.0
O003901,P0010,3,0.05
O003901,P0007,1,0.05
O003901,P0021,1,0.1
O003901,P0024,3,0.05
O003901,P0006,1,0.0
O003902,P0030,1,0.1
O003902,P0024,2,0.0
O003902,P0029,1,0.05
O003903,P0022,2,0.0
O003904,P0006,1,0.05
O003904,P0011,1,0.2
O003904,P0025,1,0.05
O003904,P0017,1,0.0
O003905,P0012,3,0.05
O003905,P0010,4,0.0
O003906,P0012,1,0.15
O003907,P0023,1,0.05
O003907,P0024,3,0.2
O003908,P0023,1,0.1
O003908,P0016,1,0.15
O003909,P0013,4,0.05
O003909,P0001,2,0.05
O003909,P0004,1,0.15
O003910,P0020,1,0.05
O003910,P0027,2,0.0
O003910,P0015,1,0.05
O003911,P0006,2,0.05
O003912,P0028,4,0.15
O003912,P0014,1,0.1
O003913,P0020,1,0.2
O003913,P0003,1,0.05
O003913,P0005,1,0.0
O003914,P0003,1,0.05
O003914,P0028,1,0.05
O003915,P0019,1,0.0
O003915,P0029,2,0.05
O003916,P0020,1,0.05
O003916,P0004,4,0.05
O003917,P0016,1,0.15
O003918,P0001,3,0.15
O003918,P0012,1,0.1
O003918,P0004,1,0.0
O003919,P0023,1,0.0
O003919,P0011,3,0.05
O003919,P0030,1,0.05
O003920,P0022,1,0.05
O003920,P0009,1,0.05
O003921,P0029,1,0.0
O003922,P0011,3,0.0
O003922,P0030,2,0.05
O003922,P0015,2,0.05
O003923,P0015,1,0.15
O003923,P0002,1,0.0
O003924,P0028,1,0.0
O003925,P0027,1,0.05
O003925,P0010,2,0.0
O003925,P0019,1,0.0
O003926,P0009,1,0.05
O003926,P0023,1,0.05
O003926,P0008,2,0.05
O003927,P0012,2,0.05
O003928,P0003,1,0.15
O003929,P0019,1,0.15
O003929,P0004,1,0.05
O003929,P0007,1,0.0
O003929,P0009,1,0.0
O003930,P0012,1,0.0
O003931,P0012,3,0.0
O003932,P0027,1,0.15
O003933,P0016,1,0.05
O003934,P0002,1,0.05
O003934,P0014,2,0.0
O003935,P0019,1,0.2
O003935,P0022,1,0.05
O003936,P0001,1,0.05
O003936,P0024,1,0.1
O003937,P0010,1,0.1
O003937,P0020,2,0.0
O003938,P0015,3,0.0
O003938,P0013,1,0.1
O003938,P0026,1,0.0
O003939,P0005,1,0.0
O003940,P0006,1,0.05
O003940,P0001,2,0.1
O003941,P0023,1,0.05
O003941,P0007,2,0.1
O003941,P0009,3,0.0
O003942,P0002,3,0.0
O003942,P0024,1,0.0
O003942,P0015,2,0.05
O003943,P0013,1,0.05
O003944,P0029,1,0.0
O003944,P0026,2,0.15
O003944,P0012,1,0.0
O003944,P0019,2,0.0
O003945,P0015,3,0.0
O003946,P0029,3,0.05
O003947,P0030,1,0.0
O003947,P0026,2,0.05
O003947,P0014,3,0.05
O003947,P0017,2,0.1
O003947,P0023,1,0.05
O003948,P0022,4,0.05
O003948,P0023,3,0.0
O003948,P0027,2,0.05
O003949,P0023,1,0.05
O003949,P0017,1,0.0
O003950,P0001,2,0.15
O003950,P0017,4,0.1
O003951,P0003,1,0.0
O003952,P0005,3,0.1
O003952,P0025,4,0.1
O003952,P0028,2,0.0
O003952,P0017,1,0.0
O003953,P0023,1,0.05
O003953,P0006,1,0.05
O003954,P0002,2,0.05
O003954,P0023,1,0.05
O003954,P0025,1,0.05
O003955,P0002,2,0.1
O003955,P0027,2,0.1
O003956,P0018,2,0.0
O003956,P0029,1,0.1
O003956,P0016,2,0.1
O003956,P0004,2,0.05
O003956,P0020,2,0.0
O003957,P0013,2,0.05
O003958,P0012,2,0.15
O003959,P0011,2,0.05
O003960,P0019,2,0.1
O003960,P0011,1,0.15
O003961,P0030,2,0.1
O003961,P0003,1,0.2
O003962,P0030,1,0.0
O003963,P0019,4,0.05
O003964,P0028,3,0.0
O003965,P0009,1,0.05
O003965,P0012,1,0.1
O003966,P0017,3,0.05
O003966,P0013,1,0.0
O003967,P0015,3,0.1
O003968,P0006,4,0.0
O003969,P0001,1,0.05
O003969,P0022,1,0.0
O003969,P0030,2,0.15
O003970,P0006,1,0.0
O003971,P0006,1,0.0
O003972,P0026,1,0.05
O003973,P0027,1,0.1
O003973,P0025,1,0.1
O003974,P0029,1,0.05
O003974,P0013,1,0.0
O003975,P0017,1,0.15
O003975,P0022,1,0.05
O003976,P0014,2,0.0
O003977,P0018,1,0.05
O003977,P0030,1,0.0
O003977,P0002,1,0.0
O003977,P0017,2,0.15
O003978,P0002,2,0.0
O003979,P0023,1,0.05
O003980,P0004,1,0.0
O003980,P0005,2,0.1
O003981,P0027,2,0.05
O003981,P0015,2,0.05
O003982,P0029,2,0.0
O003982,P0025,1,0.15
O003982,P0003,2,0.0
O003983,P0008,2,0.1
O003983,P0021,1,0.0
O003984,P0028,2,0.05
O003984,P0018,1,0.0
O003985,P0028,1,0.05
O003986,P0028,1,0.05
O003986,P0017,1,0.05
O003986,P0001,2,0.05
O003986,P0026,1,0.0
O003987,P0025,4,0.05
O003987,P0011,1,0.0
O003988,P0010,1,0.05
O003989,P0016,2,0.15
O003990,P0012,3,0.05
O003990,P0022,1,0.05
O003991,P0015,1,0.15
O003991,P0027,2,0.0
O003991,P0002,1,0.05
O003992,P0028,3,0.1
O003993,P0016,1,0.1
O003993,P0004,1,0.0
O003993,P0014,1,0.0
O003993,P0006,4,0.1
O003994,P0030,1,0.05
O003994,P0006,2,0.05
O003994,P0009,1,0.1
O003994,P0016,2,0.15
O003995,P0012,1,0.1
O003996,P0014,2,0.05
O003996,P0016,2,0.15
O003996,P0004,2,0.0
O003997,P0001,2,0.0
O003998,P0011,3,0.0
O003998,P0014,1,0.1
O003998,P0002,1,0.0
O003999,P0010,2,0.0
O003999,P0014,3,0.1
O004000,P0001,3,0.05
O004000,P0005,1,0.0
O004000,P0022,2,0.0
O004000,P0008,1,0.2
O004001,P0009,1,0.15
O004002,P0002,2,0.05
O004002,P0006,1,0.0
O004002,P0028,1,0.0
O004002,P0017,1,0.0
O004003,P0019,1,0.05
O004003,P0020,1,0.1
O004003,P0014,1,0.05
O004004,P0015,1,0.05
O004004,P0002,2,0.05
O004004,P0019,1,0.05
O004004,P0007,3,0.1
O004005,P0004,1,0.2
O004006,P0017,2,0.0
O004007,P0017,2,0.05
O004007,P0003,4,0.1
O004008,P0014,2,0.15
O004008,P0015,3,0.0
O004008,P0005,1,0.05
O004009,P0015,1,0.0
O004009,P0028,1,0.1
O004009,P0013,2,0.15
O004010,P0008,1,0.15
O004011,P0011,1,0.0
O004012,P0024,1,0.1
O004012,P0020,1,0.05
O004013,P0020,1,0.05
O004013,P0013,2,0.15
O004013,P0026,2,0.05
O004013,P0028,1,0.0
O004014,P0013,1,0.0
O004014,P0024,1,0.0
O004015,P0026,2,0.1
O004016,P0025,2,0.05
O004017,P0026,3,0.1
O004018,P0020,2,0.0
O004018,P0018,3,0.2
O004019,P0028,1,0.2
O004019,P0020,1,0.05
O004019,P0008,3,0.1
O004019,P0021,1,0.2
O004019,P0018,1,0.0
O004020,P0006,3,0.15
O004020,P0005,1,0.1
O004020,P0023,1,0.1
O004020,P0021,3,0.0
O004021,P0007,3,0.05
O004021,P0004,1,0.15
O004022,P0015,2,0.05
O004022,P0024,2,0.15
O004023,P0030,1,0.0
O004023,P0004,1,0.2
O004023,P0016,1,0.0
O004023,P0022,1,0.0
O004023,P0012,2,0.05
O004024,P0001,2,0.1
O004025,P0019,2,0.2
O004025,P0025,3,0.05
O004026,P0027,1,0.05
O004026,P0012,1,0.0
O004027,P0021,3,0.15
O004027,P0004,1,0.1
O004028,P0028,2,0.2
O004028,P0020,1,0.0
O004029,P0012,2,0.2
O004029,P0002,3,0.05
O004029,P0026,3,0.0
O004030,P0010,1,0.0
O004030,P0021,1,0.0
O004030,P0002,2,0.1
O004031,P0003,1,0.05
O004032,P0015,4,0.05
O004032,P0017,2,0.0
O004033,P0021,1,0.15
O004033,P0008,1,0.05
O004034,P0030,1,0.1
O004034,P0001,1,0.15
O004034,P0027,2,0.1
O004035,P0016,1,0.1
O004036,P0008,1,0.0
O004037,P0018,4,0.15
O004037,P0006,1,0.0
O004037,P0016,3,0.0
O004038,P0011,1,0.05
O004038,P0021,1,0.1
O004039,P0025,1,0.15
O004039,P0010,4,0.0
O004040,P0004,1,0.1
O004040,P0003,1,0.05
O004040,P0006,2,0.0
O004041,P0022,1,0.0
O004041,P0024,3,0.0
O004042,P0029,1,0.05
O004042,P0001,2,0.2
O004042,P0014,1,0.05
O004043,P0010,1,0.1
O004044,P0017,4,0.1
O004044,P0018,1,0.2
O004044,P0028,1,0.05
O004045,P0006,4,0.05
O004045,P0029,1,0.05
O004046,P0022,1,0.05
O004047,P0016,2,0.15
O004047,P0007,3,0.05
O004048,P0028,1,0.15
O004049,P0010,1,0.1
O004049,P0022,1,0.1
O004049,P0019,2,0.0
O004050,P0020,1,0.0
O004050,P0001,2,0.0
O004050,P0010,1,0.1
O004050,P0012,1,0.05
O004050,P0005,1,0.05
O004051,P0004,1,0.15
O004051,P0007,1,0.1
O004051,P0023,2,0.0
O004051,P0018,3,0.0
O004052,P0012,3,0.1
O004053,P0008,1,0.0
O004053,P0007,1,0.2
O004053,P0021,1,0.05
O004054,P0029,2,0.0
O004055,P0005,1,0.0
O004056,P0002,1,0.15
O004057,P0010,3,0.0
O004057,P0004,1,0.05
O004058,P0002,2,0.1
O004058,P0024,3,0.05
O004058,P0009,4,0.15
O004059,P0016,1,0.1
O004060,P0007,3,0.0
O004060,P0010,4,0.0
O004060,P0025,1,0.05
O004061,P0027,1,0.0
O004061,P0015,3,0.05
O004061,P0028,3,0.15
O004062,P0002,1,0.05
O004062,P0008,1,0.1
O004063,P0019,1,0.0
O004064,P0022,2,0.0
O004065,P0029,1,0.05
O004065,P0006,3,0.05
O004065,P0022,1,0.05
O004065,P0011,2,0.05
O004066,P0016,1,0.2
O004066,P0015,2,0.15
O004066,P0004,2,0.0
O004066,P0009,1,0.15
O004067,P0018,3,0.05
O004067,P0007,3,0.0
O004067,P0028,1,0.05
O004068,P0005,2,0.1
O004069,P0023,1,0.15
O004069,P0021,1,0.0
O004069,P0020,1,0.05
O004070,P0010,2,0.1
O004070,P0027,2,0.0
O004071,P0012,2,0.0
O004071,P0009,4,0.1
O004072,P0026,2,0.0
O004072,P0021,1,0.0
O004072,P0009,2,0.05
O004073,P0004,2,0.1
O004073,P0010,1,0.0
O004074,P0012,2,0.15
O004075,P0009,1,0.0
O004075,P0024,1,0.1
O004075,P0030,1,0.05
O004075,P0006,1,0.0
O004076,P0005,1,0.05
O004076,P0013,3,0.0
O004076,P0007,2,0.1
O004076,P0001,3,0.1
O004077,P0009,3,0.05
O004077,P0019,1,0.05
O004078,P0014,2,0.0
O004079,P0007,1,0.05
O004080,P0011,1,0.05
O004081,P0004,3,0.05
O004081,P0001,1,0.1
O004081,P0007,1,0.05
O004082,P0015,1,0.0
O004082,P0020,1,0.1
O004082,P0024,1,0.0
O004082,P0030,1,0.05
O004082,P0021,2,0.15
O004083,P0021,1,0.05
O004084,P0011,1,0.0
O004085,P0015,1,0.0
O004085,P0025,4,0.1
O004085,P0005,4,0.0
O004086,P0030,2,0.0
O004086,P0010,2,0.05
O004086,P0024,2,0.1
O004086,P0018,1,0.05
O004087,P0021,1,0.05
O004087,P0010,1,0.0
O004087,P0002,1,0.05
O004088,P0007,2,0.0
O004089,P0005,1,0.1
O004089,P0016,1,0.0
O004089,P0019,1,0.05
O004089,P0011,2,0.0
O004090,P0028,1,0.1
O004091,P0004,1,0.1
O004092,P0017,1,0.05
O004093,P0027,3,0.05
O004093,P0007,3,0.1
O004093,P0018,2,0.0
O004093,P0010,2,0.1
O004094,P0030,1,0.15
O004094,P0003,4,0.0
O004095,P0023,1,0.15
O004095,P0024,2,0.0
O004095,P0015,2,0.05
O004095,P0004,2,0.1
O004095,P0030,1,0.0
O004096,P0030,3,0.0
O004096,P0029,2,0.05
O004096,P0015,2,0.1
O004096,P0017,1,0.0
O004097,P0001,1,0.0
O004097,P0029,1,0.0
O004097,P0021,1,0.0
O004098,P0021,1,0.0
O004098,P0013,3,0.15
O004098,P0018,1,0.0
O004099,P0005,1,0.15
O004099,P0016,3,0.05
O004099,P0007,1,0.0
O004099,P0026,1,0.1
O004100,P0002,4,0.0
O004101,P0007,4,0.1
O004101,P0027,4,0.05
O004102,P0022,1,0.0
O004102,P0018,1,0.1
O004102,P0027,3,0.0
O004102,P0010,1,0.1
O004102,P0003,1,0.05
O004103,P0024,1,0.1
O004103,P0011,1,0.0
O004103,P0009,2,0.0
O004104,P0013,4,0.0
O004105,P0011,2,0.1
O004105,P0022,1,0.0
O004106,P0010,1,0.15
O004106,P0030,1,0.05
O004106,P0020,1,0.05
O004106,P0011,2,0.05
O004106,P0008,3,0.15
O004107,P0021,1,0.0
O004108,P0015,1,0.05
O004108,P0009,1,0.05
O004108,P0014,1,0.15
O004109,P0015,3,0.05
O004109,P0027,2,0.0
O004109,P0006,3,0.05
O004109,P0016,3,0.05
O004110,P0016,1,0.15
O004110,P0010,2,0.05
O004111,P0011,1,0.0
O004111,P0010,2,0.1
O004111,P0029,1,0.2
O004111,P0006,1,0.05
O004111,P0025,2,0.2
O004112,P0029,2,0.0
O004112,P0009,1,0.2
O004112,P0003,1,0.2
O004112,P0018,2,0.05
O004113,P0021,1,0.0
O004113,P0029,1,0.2
O004113,P0011,1,0.0
O004113,P0002,3,0.05
O004113,P0008,2,0.0
O004114,P0013,1,0.1
O004114,P0024,2,0.1
O004114,P0017,2,0.05
O004115,P0012,1,0.0
O004116,P0014,2,0.0
O004117,P0007,2,0.0
O004117,P0009,1,0.0
O004117,P0021,1,0.2
O004118,P0006,1,0.05
O004119,P0015,2,0.0
O004119,P0006,4,0.1
O004120,P0009,4,0.05
O004121,P0017,1,0.0
O004122,P0026,1,0.0
O004122,P0014,4,0.0
O004123,P0007,1,0.05
O004123,P0017,1,0.05
O004123,P0008,2,0.0
O004124,P0012,3,0.15
O004124,P0014,2,0.0
O004125,P0023,1,0.1
O004125,P0026,2,0.05
O004125,P0020,1,0.1
O004125,P0025,2,0.05
O004126,P0012,1,0.05
O004127,P0019,1,0.0
O004127,P0008,1,0.05
O004128,P0026,1,0.15
O004128,P0019,1,0.1
O004128,P0018,1,0.1
O004128,P0009,1,0.05
O004129,P0020,3,0.05
O004129,P0023,1,0.1
O004129,P0025,2,0.1
O004130,P0001,4,0.0
O004130,P0026,3,0.15
O004130,P0014,1,0.05
O004131,P0017,2,0.05
O004132,P0014,4,0.05
O004133,P0002,1,0.0
O004133,P0027,4,0.1
O004133,P0020,1,0.1
O004134,P0001,1,0.0
O004134,P0018,1,0.0
O004134,P0028,1,0.0
O004134,P0017,1,0.0
O004135,P0002,1,0.05
O004136,P0022,2,0.05
O004136,P0007,1,0.05
O004137,P0025,1,0.0
O004137,P0021,1,0.1
O004138,P0008,1,0.15
O004138,P0009,1,0.1
O004138,P0015,1,0.15
O004138,P0002,1,0.0
O004139,P0004,2,0.1
O004139,P0016,2,0.1
O004139,P0028,1,0.0
O004140,P0005,1,0.1
O004140,P0028,1,0.0
O004141,P0030,4,0.2
O004142,P0008,1,0.05
O004142,P0030,1,0.1
O004143,P0013,1,0.2
O004144,P0019,3,0.05
O004144,P0016,1,0.1
O004144,P0003,2,0.1
O004144,P0028,1,0.1
O004145,P0025,1,0.0
O004146,P0015,4,0.1
O004146,P0023,2,0.0
O004146,P0010,3,0.05
O004146,P0025,1,0.1
O004147,P0004,1,0.05
O004148,P0017,3,0.0
O004149,P0024,1,0.05
O004149,P0015,1,0.05
O004150,P0022,1,0.05
O004151,P0021,4,0.05
O004152,P0025,1,0.1
O004153,P0002,1,0.0
O004153,P0023,4,0.05
O004154,P0010,1,0.15
O004154,P0013,2,0.1
O004155,P0003,1,0.0
O004156,P0029,2,0.0
O004157,P0025,1,0.0
O004158,P0010,2,0.0
O004159,P0027,2,0.0
O004159,P0017,1,0.05
O004159,P0009,1,0.05
O004160,P0012,1,0.05
O004160,P0003,1,0.1
O004161,P0013,1,0.0
O004162,P0018,3,0.05
O004163,P0017,1,0.0
O004164,P0026,1,0.05
O004164,P0021,2,0.0
O004165,P0001,1,0.05
O004165,P0003,3,0.1
O004166,P0030,1,0.1
O004167,P0022,1,0.1
O004167,P0014,1,0.2
O004168,P0025,2,0.2
O004169,P0011,1,0.15
O004169,P0006,1,0.0
O004170,P0017,3,0.1
O004171,P0016,2,0.0
O004171,P0018,4,0.1
O004172,P0002,3,0.05
O004172,P0028,3,0.15
O004172,P0006,1,0.0
O004173,P0026,1,0.05
O004173,P0005,1,0.15
O004174,P0030,2,0.15
O004174,P0004,1,0.05
O004175,P0006,1,0.0
O004175,P0008,1,0.1
O004175,P0005,1,0.0
O004176,P0028,1,0.0
O004176,P0001,1,0.05
O004176,P0019,2,0.0
O004176,P0005,2,0.05
O004177,P0018,1,0.05
O004177,P0005,1,0.05
O004178,P0009,3,0.1
O004178,P0025,1,0.0
O004179,P0028,3,0.2
O004179,P0022,1,0.0
O004180,P0002,1,0.1
O004180,P0025,1,0.05
O004180,P0028,1,0.2
O004181,P0009,4,0.0
O004181,P0001,3,0.1
O004181,P0024,2,0.2
O004182,P0023,2,0.1
O004183,P0029,1,0.15
O004183,P0027,1,0.0
O004183,P0018,1,0.1
O004183,P0002,4,0.05
O004184,P0030,1,0.2
O004184,P0016,1,0.0
O004184,P0026,1,0.0
O004185,P0008,1,0.0
O004185,P0001,4,0.0
O004185,P0024,1,0.0
O004185,P0003,1,0.05
O004186,P0009,2,0.2
O004187,P0003,1,0.0
O004188,P0009,3,0.2
O004188,P0001,2,0.05
O004189,P0006,2,0.1
O004189,P0015,1,0.15
O004189,P0013,2,0.2
O004190,P0022,3,0.1
O004191,P0030,1,0.0
O004191,P0023,1,0.05
O004192,P0011,2,0.1
O004192,P0028,1,0.0
O004192,P0026,2,0.05
O004192,P0018,3,0.15
O004193,P0030,2,0.0
O004193,P0013,2,0.1
O004194,P0012,3,0.05
O004194,P0013,2,0.15
O004195,P0003,1,0.05
O004196,P0012,1,0.0
O004196,P0023,4,0.1
O004196,P0002,2,0.15
O004197,P0014,1,0.0
O004197,P0019,1,0.0
O004198,P0012,2,0.2
O004198,P0025,3,0.05
O004198,P0009,1,0.05
O004199,P0018,1,0.05
O004200,P0019,3,0.05
O004200,P0003,1,0.05
O004200,P0005,1,0.0
O004200,P0002,1,0.0
O004201,P0004,1,0.15
O004201,P0028,2,0.1
O004202,P0005,1,0.0
O004203,P0014,1,0.0
O004204,P0001,2,0.15
O004205,P0017,1,0.0
O004205,P0018,1,0.05
O004206,P0010,1,0.0
O004206,P0014,1,0.0
O004206,P0005,1,0.1
O004206,P0015,2,0.0
O004207,P0019,1,0.2
O004208,P0024,1,0.05
O004208,P0019,1,0.0
O004209,P0004,2,0.15
O004210,P0015,1,0.05
O004210,P0023,1,0.0
O004210,P0027,1,0.15
O004211,P0018,3,0.0
O004211,P0004,1,0.1
O004212,P0027,1,0.0
O004213,P0008,1,0.1
O004214,P0012,1,0.1
O004215,P0018,3,0.05
O004215,P0015,3,0.05
O004215,P0022,1,0.05
O004215,P0001,3,0.1
O004216,P0025,1,0.1
O004216,P0014,1,0.15
O004216,P0006,3,0.1
O004216,P0020,1,0.2
O004216,P0004,1,0.05
O004217,P0025,2,0.05
O004217,P0020,1,0.15
O004217,P0008,1,0.1
O004217,P0003,4,0.15
O004218,P0025,2,0.15
O004218,P0019,2,0.1
O004219,P0017,1,0.0
O004219,P0006,3,0.15
O004219,P0008,2,0.2
O004220,P0003,1,0.2
O004220,P0013,4,0.0
O004221,P0003,1,0.0
O004221,P0009,2,0.0
O004221,P0027,2,0.05
O004222,P0022,1,0.0
O004222,P0008,1,0.15
O004222,P0027,2,0.05
O004222,P0024,2,0.0
O004222,P0007,1,0.15
O004223,P0028,2,0.0
O004224,P0025,1,0.0
O004224,P0026,3,0.05
O004225,P0030,3,0.0
O004226,P0017,4,0.15
O004226,P0023,1,0.05
O004227,P0021,1,0.0
O004227,P0012,1,0.05
O004228,P0028,1,0.0
O004228,P0019,1,0.1
O004229,P0002,3,0.0
O004229,P0006,1,0.0
O004229,P0007,1,0.1
O004230,P0002,2,0.0
O004230,P0011,1,0.0
O004230,P0007,3,0.1
O004231,P0004,1,0.1
O004232,P0009,3,0.0
O004232,P0028,1,0.15
O004232,P0003,4,0.1
O004232,P0019,1,0.0
O004232,P0006,2,0.15
O004233,P0024,1,0.05
O004234,P0001,1,0.0
O004234,P0011,1,0.05
O004234,P0029,1,0.15
O004234,P0018,2,0.0
O004235,P0026,1,0.0
O004235,P0003,2,0.05
O004235,P0013,1,0.1
O004235,P0008,3,0.0
O004235,P0002,1,0.1
O004236,P0013,2,0.05
O004236,P0005,3,0.05
O004237,P0011,1,0.1
O004238,P0028,4,0.1
O004238,P0007,2,0.1
O004238,P0017,1,0.05
O004238,P0010,2,0.05
O004239,P0023,1,0.1
O004240,P0015,1,0.05
O004240,P0014,1,0.2
O004241,P0018,2,0.0
O004242,P0021,1,0.1
O004242,P0010,1,0.1
O004243,P0026,1,0.0
O004243,P0022,1,0.1
O004243,P0012,1,0.1
O004244,P0025,1,0.05
O004245,P0014,1,0.1
O004246,P0010,1,0.2
O004246,P0008,1,0.05
O004247,P0004,1,0.15
O004248,P0030,4,0.05
O004248,P0014,1,0.05
O004249,P0013,1,0.0
O004249,P0003,2,0.1
O004249,P0023,3,0.1
O004250,P0012,4,0.0
O004250,P0018,2,0.0
O004251,P0012,1,0.1
O004251,P0006,3,0.15
O004252,P0005,3,0.05
O004253,P0013,1,0.1
O004254,P0020,1,0.0
O004255,P0014,1,0.05
O004255,P0027,2,0.2
O004256,P0027,1,0.0
O004257,P0016,1,0.1
O004257,P0026,1,0.05
O004257,P0007,1,0.05
O004257,P0004,3,0.1
O004258,P0007,3,0.0
O004259,P0011,1,0.0
O004259,P0003,1,0.0
O004259,P0015,4,0.1
O004260,P0027,1,0.0
O004260,P0010,2,0.15
O004260,P0026,1,0.1
O004261,P0011,2,0.1
O004261,P0028,1,0.05
O004262,P0025,1,0.05
O004263,P0013,3,0.0
O004264,P0014,1,0.1
O004264,P0010,1,0.0
O004265,P0016,1,0.0
O004265,P0024,1,0.05
O004265,P0026,4,0.0
O004266,P0017,1,0.1
O004266,P0022,1,0.05
O004267,P0013,1,0.0
O004268,P0013,1,0.0
O004268,P0030,1,0.05
O004268,P0010,1,0.2
O004268,P0023,1,0.05
O004269,P0020,1,0.0
O004269,P0026,3,0.1
O004269,P0021,1,0.0
O004270,P0008,1,0.05
O004271,P0022,1,0.0
O004271,P0020,1,0.0
O004271,P0013,1,0.1
O004272,P0018,3,0.0
O004272,P0030,1,0.05
O004273,P0025,3,0.1
O004273,P0017,2,0.05
O004273,P0028,1,0.05
O004274,P0006,1,0.05
O004274,P0028,1,0.0
O004274,P0022,1,0.05
O004275,P0021,3,0.0
O004276,P0028,1,0.0
O004276,P0008,1,0.05
O004276,P0027,2,0.0
O004277,P0006,1,0.05
O004277,P0001,2,0.05
O004278,P0005,2,0.15
O004278,P0026,1,0.05
O004278,P0025,1,0.05
O004279,P0017,2,0.0
O004280,P0010,3,0.0
O004280,P0013,2,0.05
O004280,P0027,1,0.1
O004280,P0025,2,0.1
O004281,P0001,1,0.1
O004281,P0015,1,0.05
O004281,P0012,3,0.1
O004282,P0017,1,0.05
O004282,P0025,1,0.1
O004282,P0022,3,0.05
O004282,P0018,1,0.1
O004282,P0012,1,0.05
O004283,P0002,1,0.1
O004283,P0015,1,0.05
O004283,P0023,1,0.2
O004284,P0027,4,0.15
O004284,P0005,1,0.0
O004284,P0019,2,0.0
O004284,P0028,2,0.0
O004284,P0001,3,0.1
O004285,P0001,1,0.15
O004285,P0030,2,0.0
O004285,P0029,1,0.05
O004285,P0017,1,0.05
O004285,P0011,2,0.05
O004286,P0006,2,0.15
O004287,P0017,1,0.1
O004287,P0011,2,0.15
O004287,P0026,1,0.1
O004288,P0015,3,0.05
O004289,P0028,2,0.2
O004289,P0003,2,0.05
O004289,P0004,2,0.0
O004290,P0025,1,0.1
O004290,P0030,1,0.05
O004290,P0023,1,0.15
O004291,P0029,2,0.0
O004292,P0026,2,0.1
O004292,P0029,3,0.05
O004293,P0024,2,0.0
O004294,P0019,1,0.0
O004294,P0015,2,0.05
O004294,P0027,1,0.0
O004295,P0008,1,0.0
O004296,P0017,1,0.2
O004296,P0007,1,0.1
O004297,P0017,1,0.05
O004298,P0029,3,0.05
O004298,P0021,1,0.0
O004299,P0001,1,0.1
O004300,P0006,2,0.05
O004301,P0025,2,0.0
O004301,P0009,2,0.05
O004302,P0022,2,0.1
O004302,P0023,1,0.0
O004303,P0028,3,0.0
O004303,P0020,1,0.05
O004303,P0025,2,0.0
O004304,P0028,1,0.0
O004304,P0019,1,0.05
O004304,P0030,2,0.05
O004304,P0003,2,0.05
O004304,P0021,1,0.05
O004305,P0001,3,0.1
O004305,P0023,2,0.15
O004306,P0026,1,0.0
O004306,P0022,2,0.1
O004307,P0023,1,0.1
O004307,P0005,2,0.0
O004308,P0030,2,0.1
O004308,P0001,1,0.05
O004309,P0020,2,0.1
O004310,P0011,2,0.0
O004310,P0012,1,0.0
O004310,P0014,2,0.05
O004311,P0001,2,0.05
O004311,P0030,1,0.05
O004312,P0021,3,0.0
O004312,P0004,2,0.05
O004313,P0008,2,0.1
O004313,P0004,4,0.2
O004314,P0006,4,0.0
O004315,P0024,2,0.0
O004316,P0007,1,0.1
O004316,P0011,2,0.15
O004317,P0007,2,0.1
O004318,P0003,2,0.1
O004318,P0019,1,0.1
O004319,P0027,1,0.1
O004319,P0009,1,0.05
O004319,P0003,3,0.0
O004319,P0001,3,0.0
O004320,P0022,1,0.0
O004320,P0002,1,0.15
O004320,P0030,4,0.0
O004321,P0004,2,0.1
O004321,P0021,3,0.05
O004321,P0030,2,0.1
O004321,P0006,2,0.0
O004322,P0027,1,0.1
O004323,P0015,1,0.05
O004323,P0021,3,0.0
O004323,P0003,1,0.05
O004324,P0025,2,0.0
O004325,P0007,1,0.2
O004325,P0029,2,0.2
O004326,P0030,2,0.0
O004326,P0008,2,0.15
O004326,P0001,2,0.1
O004327,P0005,3,0.0
O004327,P0017,2,0.05
O004328,P0007,1,0.05
O004329,P0007,1,0.0
O004330,P0025,1,0.05
O004330,P0016,1,0.1
O004330,P0002,1,0.05
O004330,P0026,3,0.05
O004330,P0013,2,0.1
O004331,P0004,1,0.0
O004331,P0027,1,0.0
O004331,P0029,1,0.2
O004332,P0015,2,0.05
O004332,P0030,1,0.05
O004333,P0003,2,0.05
O004333,P0008,1,0.2
O004333,P0022,1,0.0
O004333,P0010,1,0.05
O004334,P0015,2,0.15
O004335,P0006,1,0.0
O004336,P0008,1,0.1
O004336,P0016,3,0.0
O004336,P0018,3,0.0
O004336,P0017,1,0.15
O004336,P0023,1,0.05
O004337,P0030,3,0.05
O004338,P0011,2,0.0
O004338,P0004,3,0.05
O004339,P0028,1,0.05
O004339,P0013,3,0.0
O004340,P0007,2,0.05
O004341,P0017,1,0.05
O004341,P0006,1,0.05
O004341,P0012,2,0.05
O004342,P0006,2,0.15
O004342,P0023,1,0.15
O004343,P0020,1,0.05
O004343,P0006,2,0.05
O004343,P0025,2,0.05
O004344,P0027,1,0.05
O004345,P0014,1,0.2
O004345,P0023,3,0.0
O004346,P0025,2,0.05
O004346,P0004,3,0.0
O004346,P0009,2,0.05
O004346,P0018,1,0.0
O004347,P0026,2,0.0
O004347,P0012,3,0.05
O004347,P0016,2,0.05
O004347,P0025,1,0.0
O004348,P0003,3,0.0
O004349,P0011,2,0.0
O004350,P0028,2,0.1
O004350,P0025,1,0.05
O004350,P0026,2,0.05
O004351,P0004,2,0.05
O004352,P0022,1,0.1
O004353,P0026,1,0.05
O004353,P0019,1,0.05
O004354,P0019,1,0.05
O004354,P0006,1,0.0
O004355,P0028,4,0.1
O004355,P0019,4,0.05
O004355,P0015,2,0.05
O004355,P0026,3,0.05
O004356,P0005,4,0.0
O004356,P0019,1,0.15
O004356,P0030,1,0.2
O004356,P0020,1,0.15
O004356,P0027,1,0.05
O004357,P0006,2,0.1
O004357,P0027,1,0.2
O004357,P0021,1,0.15
O004358,P0015,1,0.2
O004359,P0022,1,0.05
O004359,P0029,1,0.1
O004359,P0011,4,0.0
O004360,P0020,1,0.0
O004361,P0006,1,0.05
O004361,P0002,2,0.05
O004362,P0022,2,0.05
O004362,P0028,1,0.2
O004363,P0001,1,0.0
O004364,P0022,1,0.15
O004365,P0016,3,0.2
O004365,P0023,1,0.1
O004365,P0027,2,0.05
O004365,P0022,1,0.05
O004366,P0011,2,0.05
O004367,P0023,1,0.0
O004368,P0021,1,0.15
O004369,P0017,2,0.05
O004369,P0015,4,0.0
O004369,P0023,1,0.15
O004370,P0017,1,0.0
O004370,P0013,2,0.05
O004370,P0014,1,0.05
O004370,P0006,3,0.1
O004371,P0006,1,0.0
O004372,P0021,2,0.05
O004372,P0016,2,0.05
O004373,P0012,3,0.05
O004373,P0011,1,0.1
O004374,P0016,3,0.1
O004375,P0002,3,0.05
O004376,P0001,1,0.1
O004376,P0025,2,0.15
O004376,P0017,2,0.0
O004377,P0016,1,0.05
O004377,P0009,1,0.0
O004378,P0016,2,0.05
O004379,P0020,4,0.05
O004379,P0022,1,0.0
O004379,P0005,1,0.0
O004379,P0011,3,0.1
O004379,P0014,4,0.0
O004380,P0024,3,0.05
O004380,P0021,3,0.1
O004380,P0012,3,0.05
O004380,P0010,2,0.05
O004381,P0017,2,0.05
O004381,P0026,1,0.0
O004382,P0004,2,0.1
O004382,P0026,1,0.0
O004383,P0017,2,0.05
O004384,P0007,1,0.05
O004384,P0026,2,0.05
O004385,P0020,3,0.0
O004385,P0028,1,0.0
O004386,P0024,2,0.1
O004386,P0008,1,0.05
O004386,P0002,2,0.0
O004387,P0023,3,0.05
O004387,P0010,3,0.05
O004388,P0009,1,0.05
O004389,P0025,1,0.05
O004390,P0017,1,0.0
O004390,P0001,1,0.1
O004391,P0001,2,0.05
O004391,P0020,2,0.1
O004391,P0010,2,0.05
O004392,P0001,1,0.0
O004392,P0008,1,0.0
O004392,P0023,1,0.05
O004393,P0026,4,0.05
O004394,P0017,1,0.0
O004394,P0010,3,0.05
O004394,P0023,1,0.1
O004395,P0005,4,0.05
O004396,P0011,1,0.0
O004396,P0025,2,0.0
O004397,P0010,1,0.15
O004397,P0020,2,0.05
O004397,P0026,1,0.05
O004398,P0009,2,0.1
O004399,P0011,3,0.1
O004400,P0010,1,0.2
O004400,P0007,1,0.1
O004401,P0025,2,0.0
O004402,P0015,1,0.2
O004403,P0009,1,0.1
O004403,P0013,1,0.0
O004403,P0028,1,0.1
O004403,P0024,1,0.0
O004403,P0014,1,0.05
O004404,P0014,1,0.15
O004405,P0023,1,0.05
O004405,P0006,1,0.05
O004405,P0022,1,0.0
O004405,P0008,1,0.0
O004406,P0007,3,0.0
O004407,P0026,1,0.15
O004407,P0024,1,0.05
O004407,P0014,3,0.1
O004407,P0009,1,0.05
O004408,P0017,1,0.1
O004408,P0007,4,0.0
O004408,P0011,3,0.1
O004409,P0028,1,0.15
O004410,P0013,2,0.1
O004411,P0028,1,0.05
O004411,P0005,1,0.0
O004411,P0019,2,0.2
O004411,P0004,1,0.1
O004412,P0003,1,0.2
O004412,P0009,1,0.0
O004412,P0017,1,0.0
O004412,P0016,1,0.2
O004413,P0012,1,0.0
O004413,P0030,1,0.15
O004414,P0005,1,0.0
O004414,P0003,2,0.0
O004414,P0016,1,0.0
O004415,P0021,1,0.1
O004415,P0006,1,0.05
O004416,P0007,1,0.1
O004417,P0003,1,0.0
O004417,P0005,1,0.0
O004417,P0006,1,0.05
O004417,P0009,2,0.0
O004417,P0007,2,0.0
O004418,P0028,1,0.0
O004418,P0009,1,0.05
O004419,P0009,2,0.0
O004419,P0028,1,0.05
O004419,P0014,4,0.15
O004419,P0016,1,0.1
O004419,P0024,2,0.2
O004420,P0004,1,0.1
O004421,P0018,1,0.0
O004422,P0023,2,0.1
O004423,P0023,4,0.0
O004424,P0003,1,0.05
O004424,P0004,1,0.05
O004424,P0017,3,0.05
O004424,P0018,2,0.1
O004425,P0023,2,0.1
O004425,P0005,1,0.05
O004425,P0016,2,0.05
O004425,P0008,3,0.05
O004425,P0014,2,0.0
O004426,P0012,2,0.05
O004426,P0004,3,0.1
O004426,P0028,1,0.1
O004426,P0021,1,0.05
O004426,P0011,2,0.0
O004427,P0029,2,0.0
O004427,P0014,3,0.15
O004427,P0011,3,0.0
O004428,P0016,1,0.05
O004428,P0017,1,0.0
O004429,P0008,1,0.2
O004429,P0010,1,0.15
O004430,P0012,1,0.05
O004430,P0029,1,0.1
O004431,P0025,1,0.05
O004432,P0009,1,0.0
O004432,P0002,1,0.0
O004432,P0015,1,0.05
O004433,P0029,1,0.15
O004433,P0003,1,0.1
O004434,P0009,1,0.0
O004434,P0003,1,0.05
O004435,P0015,1,0.05
O004436,P0024,1,0.0
O004436,P0012,1,0.0
O004436,P0011,1,0.1
O004437,P0017,2,0.2
O004438,P0004,2,0.05
O004438,P0024,4,0.0
O004439,P0003,1,0.15
O004440,P0009,1,0.0
O004440,P0001,3,0.05
O004441,P0013,3,0.15
O004442,P0023,2,0.05
O004442,P0020,1,0.15
O004442,P0008,3,0.05
O004443,P0027,1,0.05
O004444,P0018,1,0.1
O004444,P0027,1,0.0
O004444,P0001,3,0.1
O004445,P0029,1,0.2
O004445,P0007,3,0.05
O004446,P0012,3,0.1
O004447,P0030,1,0.15
O004447,P0026,2,0.05
O004447,P0012,2,0.0
O004447,P0014,3,0.0
O004447,P0027,1,0.05
O004448,P0027,2,0.15
O004448,P0008,2,0.05
O004449,P0030,1,0.05
O004449,P0006,2,0.2
O004450,P0026,1,0.05
O004450,P0015,3,0.2
O004450,P0014,3,0.0
O004451,P0030,1,0.0
O004451,P0027,2,0.05
O004452,P0024,2,0.05
O004452,P0007,1,0.05
O004453,P0026,1,0.0
O004453,P0027,1,0.1
O004454,P0019,2,0.2
O004454,P0020,1,0.05
O004455,P0024,3,0.0
O004456,P0025,1,0.1
O004456,P0011,1,0.15
O004456,P0012,2,0.05
O004456,P0024,2,0.05
O004457,P0023,2,0.05
O004457,P0005,1,0.0
O004457,P0027,2,0.0
O004458,P0021,2,0.0
O004458,P0027,1,0.0
O004459,P0030,1,0.0
O004460,P0014,1,0.0
O004460,P0027,1,0.2
O004460,P0001,1,0.15
O004461,P0020,1,0.15
O004462,P0004,4,0.15
O004463,P0006,1,0.1
O004463,P0022,2,0.05
O004463,P0013,1,0.0
O004463,P0030,1,0.05
O004464,P0011,3,0.0
O004464,P0020,1,0.0
O004465,P0022,2,0.15
O004465,P0017,1,0.15
O004466,P0022,2,0.15
O004467,P0006,3,0.0
O004468,P0029,1,0.0
O004469,P0018,1,0.15
O004469,P0006,1,0.0
O004469,P0030,2,0.1
O004470,P0007,1,0.0
O004470,P0026,3,0.1
O004470,P0006,2,0.0
O004471,P0021,1,0.15
O004471,P0014,1,0.1
O004472,P0018,1,0.05
O004473,P0001,2,0.05
O004474,P0012,1,0.0
O004474,P0003,2,0.05
O004474,P0004,2,0.1
O004474,P0015,1,0.0
O004475,P0012,2,0.05
O004476,P0027,1,0.0
O004476,P0012,1,0.05
O004477,P0019,1,0.05
O004477,P0010,1,0.2
O004478,P0014,1,0.05
O004478,P0025,1,0.1
O004478,P0015,1,0.0
O004479,P0020,2,0.05
O004479,P0019,2,0.05
O004480,P0007,3,0.2
O004480,P0030,2,0.15
O004481,P0018,1,0.05
O004481,P0002,1,0.0
O004482,P0003,3,0.1
O004483,P0022,1,0.0
O004484,P0006,3,0.1
O004484,P0030,1,0.2
O004484,P0017,2,0.05
O004484,P0022,2,0.0
O004485,P0030,1,0.1
O004486,P0024,1,0.05
O004486,P0012,4,0.15
O004486,P0007,1,0.2
O004486,P0028,1,0.05
O004486,P0023,1,0.05
O004487,P0028,1,0.05
O004488,P0006,1,0.1
O004488,P0001,2,0.05
O004489,P0016,1,0.15
O004489,P0018,2,0.05
O004489,P0007,2,0.05
O004489,P0009,2,0.05
O004489,P0008,1,0.1
O004490,P0008,1,0.0
O004490,P0026,3,0.05
O004491,P0019,3,0.05
O004491,P0006,1,0.15
O004491,P0030,1,0.0
O004492,P0004,1,0.05
O004492,P0013,2,0.0
O004493,P0010,4,0.15
O004494,P0028,1,0.05
O004495,P0001,1,0.0
O004495,P0003,1,0.0
O004495,P0022,1,0.1
O004495,P0013,1,0.05
O004496,P0008,1,0.0
O004496,P0010,4,0.05
O004496,P0021,3,0.15
O004497,P0029,1,0.1
O004497,P0016,2,0.0
O004498,P0026,1,0.0
O004498,P0020,2,0.1
O004499,P0014,3,0.0
O004500,P0021,3,0.0
O004500,P0019,1,0.1
O004501,P0026,1,0.0
O004502,P0027,1,0.0
O004502,P0013,1,0.0
O004503,P0008,1,0.05
O004503,P0019,1,0.0
O004504,P0029,2,0.1
O004504,P0014,2,0.05
O004504,P0012,3,0.0
O004505,P0016,2,0.1
O004505,P0013,1,0.05
O004505,P0008,1,0.0
O004506,P0023,4,0.1
O004506,P0014,1,0.0
O004507,P0023,2,0.0
O004508,P0026,1,0.0
O004508,P0005,1,0.1
O004508,P0017,3,0.1
O004509,P0008,1,0.05
O004509,P0026,1,0.05
O004509,P0005,1,0.2
O004510,P0011,1,0.0
O004511,P0023,2,0.05
O004511,P0015,1,0.1
O004511,P0006,3,0.1
O004511,P0005,2,0.05
O004511,P0012,2,0.05
O004512,P0025,1,0.2
O004512,P0008,3,0.05
O004513,P0028,1,0.15
O004513,P0017,3,0.15
O004513,P0022,2,0.15
O004514,P0028,3,0.05
O004514,P0023,2,0.0
O004515,P0016,1,0.1
O004515,P0006,1,0.1
O004515,P0007,2,0.05
O004516,P0030,2,0.15
O004516,P0008,2,0.0
O004517,P0016,1,0.05
O004518,P0020,2,0.0
O004519,P0013,1,0.2
O004519,P0016,4,0.05
O004520,P0030,1,0.2
O004521,P0026,1,0.05
O004522,P0015,1,0.0
O004522,P0030,3,0.0
O004523,P0028,2,0.15
O004524,P0027,1,0.05
O004524,P0029,2,0.05
O004524,P0005,1,0.0
O004524,P0011,2,0.05
O004525,P0002,2,0.05
O004525,P0008,2,0.0
O004525,P0018,2,0.05
O004526,P0027,1,0.05
O004526,P0025,1,0.05
O004526,P0030,2,0.15
O004526,P0005,1,0.0
O004526,P0014,1,0.0
O004527,P0007,1,0.0
O004528,P0014,1,0.0
O004528,P0011,1,0.05
O004529,P0030,1,0.0
O004530,P0014,2,0.0
O004531,P0001,1,0.0
O004531,P0022,1,0.05
O004531,P0003,2,0.1
O004531,P0030,1,0.1
O004532,P0022,3,0.05
O004532,P0026,1,0.0
O004533,P0002,1,0.15
O004533,P0016,3,0.15
O004533,P0020,4,0.05
O004533,P0007,2,0.1
O004533,P0025,2,0.1
O004534,P0002,1,0.05
O004535,P0023,1,0.0
O004535,P0008,2,0.0
O004536,P0004,1,0.1
O004536,P0012,1,0.1
O004536,P0021,2,0.05
O004536,P0030,1,0.0
O004537,P0004,1,0.0
O004538,P0017,4,0.0
O004539,P0010,1,0.1
O004540,P0007,1,0.0
O004540,P0001,1,0.05
O004541,P0024,1,0.0
O004542,P0026,1,0.0
O004542,P0002,1,0.05
O004542,P0010,2,0.05
O004542,P0018,1,0.0
O004543,P0017,1,0.1
O004543,P0016,1,0.0
O004543,P0008,4,0.15
O004544,P0017,2,0.05
O004545,P0022,2,0.05
O004546,P0011,2,0.05
O004547,P0016,1,0.0
O004547,P0004,1,0.05
O004548,P0030,3,0.15
O004548,P0015,2,0.0
O004548,P0008,1,0.0
O004548,P0003,1,0.05
O004549,P0028,1,0.0
O004549,P0009,1,0.05
O004549,P0027,2,0.0
O004549,P0018,2,0.05
O004550,P0001,2,0.1
O004551,P0001,1,0.0
O004551,P0018,1,0.1
O004551,P0026,1,0.05
O004551,P0002,2,0.05
O004551,P0008,1,0.2
O004552,P0001,4,0.0
O004552,P0020,2,0.0
O004552,P0013,1,0.05
O004553,P0022,3,0.1
O004553,P0021,2,0.05
O004554,P0016,4,0.05
O004555,P0006,2,0.1
O004556,P0013,3,0.0
O004557,P0012,1,0.0
O004557,P0008,2,0.1
O004557,P0022,1,0.0
O004557,P0005,2,0.0
O004558,P0024,2,0.0
O004558,P0009,2,0.1
O004558,P0029,1,0.05
O004559,P0013,2,0.0
O004560,P0023,4,0.05
O004561,P0008,1,0.1
O004561,P0007,1,0.0
O004561,P0023,2,0.0
O004562,P0008,1,0.05
O004562,P0019,1,0.0
O004562,P0001,3,0.1
O004562,P0015,2,0.1
O004563,P0024,1,0.0
O004563,P0025,2,0.15
O004563,P0019,1,0.15
O004564,P0012,3,0.2
O004565,P0020,1,0.0
O004565,P0023,3,0.05
O004566,P0024,2,0.0
O004566,P0013,1,0.1
O004567,P0018,1,0.05
O004567,P0003,3,0.1
O004568,P0030,1,0.1
O004568,P0019,3,0.0
O004569,P0026,1,0.05
O004569,P0017,1,0.05
O004569,P0008,2,0.15
O004570,P0006,2,0.0
O004570,P0023,1,0.0
O004570,P0007,3,0.0
O004571,P0006,1,0.0
O004571,P0004,1,0.0
O004572,P0012,1,0.0
O004572,P0027,2,0.05
O004573,P0017,3,0.1
O004573,P0027,1,0.0
O004574,P0029,1,0.0
O004574,P0023,1,0.0
O004574,P0026,1,0.05
O004574,P0009,1,0.05
O004574,P0010,1,0.0
O004575,P0023,2,0.05
O004575,P0003,1,0.05
O004576,P0021,1,0.05
O004577,P0006,2,0.05
O004577,P0004,2,0.15
O004578,P0011,1,0.1
O004578,P0006,1,0.0
O004578,P0030,1,0.1
O004579,P0021,1,0.2
O004580,P0020,3,0.1
O004580,P0003,1,0.1
O004580,P0006,1,0.05
O004580,P0030,2,0.05
O004580,P0004,1,0.0
O004581,P0002,1,0.1
O004581,P0027,1,0.05
O004581,P0025,2,0.0
O004581,P0015,1,0.05
O004581,P0019,2,0.0
O004582,P0029,1,0.2
O004583,P0010,1,0.0
O004583,P0030,1,0.05
O004584,P0001,3,0.0
O004584,P0015,1,0.05
O004585,P0018,1,0.1
O004585,P0023,1,0.1
O004585,P0002,3,0.1
O004586,P0009,1,0.05
O004587,P0006,1,0.05
O004587,P0028,1,0.05
O004588,P0016,2,0.15
O004589,P0009,1,0.05
O004589,P0030,2,0.0
O004589,P0021,4,0.1
O004590,P0018,1,0.0
O004590,P0009,2,0.05
O004590,P0024,1,0.1
O004591,P0027,1,0.15
O004591,P0020,1,0.05
O004591,P0011,1,0.0
O004592,P0018,4,0.05
O004593,P0025,2,0.05
O004594,P0005,1,0.0
O004594,P0002,1,0.15
O004595,P0027,2,0.05
O004596,P0006,1,0.0
O004597,P0014,2,0.1
O004597,P0017,1,0.15
O004597,P0016,3,0.05
O004597,P0006,2,0.05
O004598,P0016,1,0.1
O004598,P0008,1,0.0
O004598,P0001,2,0.0
O004599,P0030,3,0.0
O004599,P0004,1,0.05
O004599,P0016,2,0.05
O004600,P0025,4,0.1
O004601,P0019,3,0.0
O004601,P0005,1,0.15
O004601,P0027,1,0.1
O004601,P0004,1,0.0
O004601,P0012,1,0.0
O004602,P0008,1,0.2
O004602,P0028,3,0.0
O004603,P0001,1,0.05
O004603,P0018,1,0.05
O004604,P0020,1,0.05
O004605,P0026,1,0.1
O004605,P0008,2,0.05
O004606,P0024,1,0.0
O004606,P0026,2,0.0
O004607,P0005,1,0.05
O004607,P0030,2,0.2
O004607,P0022,2,0.1
O004608,P0020,2,0.15
O004608,P0001,2,0.05
O004608,P0003,1,0.0
O004609,P0016,2,0.05
O004610,P0017,4,0.0
O004610,P0026,2,0.15
O004611,P0025,1,0.1
O004612,P0002,1,0.0
O004612,P0009,2,0.05
O004612,P0015,1,0.1
O004612,P0007,1,0.0
O004613,P0006,1,0.15
O004613,P0023,2,0.0
O004614,P0011,1,0.05
O004615,P0004,1,0.05
O004615,P0011,2,0.15
O004616,P0002,1,0.1
O004616,P0001,1,0.0
O004616,P0018,2,0.05
O004616,P0029,1,0.0
O004617,P0021,2,0.0
O004618,P0013,1,0.1
O004618,P0026,2,0.05
O004619,P0027,2,0.0
O004620,P0021,1,0.05
O004620,P0013,3,0.0
O004620,P0020,3,0.0
O004621,P0011,3,0.15
O004621,P0013,1,0.05
O004621,P0023,1,0.0
O004622,P0017,1,0.15
O004622,P0022,1,0.0
O004622,P0012,1,0.1
O004622,P0004,1,0.1
O004623,P0027,1,0.05
O004623,P0004,1,0.05
O004623,P0020,1,0.0
O004623,P0007,2,0.0
O004624,P0009,1,0.05
O004624,P0020,1,0.05
O004625,P0011,1,0.0
O004626,P0012,1,0.0
O004626,P0014,2,0.0
O004627,P0030,1,0.05
O004627,P0013,1,0.0
O004628,P0022,4,0.1
O004629,P0007,1,0.05
O004630,P0016,2,0.0
O004630,P0017,1,0.0
O004631,P0026,1,0.0
O004631,P0021,2,0.05
O004631,P0004,1,0.05
O004632,P0001,2,0.0
O004632,P0016,2,0.05
O004633,P0001,2,0.0
O004633,P0014,1,0.0
O004633,P0027,1,0.05
O004634,P0007,1,0.1
O004634,P0028,2,0.1
O004635,P0004,2,0.15
O004636,P0006,2,0.2
O004637,P0030,2,0.15
O004638,P0009,1,0.1
O004638,P0008,1,0.1
O004638,P0029,1,0.05
O004639,P0022,2,0.2
O004639,P0013,1,0.15
O004640,P0011,1,0.05
O004641,P0001,1,0.15
O004641,P0006,3,0.1
O004642,P0023,1,0.15
O004643,P0007,3,0.1
O004643,P0011,2,0.1
O004643,P0029,2,0.05
O004643,P0021,1,0.1
O004643,P0013,1,0.05
O004644,P0017,2,0.0
O004644,P0019,1,0.15
O004644,P0025,2,0.05
O004645,P0025,1,0.2
O004646,P0009,1,0.1
O004647,P0003,1,0.1
O004647,P0020,2,0.1
O004648,P0002,1,0.15
O004649,P0020,1,0.05
O004649,P0010,3,0.1
O004649,P0021,1,0.1
O004649,P0017,2,0.05
O004650,P0017,2,0.15
O004650,P0022,1,0.1
O004650,P0002,1,0.05
O004651,P0013,2,0.05
O004652,P0018,1,0.2
O004652,P0026,2,0.05
O004653,P0023,1,0.1
O004653,P0028,2,0.1
O004654,P0008,2,0.0
O004654,P0014,1,0.05
O004655,P0028,1,0.15
O004655,P0014,3,0.0
O004655,P0008,1,0.2
O004656,P0009,1,0.05
O004656,P0004,1,0.05
O004657,P0023,1,0.0
O004657,P0004,3,0.05
O004658,P0010,4,0.05
O004658,P0009,1,0.0
O004658,P0008,1,0.05
O004659,P0011,2,0.05
O004660,P0019,1,0.0
O004661,P0016,2,0.05
O004661,P0010,2,0.05
O004661,P0027,2,0.05
O004662,P0002,1,0.1
O004663,P0016,1,0.1
O004663,P0003,1,0.05
O004664,P0007,4,0.0
O004665,P0007,1,0.0
O004665,P0023,2,0.1
O004665,P0005,1,0.15
O004665,P0027,2,0.05
O004666,P0028,1,0.05
O004666,P0026,1,0.15
O004667,P0015,1,0.05
O004668,P0030,1,0.1
O004668,P0027,2,0.0
O004668,P0018,2,0.0
O004669,P0012,2,0.0
O004670,P0016,3,0.05
O004671,P0008,2,0.2
O004671,P0005,2,0.1
O004671,P0003,3,0.1
O004671,P0014,1,0.2
O004671,P0030,1,0.05
O004672,P0020,3,0.15
O004672,P0021,1,0.1
O004673,P0020,1,0.0
O004673,P0026,1,0.15
O004673,P0028,1,0.0
O004673,P0008,1,0.0
O004673,P0002,1,0.0
O004674,P0030,1,0.05
O004675,P0012,1,0.0
O004675,P0022,1,0.1
O004676,P0007,1,0.1
O004676,P0004,1,0.05
O004676,P0025,3,0.05
O004677,P0026,1,0.05
O004677,P0012,1,0.15
O004678,P0024,2,0.15
O004679,P0009,1,0.05
O004679,P0023,2,0.1
O004680,P0022,1,0.1
O004681,P0024,2,0.05
O004682,P0026,2,0.0
O004683,P0009,2,0.05
O004684,P0022,4,0.0
O004684,P0016,1,0.1
O004685,P0001,1,0.05
O004685,P0022,2,0.1
O004685,P0002,1,0.05
O004686,P0024,1,0.0
O004686,P0016,1,0.0
O004686,P0019,2,0.05
O004687,P0012,2,0.0
O004687,P0003,2,0.15
O004688,P0022,1,0.0
O004688,P0018,3,0.0
O004688,P0028,1,0.05
O004688,P0007,2,0.1
O004688,P0017,1,0.0
O004689,P0001,1,0.0
O004689,P0017,2,0.1
O004689,P0007,2,0.05
O004689,P0006,1,0.0
O004690,P0015,2,0.1
O004691,P0024,1,0.0
O004692,P0017,1,0.05
O004693,P0019,1,0.1
O004694,P0018,2,0.05
O004694,P0006,2,0.0
O004694,P0002,3,0.0
O004694,P0003,1,0.1
O004694,P0009,1,0.05
O004695,P0023,2,0.2
O004695,P0018,1,0.1
O004696,P0016,1,0.0
O004696,P0024,1,0.0
O004697,P0023,4,0.15
O004698,P0027,1,0.1
O004698,P0009,2,0.05
O004699,P0009,1,0.0
O004700,P0013,2,0.15
O004700,P0014,3,0.0
O004701,P0014,1,0.0
O004701,P0006,2,0.1
O004702,P0011,2,0.1
O004702,P0021,2,0.2
O004703,P0002,1,0.0
O004704,P0003,1,0.05
O004704,P0022,1,0.0
O004704,P0015,1,0.0
O004704,P0007,1,0.1
O004705,P0020,1,0.0
O004705,P0007,1,0.1
O004706,P0026,2,0.0
O004706,P0001,1,0.05
O004706,P0011,1,0.05
O004706,P0021,2,0.05
O004706,P0016,1,0.0
O004707,P0001,1,0.05
O004707,P0007,2,0.0
O004708,P0009,2,0.1
O004708,P0015,3,0.0
O004708,P0013,2,0.1
O004708,P0028,1,0.05
O004708,P0023,1,0.1
O004709,P0030,1,0.0
O004709,P0019,2,0.0
O004709,P0009,1,0.1
O004709,P0013,1,0.0
O004710,P0006,1,0.05
O004710,P0020,3,0.1
O004711,P0025,1,0.0
O004712,P0008,1,0.0
O004713,P0021,2,0.0
O004713,P0019,2,0.0
O004713,P0010,1,0.1
O004714,P0005,1,0.1
O004715,P0016,1,0.05
O004715,P0028,2,0.15
O004715,P0021,2,0.0
O004716,P0005,1,0.0
O004717,P0005,1,0.0
O004718,P0029,1,0.15
O004719,P0019,2,0.0
O004720,P0029,1,0.1
O004720,P0028,2,0.2
O004720,P0006,1,0.15
O004720,P0004,4,0.0
O004721,P0028,1,0.05
O004721,P0030,1,0.1
O004722,P0011,1,0.15
O004722,P0028,1,0.0
O004723,P0006,3,0.0
O004723,P0028,1,0.05
O004724,P0021,1,0.1
O004725,P0017,2,0.05
O004725,P0021,2,0.0
O004725,P0022,2,0.1
O004725,P0002,2,0.1
O004726,P0005,2,0.0
O004726,P0018,1,0.0
O004726,P0024,1,0.05
O004727,P0009,3,0.0
O004727,P0006,2,0.0
O004727,P0016,1,0.15
O004727,P0027,1,0.0
O004728,P0010,1,0.0
O004728,P0019,2,0.1
O004729,P0019,1,0.0
O004730,P0019,2,0.05
O004731,P0020,1,0.1
O004731,P0004,3,0.1
O004732,P0010,2,0.05
O004732,P0008,1,0.05
O004732,P0018,1,0.0
O004732,P0017,3,0.15
O004733,P0013,1,0.15
O004733,P0014,1,0.05
O004734,P0019,2,0.0
O004735,P0002,1,0.2
O004736,P0015,2,0.0
O004737,P0001,3,0.05
O004737,P0025,2,0.0
O004738,P0012,2,0.1
O004739,P0005,2,0.2
O004739,P0018,1,0.05
O004740,P0019,2,0.0
O004740,P0029,3,0.15
O004741,P0003,2,0.1
O004742,P0018,2,0.15
O004743,P0028,1,0.0
O004744,P0006,2,0.0
O004744,P0015,2,0.05
O004745,P0028,1,0.0
O004745,P0003,1,0.1
O004746,P0030,1,0.1
O004747,P0016,2,0.0
O004747,P0024,1,0.0
O004747,P0014,4,0.0
O004747,P0020,1,0.1
O004748,P0029,3,0.0
O004749,P0028,3,0.05
O004750,P0007,3,0.05
O004750,P0026,2,0.15
O004751,P0015,3,0.05
O004752,P0005,1,0.1
O004752,P0010,2,0.0
O004753,P0017,1,0.05
O004753,P0011,2,0.0
O004753,P0028,1,0.1
O004753,P0023,2,0.1
O004754,P0003,1,0.1
O004754,P0028,1,0.05
O004754,P0021,1,0.0
O004755,P0010,2,0.0
O004755,P0024,1,0.0
O004755,P0006,1,0.2
O004756,P0005,1,0.1
O004757,P0005,2,0.0
O004758,P0013,1,0.0
O004759,P0020,1,0.0
O004759,P0029,1,0.1
O004759,P0015,1,0.05
O004760,P0015,1,0.0
O004761,P0024,1,0.0
O004761,P0027,1,0.0
O004762,P0005,1,0.1
O004762,P0026,3,0.05
O004763,P0015,1,0.0
O004764,P0027,1,0.15
O004764,P0015,1,0.0
O004764,P0021,1,0.05
O004764,P0010,1,0.0
O004765,P0028,1,0.05
O004765,P0016,4,0.15
O004766,P0015,2,0.05
O004767,P0001,1,0.1
O004768,P0016,2,0.0
O004769,P0017,1,0.05
O004769,P0003,2,0.0
O004769,P0012,2,0.0
O004770,P0022,3,0.05
O004770,P0027,2,0.05
O004770,P0020,2,0.1
O004771,P0023,1,0.05
O004771,P0029,2,0.0
O004771,P0019,3,0.15
O004772,P0019,1,0.1
O004772,P0012,2,0.0
O004772,P0001,1,0.15
O004773,P0014,3,0.05
O004773,P0001,2,0.0
O004774,P0001,1,0.05
O004774,P0021,2,0.05
O004774,P0014,1,0.1
O004775,P0009,3,0.0
O004775,P0006,1,0.1
O004776,P0023,1,0.1
O004776,P0030,1,0.1
O004776,P0026,1,0.05
O004777,P0018,1,0.0
O004777,P0008,1,0.1
O004778,P0009,2,0.05
O004778,P0002,1,0.1
O004779,P0005,1,0.05
O004780,P0019,1,0.0
O004781,P0030,2,0.15
O004782,P0029,3,0.05
O004782,P0006,3,0.05
O004783,P0003,1,0.2
O004784,P0027,1,0.05
O004785,P0008,1,0.1
O004786,P0029,2,0.05
O004787,P0018,2,0.05
O004787,P0007,1,0.1
O004787,P0014,1,0.05
O004788,P0010,1,0.05
O004788,P0030,1,0.0
O004788,P0025,2,0.0
O004789,P0014,2,0.05
O004789,P0030,4,0.05
O004789,P0017,1,0.0
O004790,P0001,1,0.0
O004791,P0010,1,0.0
O004792,P0026,1,0.0
O004792,P0006,2,0.0
O004793,P0013,1,0.0
O004794,P0003,1,0.0
O004794,P0013,3,0.1
O004794,P0008,4,0.1
O004794,P0021,1,0.0
O004795,P0007,1,0.1
O004795,P0013,1,0.15
O004795,P0022,2,0.0
O004796,P0019,1,0.0
O004796,P0010,1,0.1
O004796,P0016,1,0.05
O004797,P0008,1,0.0
O004798,P0008,1,0.05
O004798,P0012,1,0.1
O004798,P0023,3,0.15
O004798,P0006,1,0.1
O004799,P0029,1,0.05
O004799,P0024,1,0.05
O004799,P0008,1,0.1
O004799,P0015,1,0.05
O004800,P0030,1,0.15
O004801,P0008,1,0.1
O004802,P0010,1,0.05
O004803,P0018,3,0.05
O004803,P0028,2,0.05
O004804,P0001,1,0.0
O004804,P0026,2,0.1
O004804,P0022,2,0.15
O004804,P0028,2,0.05
O004805,P0002,2,0.15
O004805,P0010,1,0.0
O004805,P0019,1,0.1
O004805,P0013,2,0.15
O004805,P0006,1,0.05
O004806,P0015,1,0.1
O004806,P0022,2,0.15
O004806,P0012,2,0.05
O004806,P0016,1,0.05
O004807,P0020,3,0.1
O004807,P0019,2,0.05
O004808,P0014,1,0.0
O004808,P0010,1,0.0
O004809,P0015,1,0.0
O004809,P0025,2,0.0
O004810,P0030,1,0.2
O004810,P0005,1,0.0
O004811,P0017,1,0.05
O004811,P0022,1,0.05
O004812,P0024,1,0.0
O004812,P0005,3,0.0
O004812,P0022,1,0.15
O004813,P0005,2,0.1
O004814,P0006,1,0.1
O004814,P0003,1,0.05
O004814,P0007,1,0.05
O004814,P0010,2,0.0
O004815,P0016,1,0.15
O004815,P0025,1,0.1
O004816,P0005,1,0.0
O004816,P0028,2,0.05
O004816,P0011,1,0.1
O004817,P0022,2,0.0
O004817,P0027,1,0.05
O004817,P0013,1,0.05
O004818,P0009,1,0.1
O004818,P0024,1,0.2
O004818,P0025,1,0.05
O004818,P0006,4,0.0
O004819,P0007,2,0.15
O004820,P0018,1,0.05
O004821,P0025,1,0.05
O004822,P0014,2,0.05
O004823,P0015,1,0.0
O004824,P0022,1,0.0
O004824,P0029,1,0.0
O004825,P0009,1,0.15
O004826,P0021,2,0.0
O004827,P0012,1,0.1
O004828,P0020,3,0.0
O004828,P0015,1,0.0
O004829,P0022,2,0.1
O004829,P0002,2,0.1
O004829,P0014,1,0.05
O004829,P0011,1,0.05
O004830,P0014,1,0.05
O004830,P0007,2,0.1
O004831,P0010,2,0.05
O004831,P0013,1,0.1
O004832,P0022,1,0.0
O004833,P0027,1,0.05
O004833,P0002,1,0.1
O004834,P0025,1,0.1
O004834,P0014,2,0.05
O004835,P0010,2,0.05
O004836,P0006,3,0.1
O004836,P0019,3,0.1
O004836,P0030,1,0.0
O004837,P0012,1,0.05
O004837,P0006,1,0.0
O004837,P0013,1,0.15
O004837,P0020,1,0.0
O004837,P0025,1,0.15
O004838,P0022,1,0.05
O004839,P0028,2,0.05
O004839,P0016,1,0.05
O004839,P0003,3,0.05
O004840,P0015,1,0.1
O004840,P0001,1,0.0
O004841,P0029,4,0.05
O004841,P0005,2,0.05
O004842,P0003,2,0.0
O004842,P0014,2,0.15
O004842,P0027,1,0.0
O004843,P0016,1,0.1
O004843,P0005,1,0.1
O004844,P0003,1,0.1
O004844,P0017,3,0.0
O004844,P0030,1,0.0
O004845,P0021,1,0.15
O004845,P0018,1,0.15
O004845,P0026,1,0.1
O004845,P0005,1,0.1
O004846,P0011,2,0.1
O004846,P0018,3,0.0
O004846,P0030,1,0.0
O004847,P0012,4,0.0
O004847,P0024,3,0.1
O004848,P0025,2,0.15
O004848,P0030,2,0.2
O004849,P0013,3,0.1
O004849,P0014,3,0.0
O004850,P0015,1,0.05
O004850,P0007,1,0.05
O004851,P0005,3,0.05
O004851,P0024,1,0.05
O004852,P0024,1,0.05
O004853,P0008,1,0.0
O004853,P0001,2,0.0
O004854,P0008,1,0.0
O004854,P0002,2,0.05
O004854,P0019,2,0.05
O004855,P0002,3,0.0
O004855,P0012,2,0.05
O004856,P0006,2,0.0
O004856,P0022,1,0.1
O004856,P0028,3,0.05
O004856,P0017,1,0.2
O004856,P0019,1,0.05
O004857,P0027,2,0.05
O004857,P0025,1,0.05
O004858,P0015,4,0.05
O004858,P0011,1,0.2
O004858,P0018,2,0.0
O004858,P0030,2,0.0
O004858,P0002,1,0.0
O004859,P0009,3,0.1
O004859,P0017,4,0.0
O004860,P0019,3,0.05
O004860,P0005,2,0.0
O004860,P0011,1,0.1
O004860,P0003,4,0.05
O004861,P0015,4,0.05
O004861,P0023,2,0.0
O004861,P0004,1,0.1
O004862,P0026,1,0.0
O004863,P0016,4,0.0
O004863,P0023,2,0.1
O004863,P0006,2,0.0
O004863,P0014,2,0.0
O004864,P0013,1,0.1
O004864,P0017,2,0.0
O004864,P0028,2,0.05
O004865,P0010,2,0.05
O004866,P0023,1,0.0
O004866,P0006,1,0.15
O004866,P0028,2,0.0
O004867,P0016,1,0.05
O004867,P0028,1,0.05
O004867,P0007,2,0.2
O004867,P0018,1,0.05
O004868,P0022,4,0.0
O004868,P0017,1,0.05
O004868,P0006,3,0.0
O004869,P0016,3,0.1
O004869,P0004,2,0.05
O004869,P0020,1,0.1
O004870,P0029,1,0.05
O004870,P0027,3,0.1
O004870,P0013,1,0.1
O004870,P0004,1,0.0
O004870,P0028,1,0.1
O004871,P0010,1,0.0
O004871,P0018,2,0.1
O004871,P0006,1,0.0
O004872,P0013,1,0.1
O004873,P0029,2,0.1
O004873,P0002,1,0.05
O004873,P0017,1,0.1
O004874,P0027,4,0.0
O004875,P0016,1,0.2
O004875,P0017,1,0.1
O004875,P0026,3,0.0
O004875,P0005,4,0.1
O004875,P0024,2,0.15
O004876,P0005,1,0.1
O004876,P0007,3,0.0
O004876,P0008,1,0.0
O004877,P0025,2,0.0
O004878,P0010,2,0.05
O004878,P0019,1,0.0
O004879,P0013,1,0.2
O004880,P0015,1,0.05
O004881,P0024,1,0.1
O004881,P0008,1,0.05
O004882,P0010,3,0.2
O004882,P0001,3,0.2
O004883,P0008,1,0.2
O004883,P0014,2,0.2
O004883,P0028,1,0.05
O004884,P0029,3,0.0
O004884,P0021,1,0.05
O004885,P0010,1,0.15
O004885,P0019,1,0.0
O004885,P0027,2,0.2
O004885,P0021,2,0.05
O004886,P0030,3,0.1
O004886,P0004,4,0.05
O004886,P0020,3,0.05
O004887,P0028,2,0.0
O004888,P0003,1,0.2
O004888,P0016,1,0.05
O004888,P0001,2,0.0
O004889,P0028,2,0.05
O004889,P0012,2,0.2
O004889,P0005,1,0.0
O004889,P0004,2,0.0
O004890,P0018,1,0.1
O004891,P0020,1,0.1
O004891,P0030,2,0.1
O004891,P0016,1,0.0
O004892,P0001,1,0.15
O004892,P0013,1,0.1
O004892,P0003,1,0.0
O004892,P0009,2,0.0
O004893,P0015,1,0.1
O004893,P0003,2,0.1
O004894,P0005,2,0.2
O004895,P0002,1,0.1
O004896,P0020,2,0.05
O004896,P0004,2,0.05
O004897,P0004,1,0.05
O004898,P0025,1,0.1
O004898,P0010,3,0.0
O004898,P0028,1,0.0
O004899,P0029,1,0.15
O004899,P0028,1,0.2
O004899,P0006,1,0.05
O004900,P0009,1,0.0
O004900,P0002,3,0.05
O004900,P0026,2,0.0
O004901,P0010,1,0.05
O004901,P0021,1,0.0
O004902,P0026,2,0.2
O004902,P0002,1,0.0
O004902,P0023,3,0.0
O004903,P0008,2,0.0
O004904,P0011,1,0.2
O004904,P0013,1,0.1
O004904,P0020,1,0.05
O004904,P0030,1,0.1
O004905,P0018,2,0.2
O004905,P0005,2,0.05
O004906,P0023,1,0.2
O004907,P0025,1,0.2
O004907,P0024,2,0.05
O004908,P0021,2,0.2
O004908,P0027,1,0.05
O004909,P0029,3,0.0
O004910,P0020,2,0.0
O004911,P0009,2,0.05
O004911,P0008,1,0.05
O004911,P0001,1,0.1
O004911,P0023,3,0.2
O004912,P0028,1,0.0
O004912,P0016,4,0.05
O004913,P0006,1,0.2
O004913,P0027,1,0.0
O004914,P0009,1,0.05
O004914,P0015,3,0.05
O004914,P0025,3,0.15
O004914,P0007,1,0.0
O004914,P0016,2,0.05
O004915,P0020,2,0.0
O004916,P0012,1,0.1
O004916,P0011,1,0.05
O004917,P0003,1,0.0
O004917,P0016,1,0.15
O004917,P0029,4,0.05
O004918,P0026,1,0.0
O004918,P0015,1,0.05
O004918,P0001,2,0.2
O004919,P0027,3,0.0
O004919,P0008,1,0.0
O004919,P0009,1,0.0
O004919,P0025,3,0.0
O004919,P0006,1,0.0
O004920,P0025,1,0.0
O004920,P0028,1,0.05
O004920,P0020,2,0.1
O004921,P0003,2,0.15
O004921,P0028,4,0.0
O004922,P0009,1,0.05
O004923,P0029,3,0.1
O004923,P0008,1,0.1
O004923,P0014,1,0.1
O004923,P0020,1,0.0
O004923,P0012,1,0.05
O004924,P0015,1,0.05
O004924,P0023,1,0.0
O004925,P0009,1,0.0
O004926,P0010,2,0.05
O004926,P0030,1,0.0
O004926,P0024,1,0.1
O004927,P0018,4,0.05
O004928,P0027,1,0.1
O004928,P0002,1,0.0
O004928,P0012,1,0.05
O004929,P0011,2,0.1
O004929,P0004,1,0.0
O004929,P0009,3,0.05
O004930,P0020,1,0.1
O004930,P0024,1,0.0
O004931,P0011,1,0.0
O004931,P0018,1,0.0
O004932,P0021,1,0.0
O004932,P0005,1,0.0
O004932,P0003,1,0.0
O004932,P0004,3,0.0
O004933,P0007,1,0.05
O004934,P0017,2,0.05
O004935,P0008,2,0.05
O004935,P0012,1,0.2
O004936,P0004,1,0.0
O004937,P0022,1,0.0
O004937,P0021,1,0.05
O004938,P0007,1,0.05
O004938,P0002,1,0.2
O004938,P0018,1,0.0
O004938,P0027,1,0.05
O004938,P0026,1,0.1
O004939,P0030,1,0.05
O004939,P0003,1,0.05
O004939,P0015,1,0.1
O004940,P0008,2,0.0
O004941,P0001,1,0.0
O004941,P0018,2,0.1
O004942,P0002,1,0.05
O004942,P0015,1,0.1
O004943,P0005,3,0.05
O004944,P0015,1,0.2
O004945,P0029,1,0.0
O004945,P0022,1,0.05
O004945,P0020,1,0.05
O004946,P0019,2,0.0
O004946,P0028,1,0.0
O004947,P0013,1,0.05
O004948,P0001,1,0.15
O004948,P0019,2,0.1
O004948,P0014,1,0.0
O004948,P0023,1,0.0
O004949,P0014,1,0.05
O004950,P0004,1,0.1
O004951,P0020,2,0.05
O004951,P0016,1,0.0
O004952,P0024,4,0.1
O004952,P0020,1,0.1
O004952,P0025,4,0.0
O004952,P0010,1,0.05
O004952,P0030,1,0.1
O004953,P0030,2,0.1
O004953,P0024,2,0.0
O004954,P0001,1,0.05
O004954,P0010,2,0.0
O004954,P0014,1,0.1
O004955,P0030,1,0.05
O004955,P0013,1,0.0
O004956,P0008,3,0.0
O004957,P0018,2,0.0
O004957,P0025,2,0.0
O004958,P0005,1,0.1
O004959,P0004,1,0.0
O004959,P0019,1,0.1
O004960,P0030,1,0.05
O004961,P0015,1,0.0
O004961,P0012,1,0.05
O004961,P0030,1,0.1
O004962,P0021,1,0.05
O004962,P0014,3,0.0
O004963,P0013,1,0.1
O004964,P0011,1,0.2
O004964,P0006,1,0.05
O004965,P0004,2,0.05
O004965,P0017,1,0.0
O004965,P0011,1,0.1
O004966,P0011,3,0.15
O004967,P0023,1,0.05
O004967,P0003,1,0.05
O004967,P0013,1,0.05
O004968,P0025,1,0.05
O004968,P0021,2,0.05
O004968,P0008,2,0.0
O004968,P0023,1,0.05
O004969,P0015,2,0.05
O004969,P0024,4,0.0
O004969,P0026,1,0.1
O004969,P0029,2,0.0
O004970,P0015,2,0.05
O004971,P0028,2,0.1
O004972,P0005,1,0.1
O004972,P0026,2,0.2
O004972,P0015,2,0.0
O004972,P0004,1,0.15
O004972,P0011,1,0.0
O004973,P0029,2,0.1
O004973,P0028,1,0.0
O004974,P0022,1,0.05
O004974,P0010,1,0.0
O004974,P0026,2,0.0
O004975,P0014,1,0.0
O004975,P0012,1,0.0
O004976,P0027,2,0.0
O004977,P0008,2,0.0
O004977,P0001,2,0.15
O004978,P0007,3,0.0
O004978,P0006,1,0.05
O004979,P0013,1,0.0
O004979,P0017,2,0.0
O004979,P0002,1,0.05
O004980,P0025,3,0.05
O004980,P0006,1,0.05
O004981,P0030,1,0.0
O004981,P0012,1,0.0
O004982,P0016,1,0.05
O004983,P0027,1,0.0
O004984,P0019,2,0.0
O004985,P0021,2,0.0
O004986,P0011,2,0.05
O004986,P0030,1,0.05
O004987,P0026,3,0.05
O004987,P0018,2,0.1
O004988,P0012,1,0.0
O004988,P0006,2,0.0
O004989,P0030,1,0.05
O004989,P0019,2,0.1
O004990,P0029,1,0.1
O004990,P0023,2,0.05
O004991,P0004,1,0.0
O004992,P0014,1,0.05
O004993,P0004,1,0.1
O004994,P0029,2,0.2
O004995,P0001,1,0.15
O004995,P0018,1,0.15
O004995,P0028,2,0.15
O004996,P0013,1,0.1
O004996,P0007,4,0.1
O004996,P0017,1,0.05
O004997,P0019,3,0.0
O004997,P0023,2,0.05
O004997,P0015,2,0.15
O004998,P0006,2,0.05
O004999,P0030,1,0.0
O004999,P0024,3,0.1
O004999,P0013,1,0.0
O005000,P0018,1,0.05
O005001,P0026,1,0.1
O005001,P0003,3,0.0
O005001,P0024,3,0.0
O005001,P0006,1,0.15
O005002,P0002,2,0.1
O005002,P0013,1,0.2
O005003,P0010,2,0.0
O005003,P0002,1,0.2
O005004,P0021,2,0.1
O005004,P0001,1,0.1
O005004,P0029,2,0.0
O005005,P0013,1,0.05
O005006,P0011,2,0.0
O005006,P0027,1,0.0
O005006,P0004,1,0.0
O005007,P0009,1,0.1
O005008,P0012,1,0.05
O005009,P0027,1,0.0
O005009,P0010,2,0.0
O005010,P0015,1,0.0
O005011,P0007,1,0.0
O005012,P0018,1,0.1
O005012,P0024,2,0.0
O005013,P0027,1,0.05
O005014,P0019,4,0.0
O005015,P0024,2,0.05
O005016,P0030,3,0.0
O005017,P0008,1,0.05
O005017,P0003,1,0.05
O005017,P0029,2,0.05
O005018,P0007,1,0.1
O005018,P0002,1,0.0
O005019,P0008,2,0.0
O005020,P0004,1,0.0
O005020,P0003,1,0.0
O005020,P0013,1,0.05
O005020,P0010,1,0.0
O005020,P0026,1,0.0
O005021,P0002,3,0.05
O005021,P0011,1,0.05
O005021,P0006,1,0.0
O005022,P0006,1,0.05
O005023,P0003,2,0.0
O005023,P0025,2,0.05
O005024,P0023,1,0.0
O005024,P0028,2,0.2
O005025,P0006,1,0.1
O005025,P0013,3,0.05
O005025,P0025,1,0.2
O005025,P0008,1,0.1
O005026,P0003,1,0.15
O005026,P0029,1,0.0
O005027,P0029,1,0.1
O005028,P0009,1,0.1
O005028,P0006,1,0.0
O005029,P0004,2,0.0
O005029,P0019,1,0.15
O005030,P0020,2,0.0
O005031,P0030,2,0.0
O005032,P0021,1,0.05
O005032,P0011,3,0.15
O005033,P0020,1,0.05
O005033,P0024,3,0.05
O005033,P0023,2,0.05
O005034,P0003,2,0.05
O005034,P0001,1,0.1
O005035,P0006,1,0.0
O005035,P0016,1,0.0
O005036,P0022,2,0.05
O005037,P0024,3,0.1
O005037,P0023,1,0.05
O005038,P0028,1,0.05
O005039,P0023,1,0.0
O005039,P0008,2,0.0
O005040,P0017,2,0.15
O005040,P0008,1,0.15
O005040,P0022,2,0.0
O005041,P0003,4,0.0
O005041,P0010,1,0.1
O005041,P0023,1,0.15
O005042,P0022,1,0.1
O005043,P0024,1,0.15
O005043,P0005,1,0.05
O005044,P0030,2,0.0
O005044,P0016,1,0.2
O005044,P0017,3,0.05
O005045,P0008,2,0.05
O005045,P0019,2,0.1
O005046,P0029,1,0.1
O005047,P0014,1,0.0
O005047,P0009,1,0.1
O005048,P0006,1,0.05
O005048,P0026,2,0.0
O005049,P0026,2,0.0
O005050,P0008,2,0.05
O005050,P0028,2,0.0
O005050,P0001,1,0.05
O005050,P0012,1,0.05
O005051,P0029,4,0.05
O005052,P0023,3,0.0
O005053,P0018,3,0.1
O005054,P0002,3,0.0
O005054,P0030,2,0.0
O005054,P0029,2,0.05
O005054,P0012,2,0.05
O005055,P0028,2,0.05
O005056,P0030,2,0.0
O005057,P0020,3,0.2
O005058,P0023,2,0.1
O005059,P0007,1,0.1
O005059,P0026,1,0.2
O005059,P0002,2,0.05
O005059,P0024,1,0.05
O005060,P0005,4,0.0
O005060,P0025,3,0.05
O005061,P0027,2,0.05
O005061,P0029,3,0.0
O005061,P0015,3,0.0
O005062,P0012,2,0.05
O005062,P0024,1,0.1
O005063,P0010,2,0.05
O005064,P0010,2,0.0
O005065,P0004,1,0.2
O005065,P0016,2,0.0
O005066,P0029,1,0.05
O005066,P0011,1,0.0
O005067,P0011,2,0.05
O005068,P0022,2,0.0
O005068,P0005,3,0.05
O005068,P0007,2,0.0
O005069,P0019,1,0.0
O005069,P0001,1,0.05
O005069,P0018,4,0.0
O005070,P0024,1,0.0
O005071,P0018,1,0.2
O005071,P0006,1,0.0
O005072,P0030,3,0.2
O005073,P0016,2,0.0
O005073,P0017,2,0.0
O005073,P0008,1,0.05
O005074,P0013,1,0.0
O005075,P0010,1,0.1
O005075,P0018,2,0.05
O005076,P0021,4,0.0
O005077,P0006,1,0.05
O005078,P0017,3,0.05
O005078,P0006,2,0.1
O005078,P0018,1,0.2
O005078,P0022,3,0.0
O005079,P0025,1,0.05
O005079,P0019,2,0.15
O005080,P0024,1,0.0
O005080,P0017,1,0.05
O005080,P0002,1,0.05
O005081,P0013,1,0.0
O005081,P0027,1,0.05
O005082,P0024,1,0.05
O005082,P0028,1,0.0
O005083,P0004,3,0.0
O005083,P0020,3,0.05
O005083,P0003,3,0.0
O005084,P0007,1,0.1
O005085,P0018,1,0.2
O005085,P0028,3,0.1
O005085,P0008,1,0.05
O005085,P0003,1,0.05
O005085,P0015,1,0.05
O005086,P0014,1,0.05
O005086,P0018,3,0.15
O005086,P0004,1,0.05
O005087,P0016,1,0.05
O005087,P0011,2,0.0
O005087,P0026,1,0.2
O005087,P0017,1,0.05
O005088,P0019,1,0.05
O005088,P0011,2,0.0
O005089,P0023,1,0.1
O005090,P0001,2,0.05
O005090,P0024,1,0.0
O005090,P0021,1,0.1
O005091,P0024,1,0.05
O005091,P0013,1,0.0
O005092,P0018,2,0.0
O005092,P0014,2,0.1
O005092,P0011,1,0.1
O005093,P0016,2,0.15
O005094,P0020,1,0.0
O005094,P0021,2,0.0
O005095,P0028,2,0.1
O005095,P0017,1,0.0
O005095,P0020,2,0.15
O005096,P0024,2,0.1
O005097,P0005,1,0.1
O005098,P0004,2,0.0
O005098,P0026,1,0.0
O005098,P0015,2,0.0
O005099,P0004,1,0.1
O005099,P0013,1,0.0
O005099,P0014,2,0.0
O005100,P0001,1,0.15
O005100,P0021,1,0.0
O005101,P0026,1,0.1
O005101,P0007,3,0.2
O005102,P0010,1,0.1
O005102,P0028,1,0.15
O005103,P0003,1,0.1
O005104,P0021,2,0.15
O005104,P0004,1,0.05
O005104,P0014,3,0.0
O005104,P0017,2,0.1
O005105,P0008,2,0.0
O005106,P0012,1,0.1
O005106,P0021,2,0.2
O005107,P0013,1,0.15
O005107,P0006,1,0.15
O005107,P0019,1,0.0
O005108,P0011,1,0.1
O005109,P0014,4,0.1
O005109,P0028,2,0.05
O005110,P0008,1,0.05
O005111,P0015,1,0.05
O005111,P0024,2,0.1
O005111,P0030,1,0.0
O005112,P0026,1,0.0
O005112,P0018,2,0.05
O005113,P0023,2,0.0
O005113,P0003,4,0.1
O005113,P0013,1,0.0
O005113,P0020,4,0.05
O005114,P0015,1,0.05
O005115,P0023,3,0.1
O005115,P0007,1,0.1
O005116,P0023,1,0.15
O005116,P0010,1,0.05
O005116,P0018,2,0.1
O005116,P0025,3,0.1
O005117,P0012,1,0.1
O005117,P0026,1,0.0
O005118,P0004,3,0.0
O005119,P0004,2,0.05
O005119,P0029,1,0.05
O005120,P0014,3,0.0
O005121,P0014,1,0.0
O005122,P0016,1,0.05
O005123,P0012,2,0.05
O005123,P0007,2,0.0
O005123,P0006,1,0.0
O005123,P0001,3,0.2
O005124,P0030,1,0.0
O005124,P0006,1,0.1
O005124,P0028,1,0.1
O005124,P0014,1,0.1
O005125,P0003,1,0.0
O005126,P0021,1,0.0
O005126,P0008,2,0.05
O005126,P0016,1,0.1
O005126,P0029,1,0.0
O005127,P0014,1,0.1
O005128,P0009,1,0.2
O005129,P0009,1,0.0
O005129,P0008,1,0.2
O005130,P0004,1,0.15
O005131,P0029,2,0.05
O005131,P0004,2,0.05
O005131,P0024,2,0.0
O005132,P0005,1,0.1
O005132,P0006,1,0.15
O005132,P0014,1,0.0
O005133,P0009,3,0.05
O005133,P0023,1,0.0
O005133,P0025,2,0.1
O005133,P0013,1,0.05
O005133,P0010,2,0.05
O005134,P0020,1,0.05
O005134,P0021,1,0.0
O005134,P0028,3,0.1
O005135,P0027,1,0.0
O005135,P0008,1,0.1
O005135,P0014,1,0.05
O005136,P0003,3,0.0
O005137,P0006,1,0.0
O005137,P0027,1,0.0
O005138,P0022,1,0.1
O005138,P0015,1,0.05
O005139,P0010,1,0.2
O005139,P0020,1,0.05
O005139,P0016,1,0.0
O005139,P0004,2,0.0
O005140,P0022,1,0.05
O005140,P0014,2,0.05
O005140,P0010,1,0.2
O005140,P0009,2,0.2
O005141,P0008,1,0.0
O005142,P0028,2,0.0
O005142,P0002,1,0.0
O005142,P0017,1,0.0
O005142,P0027,3,0.05
O005143,P0021,2,0.0
O005143,P0025,2,0.0
O005143,P0005,2,0.15
O005143,P0029,1,0.0
O005144,P0013,3,0.0
O005144,P0010,4,0.0
O005144,P0029,4,0.05
O005144,P0017,3,0.0
O005145,P0021,3,0.1
O005145,P0005,4,0.15
O005145,P0020,1,0.0
O005145,P0013,2,0.1
O005146,P0008,1,0.05
O005146,P0007,2,0.05
O005147,P0028,4,0.05
O005148,P0019,2,0.0
O005148,P0025,1,0.05
O005148,P0018,1,0.0
O005149,P0014,1,0.05
O005150,P0021,1,0.0
O005150,P0016,1,0.15
O005151,P0008,1,0.1
O005152,P0013,2,0.1
O005153,P0022,1,0.0
O005154,P0013,4,0.0
O005154,P0018,1,0.0
O005155,P0008,1,0.15
O005156,P0012,3,0.05
O005156,P0005,2,0.0
O005156,P0006,1,0.15
O005157,P0006,1,0.0
O005157,P0020,1,0.1
O005157,P0029,1,0.2
O005158,P0006,1,0.0
O005158,P0017,3,0.0
O005159,P0022,1,0.05
O005159,P0001,1,0.15
O005160,P0014,1,0.0
O005160,P0017,1,0.05
O005161,P0028,1,0.0
O005162,P0023,1,0.05
O005162,P0008,1,0.05
O005162,P0017,1,0.0
O005162,P0030,2,0.15
O005162,P0012,1,0.05
O005163,P0028,2,0.1
O005163,P0023,2,0.05
O005164,P0027,3,0.15
O005164,P0030,1,0.05
O005165,P0028,4,0.05
O005165,P0011,1,0.1
O005166,P0030,1,0.15
O005166,P0004,4,0.1
O005167,P0020,1,0.0
O005168,P0013,1,0.05
O005168,P0009,3,0.0
O005168,P0022,1,0.0
O005169,P0004,2,0.05
O005169,P0016,1,0.0
O005169,P0006,2,0.0
O005170,P0001,1,0.0
O005171,P0020,1,0.2
O005172,P0021,3,0.0
O005172,P0001,3,0.05
O005173,P0026,1,0.1
O005173,P0024,4,0.0
O005174,P0016,2,0.05
O005174,P0015,2,0.0
O005174,P0014,4,0.05
O005175,P0014,1,0.05
O005176,P0005,3,0.1
O005177,P0016,1,0.05
O005177,P0006,1,0.15
O005178,P0016,1,0.1
O005178,P0014,2,0.1
O005178,P0010,1,0.0
O005178,P0001,1,0.0
O005179,P0006,4,0.0
O005179,P0021,1,0.1
O005180,P0019,1,0.1
O005181,P0022,1,0.0
O005181,P0027,2,0.05
O005181,P0015,2,0.05
O005181,P0002,2,0.1
O005182,P0012,3,0.05
O005182,P0002,2,0.0
O005182,P0018,2,0.0
O005183,P0024,1,0.0
O005183,P0029,4,0.15
O005184,P0002,3,0.05
O005184,P0029,2,0.05
O005184,P0003,2,0.15
O005185,P0021,1,0.0
O005185,P0011,3,0.2
O005186,P0023,1,0.0
O005186,P0007,3,0.15
O005186,P0013,3,0.1
O005186,P0004,3,0.1
O005187,P0004,2,0.05
O005187,P0002,1,0.0
O005187,P0020,1,0.0
O005188,P0005,2,0.15
O005188,P0022,2,0.0
O005189,P0011,1,0.0
O005189,P0023,1,0.05
O005190,P0009,1,0.0
O005190,P0029,2,0.0
O005190,P0008,4,0.05
O005191,P0001,2,0.0
O005191,P0010,1,0.05
O005191,P0029,1,0.2
O005192,P0025,2,0.1
O005193,P0018,1,0.0
O005194,P0026,1,0.05
O005194,P0010,1,0.0
O005194,P0007,3,0.05
O005194,P0015,2,0.05
O005195,P0016,4,0.1
O005195,P0028,2,0.05
O005196,P0014,1,0.0
O005196,P0030,1,0.05
O005196,P0028,2,0.05
O005196,P0025,1,0.0
O005197,P0012,1,0.1
O005198,P0022,1,0.0
O005199,P0006,1,0.05
O005199,P0010,2,0.0
O005199,P0017,3,0.1
O005200,P0028,2,0.15
O005200,P0014,3,0.0
O005201,P0011,1,0.15
O005201,P0019,1,0.0
O005201,P0014,1,0.0
O005201,P0025,1,0.05
O005201,P0002,1,0.05
O005202,P0019,3,0.0
O005202,P0016,4,0.0
O005202,P0018,1,0.0
O005202,P0011,2,0.1
O005203,P0014,2,0.05
O005203,P0019,2,0.0
O005204,P0002,1,0.05
O005204,P0004,1,0.0
O005205,P0013,1,0.15
O005206,P0014,2,0.15
O005206,P0016,1,0.1
O005206,P0009,3,0.1
O005206,P0005,2,0.15
O005206,P0001,3,0.0
O005207,P0002,1,0.1
O005207,P0021,1,0.2
O005208,P0001,2,0.05
O005209,P0001,1,0.0
O005210,P0026,2,0.0
O005211,P0011,1,0.1
O005212,P0023,1,0.05
O005212,P0018,2,0.1
O005212,P0008,1,0.05
O005213,P0016,1,0.15
O005213,P0020,2,0.0
O005214,P0002,2,0.05
O005215,P0020,2,0.0
O005215,P0025,1,0.1
O005216,P0009,1,0.2
O005216,P0001,1,0.1
O005217,P0024,4,0.0
O005218,P0020,2,0.15
O005218,P0022,1,0.05
O005218,P0023,3,0.0
O005219,P0016,1,0.1
O005220,P0013,3,0.1
O005220,P0003,1,0.1
O005221,P0023,1,0.1
O005221,P0002,1,0.0
O005222,P0014,1,0.05
O005222,P0011,1,0.05
O005222,P0029,2,0.0
O005223,P0030,1,0.05
O005224,P0024,1,0.2
O005224,P0005,1,0.2
O005224,P0028,1,0.0
O005224,P0030,2,0.0
O005225,P0027,2,0.2
O005225,P0029,2,0.05
O005226,P0020,1,0.15
O005226,P0025,1,0.0
O005226,P0017,2,0.0
O005227,P0026,2,0.05
O005228,P0008,1,0.2
O005228,P0015,1,0.0
O005229,P0009,2,0.0
O005229,P0007,1,0.0
O005230,P0018,1,0.0
O005231,P0013,1,0.05
O005231,P0023,1,0.0
O005231,P0001,2,0.15
O005231,P0028,1,0.05
O005232,P0008,1,0.1
O005232,P0016,1,0.1
O005232,P0027,2,0.1
O005233,P0028,1,0.0
O005233,P0024,1,0.05
O005233,P0023,1,0.0
O005233,P0022,1,0.05
O005234,P0009,1,0.0
O005234,P0006,2,0.0
O005235,P0011,1,0.0
O005235,P0013,2,0.0
O005235,P0008,1,0.1
O005236,P0014,3,0.15
O005236,P0027,1,0.0
O005237,P0005,1,0.15
O005237,P0007,1,0.0
O005237,P0024,2,0.1
O005237,P0002,2,0.1
O005237,P0025,3,0.0
O005238,P0015,2,0.15
O005238,P0010,1,0.05
O005238,P0021,2,0.0
O005239,P0017,3,0.05
O005239,P0023,1,0.05
O005239,P0008,1,0.1
O005239,P0001,1,0.15
O005240,P0020,2,0.1
O005240,P0021,1,0.05
O005241,P0009,1,0.1
O005241,P0014,1,0.1
O005242,P0021,1,0.0
O005243,P0024,1,0.05
O005243,P0011,2,0.05
O005243,P0017,2,0.1
O005244,P0005,1,0.15
O005244,P0029,4,0.05
O005245,P0006,1,0.15
O005246,P0027,1,0.0
O005246,P0025,1,0.0
O005247,P0028,1,0.0
O005247,P0007,3,0.05
O005248,P0020,1,0.05
O005248,P0002,3,0.1
O005249,P0028,1,0.05
O005249,P0012,1,0.0
O005249,P0022,1,0.05
O005250,P0015,2,0.0
O005250,P0022,1,0.05
O005250,P0017,1,0.0
O005251,P0006,1,0.0
O005251,P0008,2,0.05
O005252,P0021,1,0.0
O005252,P0023,1,0.1
O005252,P0011,1,0.1
O005253,P0020,1,0.05
O005253,P0028,2,0.0
O005253,P0004,2,0.15
O005254,P0028,2,0.0
O005255,P0024,2,0.05
O005255,P0018,1,0.1
O005255,P0027,1,0.0
O005256,P0029,1,0.05
O005256,P0030,3,0.1
O005256,P0028,1,0.1
O005257,P0001,2,0.2
O005257,P0029,1,0.2
O005257,P0004,2,0.05
O005258,P0030,2,0.0
O005258,P0003,1,0.15
O005259,P0029,1,0.0
O005259,P0022,1,0.05
O005260,P0030,2,0.1
O005260,P0024,2,0.1
O005261,P0025,2,0.05
O005261,P0028,3,0.0
O005261,P0012,2,0.05
O005262,P0020,1,0.05
O005262,P0008,2,0.1
O005262,P0015,1,0.05
O005263,P0003,1,0.15
O005264,P0026,2,0.1
O005264,P0016,2,0.2
O005265,P0001,3,0.15
O005266,P0001,1,0.1
O005267,P0006,1,0.05
O005267,P0005,1,0.05
O005267,P0011,1,0.1
O005267,P0009,2,0.05
O005267,P0007,1,0.2
O005268,P0027,1,0.05
O005268,P0018,3,0.05
O005268,P0022,2,0.0
O005269,P0008,1,0.05
O005270,P0022,1,0.05
O005270,P0009,4,0.05
O005270,P0030,3,0.05
O005271,P0014,2,0.1
O005272,P0003,3,0.0
O005273,P0015,2,0.1
O005273,P0012,1,0.05
O005273,P0001,1,0.05
O005273,P0019,1,0.05
O005274,P0028,1,0.0
O005274,P0015,1,0.05
O005275,P0003,2,0.05
O005276,P0025,3,0.2
O005277,P0017,1,0.0
O005277,P0010,1,0.1
O005277,P0025,2,0.0
O005278,P0003,2,0.0
O005279,P0010,3,0.2
O005279,P0014,1,0.05
O005280,P0024,1,0.1
O005281,P0030,1,0.1
O005282,P0029,2,0.0
O005282,P0020,2,0.2
O005282,P0002,1,0.05
O005283,P0004,2,0.05
O005284,P0009,1,0.05
O005284,P0001,2,0.0
O005285,P0017,2,0.15
O005286,P0026,1,0.0
O005287,P0001,1,0.05
O005287,P0021,1,0.0
O005287,P0023,1,0.1
O005287,P0019,1,0.0
O005287,P0010,2,0.05
O005288,P0027,1,0.05
O005288,P0028,2,0.0
O005288,P0004,2,0.15
O005288,P0008,3,0.05
O005289,P0003,2,0.0
O005290,P0020,2,0.05
O005291,P0014,1,0.05
O005292,P0014,2,0.0
O005292,P0030,3,0.0
O005293,P0022,2,0.05
O005293,P0012,2,0.15
O005293,P0001,2,0.0
O005294,P0006,2,0.0
O005294,P0022,2,0.2
O005294,P0017,2,0.05
O005295,P0025,2,0.0
O005296,P0021,3,0.0
O005296,P0016,4,0.05
O005296,P0026,2,0.05
O005296,P0014,1,0.0
O005297,P0024,1,0.1
O005297,P0020,1,0.0
O005298,P0030,1,0.05
O005298,P0019,1,0.1
O005298,P0014,1,0.05
O005298,P0024,2,0.15
O005299,P0005,2,0.15
O005299,P0004,1,0.1
O005299,P0029,1,0.05
O005299,P0002,3,0.1
O005300,P0010,2,0.05
O005300,P0025,3,0.05
O005301,P0008,3,0.05
O005302,P0028,2,0.05
O005302,P0007,1,0.15
O005303,P0003,1,0.0
O005303,P0008,3,0.0
O005304,P0017,2,0.05
O005304,P0021,2,0.05
O005304,P0006,1,0.15
O005304,P0028,4,0.1
O005305,P0003,4,0.05
O005305,P0015,3,0.05
O005305,P0016,2,0.05
O005306,P0014,1,0.05
O005307,P0025,3,0.15
O005307,P0018,1,0.0
O005307,P0002,2,0.0
O005307,P0017,1,0.05
O005307,P0015,3,0.2
O005308,P0001,1,0.05
O005308,P0010,1,0.0
O005308,P0003,4,0.1
O005309,P0012,1,0.2
O005310,P0023,1,0.1
O005310,P0004,1,0.2
O005311,P0010,2,0.05
O005312,P0019,3,0.0
O005312,P0001,1,0.0
O005312,P0011,2,0.2
O005312,P0018,2,0.2
O005313,P0006,3,0.05
O005313,P0007,2,0.0
O005313,P0026,2,0.05
O005313,P0027,3,0.1
O005314,P0012,3,0.15
O005315,P0028,1,0.0
O005315,P0007,2,0.15
O005316,P0028,1,0.1
O005316,P0008,1,0.0
O005317,P0022,2,0.0
O005318,P0020,2,0.05
O005318,P0011,1,0.1
O005319,P0003,1,0.15
O005319,P0015,2,0.1
O005319,P0023,3,0.1
O005320,P0015,1,0.15
O005321,P0029,1,0.05
O005322,P0022,2,0.0
O005322,P0012,1,0.0
O005323,P0026,2,0.1
O005323,P0020,2,0.05
O005323,P0006,2,0.05
O005323,P0009,1,0.05
O005324,P0012,1,0.05
O005324,P0009,3,0.05
O005325,P0014,3,0.0
O005325,P0005,1,0.1
O005325,P0007,1,0.0
O005326,P0018,2,0.0
O005326,P0004,2,0.15
O005327,P0011,1,0.15
O005327,P0028,4,0.05
O005327,P0009,1,0.0
O005328,P0016,2,0.0
O005328,P0027,1,0.05
O005328,P0001,3,0.15
O005329,P0003,1,0.05
O005330,P0002,1,0.2
O005330,P0009,3,0.0
O005330,P0011,2,0.1
O005330,P0016,3,0.05
O005330,P0008,2,0.1
O005331,P0014,1,0.1
O005331,P0028,2,0.0
O005332,P0005,3,0.05
O005332,P0009,1,0.1
O005333,P0019,2,0.05
O005333,P0022,2,0.0
O005333,P0010,1,0.1
O005333,P0017,1,0.0
O005333,P0021,1,0.0
O005334,P0020,1,0.0
O005334,P0005,1,0.2
O005334,P0017,1,0.0
O005334,P0012,1,0.05
O005335,P0030,2,0.05
O005335,P0014,3,0.0
O005336,P0019,1,0.2
O005336,P0013,1,0.0
O005336,P0010,2,0.05
O005337,P0013,2,0.2
O005337,P0030,1,0.2
O005338,P0012,2,0.1
O005339,P0026,2,0.05
O005339,P0022,3,0.05
O005340,P0016,2,0.1
O005340,P0017,2,0.0
O005340,P0024,1,0.1
O005341,P0011,1,0.1
O005341,P0021,1,0.05
O005342,P0008,1,0.05
O005343,P0014,1,0.1
O005343,P0004,1,0.0
O005343,P0011,2,0.05
O005343,P0006,3,0.05
O005343,P0026,1,0.05
O005344,P0016,1,0.05
O005344,P0018,1,0.15
O005345,P0030,3,0.15
O005345,P0026,1,0.15
O005345,P0002,2,0.1
O005346,P0024,2,0.05
O005347,P0004,1,0.05
O005347,P0015,2,0.05
O005347,P0016,2,0.15
O005347,P0022,4,0.1
O005348,P0005,4,0.2
O005349,P0028,3,0.05
O005349,P0007,2,0.15
O005350,P0002,1,0.0
O005351,P0006,1,0.1
O005352,P0014,1,0.0
O005352,P0007,1,0.05
O005353,P0025,1,0.05
O005353,P0017,1,0.05
O005354,P0022,1,0.0
O005354,P0020,1,0.0
O005355,P0014,1,0.1
O005356,P0027,3,0.1
O005357,P0014,1,0.15
O005357,P0027,1,0.05
O005357,P0007,2,0.15
O005358,P0026,2,0.1
O005358,P0005,4,0.05
O005358,P0027,3,0.0
O005358,P0022,1,0.0
O005359,P0005,1,0.0
O005359,P0017,2,0.05
O005360,P0013,1,0.2
O005360,P0028,3,0.05
O005360,P0012,1,0.1
O005360,P0015,1,0.1
O005360,P0005,2,0.05
O005361,P0013,1,0.15
O005362,P0023,3,0.0
O005362,P0004,1,0.0
O005362,P0010,1,0.05
O005362,P0005,1,0.0
O005362,P0025,3,0.1
O005363,P0017,3,0.1
O005363,P0007,3,0.0
O005364,P0019,2,0.0
O005364,P0021,3,0.05
O005365,P0029,1,0.15
O005365,P0001,1,0.05
O005365,P0005,3,0.15
O005365,P0030,2,0.2
O005366,P0008,2,0.15
O005367,P0027,1,0.05
O005368,P0013,2,0.05
O005369,P0013,2,0.05
O005370,P0029,2,0.0
O005370,P0028,3,0.0
O005371,P0019,3,0.05
O005372,P0014,1,0.0
O005372,P0019,3,0.1
O005373,P0017,1,0.0
O005373,P0001,3,0.0
O005373,P0030,2,0.05
O005374,P0018,1,0.05
O005375,P0018,1,0.05
O005376,P0022,2,0.0
O005376,P0006,2,0.15
O005377,P0009,1,0.0
O005378,P0024,2,0.0
O005378,P0007,1,0.0
O005378,P0003,2,0.0
O005378,P0008,2,0.05
O005379,P0008,3,0.0
O005380,P0011,1,0.15
O005380,P0004,2,0.05
O005381,P0020,3,0.05
O005381,P0027,3,0.1
O005381,P0030,1,0.05
O005382,P0009,1,0.0
O005383,P0010,2,0.0
O005384,P0021,1,0.15
O005384,P0013,2,0.1
O005384,P0009,1,0.0
O005384,P0028,1,0.05
O005385,P0004,2,0.0
O005385,P0012,1,0.0
O005385,P0007,1,0.05
O005386,P0028,1,0.05
O005387,P0011,1,0.05
O005388,P0022,2,0.05
O005389,P0016,2,0.1
O005390,P0023,1,0.15
O005391,P0025,3,0.0
O005391,P0028,2,0.0
O005391,P0003,1,0.0
O005392,P0020,2,0.0
O005392,P0026,1,0.0
O005393,P0006,2,0.0
O005393,P0012,3,0.05
O005393,P0017,1,0.0
O005393,P0022,4,0.0
O005394,P0013,2,0.1
O005394,P0023,1,0.05
O005395,P0013,3,0.05
O005395,P0017,1,0.05
O005396,P0008,1,0.05
O005397,P0016,1,0.1
O005397,P0018,3,0.0
O005398,P0003,4,0.1
O005398,P0018,4,0.05
O005398,P0014,1,0.05
O005399,P0012,2,0.05
O005399,P0029,2,0.0
O005399,P0019,1,0.05
O005399,P0025,1,0.1
O005400,P0029,2,0.0
O005400,P0025,1,0.05
O005401,P0027,1,0.0
O005402,P0006,1,0.05
O005402,P0005,1,0.05
O005403,P0009,3,0.1
O005404,P0029,1,0.05
O005404,P0008,3,0.05
O005405,P0013,3,0.1
O005406,P0024,1,0.05
O005406,P0007,1,0.1
O005407,P0004,1,0.0
O005408,P0021,1,0.0
O005408,P0024,1,0.0
O005408,P0018,1,0.05
O005409,P0005,1,0.1
O005410,P0014,1,0.0
O005410,P0004,1,0.1
O005411,P0027,2,0.15
O005412,P0009,2,0.15
O005413,P0008,1,0.1
O005414,P0030,2,0.1
O005415,P0013,1,0.0
O005415,P0022,1,0.05
O005416,P0009,1,0.05
O005417,P0008,1,0.0
O005417,P0015,3,0.1
O005417,P0018,1,0.0
O005418,P0009,1,0.0
O005419,P0015,1,0.05
O005419,P0004,1,0.0
O005419,P0026,1,0.05
O005419,P0006,2,0.1
O005420,P0002,3,0.0
O005421,P0016,4,0.1
O005421,P0001,1,0.1
O005422,P0018,2,0.05
O005422,P0007,3,0.2
O005423,P0002,3,0.05
O005423,P0001,1,0.05
O005424,P0016,1,0.05
O005424,P0005,1,0.05
O005425,P0024,3,0.0
O005425,P0002,2,0.0
O005425,P0011,2,0.1
O005425,P0030,1,0.05
O005425,P0007,1,0.05
O005426,P0030,1,0.05
O005426,P0011,1,0.0
O005426,P0015,3,0.0
O005426,P0010,1,0.15
O005426,P0025,1,0.0
O005427,P0022,2,0.2
O005427,P0006,2,0.0
O005427,P0002,2,0.0
O005427,P0025,3,0.1
O005428,P0007,1,0.0
O005429,P0006,2,0.05
O005429,P0021,1,0.1
O005429,P0029,1,0.0
O005430,P0015,1,0.2
O005430,P0020,2,0.05
O005430,P0021,1,0.1
O005431,P0025,1,0.0
O005432,P0012,1,0.05
O005433,P0020,2,0.05
O005433,P0018,2,0.0
O005433,P0009,2,0.1
O005434,P0020,1,0.05
O005435,P0010,2,0.0
O005435,P0003,1,0.05
O005435,P0008,2,0.1
O005436,P0023,1,0.0
O005437,P0009,1,0.15
O005437,P0015,1,0.1
O005437,P0017,2,0.15
O005438,P0007,1,0.05
O005439,P0027,2,0.05
O005440,P0024,2,0.0
O005440,P0029,1,0.0
O005440,P0025,1,0.05
O005441,P0005,2,0.05
O005442,P0018,2,0.0
O005443,P0005,1,0.05
O005444,P0030,2,0.05
O005444,P0001,3,0.1
O005445,P0017,1,0.0
O005445,P0012,1,0.0
O005446,P0001,1,0.05
O005446,P0013,3,0.2
O005447,P0002,2,0.0
O005447,P0004,1,0.0
O005448,P0017,2,0.1
O005449,P0012,2,0.05
O005449,P0002,3,0.2
O005450,P0017,3,0.0
O005451,P0016,1,0.2
O005451,P0001,1,0.05
O005451,P0009,2,0.0
O005451,P0005,1,0.15
O005452,P0009,2,0.1
O005452,P0020,2,0.0
O005452,P0015,2,0.05
O005453,P0010,1,0.05
O005453,P0014,2,0.0
O005454,P0024,2,0.0
O005454,P0003,1,0.05
O005454,P0022,1,0.15
O005454,P0016,1,0.05
O005455,P0003,1,0.0
O005455,P0014,1,0.0
O005456,P0002,2,0.0
O005456,P0018,1,0.0
O005456,P0004,1,0.0
O005457,P0008,1,0.05
O005457,P0015,1,0.05
O005457,P0017,2,0.1
O005458,P0006,2,0.0
O005458,P0001,1,0.0
O005459,P0023,1,0.1
O005459,P0025,1,0.1
O005460,P0019,2,0.0
O005460,P0029,1,0.15
O005460,P0014,1,0.0
O005461,P0023,1,0.0
O005461,P0025,1,0.05
O005461,P0001,4,0.05
O005462,P0027,1,0.15
O005463,P0018,2,0.0
O005464,P0018,2,0.05
O005464,P0014,1,0.05
O005464,P0023,1,0.05
O005464,P0017,1,0.05
O005464,P0019,2,0.1
O005465,P0028,3,0.05
O005466,P0020,1,0.2
O005466,P0013,1,0.1
O005467,P0023,1,0.05
O005468,P0026,3,0.15
O005468,P0012,1,0.0
O005468,P0002,1,0.05
O005468,P0029,1,0.1
O005469,P0006,2,0.15
O005469,P0007,1,0.05
O005470,P0009,3,0.0
O005470,P0016,2,0.05
O005471,P0010,1,0.1
O005472,P0011,1,0.0
O005473,P0017,3,0.1
O005473,P0009,4,0.1
O005473,P0013,1,0.05
O005474,P0004,2,0.0
O005474,P0030,1,0.05
O005475,P0010,1,0.0
O005476,P0015,1,0.0
O005476,P0013,1,0.15
O005476,P0007,3,0.05
O005477,P0025,2,0.15
O005477,P0006,1,0.0
O005477,P0004,1,0.1
O005478,P0010,1,0.0
O005478,P0020,1,0.1
O005478,P0002,2,0.0
O005479,P0023,2,0.1
O005480,P0011,3,0.0
O005481,P0009,1,0.0
O005482,P0030,3,0.05
O005483,P0025,1,0.0
O005483,P0026,2,0.0
O005484,P0003,2,0.05
O005484,P0022,2,0.1
O005484,P0002,1,0.1
O005485,P0006,1,0.05
O005486,P0025,2,0.05
O005486,P0013,3,0.15
O005486,P0009,2,0.05
O005487,P0014,3,0.05
O005487,P0003,1,0.05
O005488,P0017,3,0.0
O005489,P0015,1,0.05
O005489,P0023,1,0.1
O005490,P0009,1,0.0
O005490,P0006,3,0.0
O005491,P0005,1,0.05
O005492,P0006,1,0.0
O005493,P0026,4,0.05
O005494,P0027,3,0.0
O005495,P0015,2,0.05
O005495,P0021,2,0.2
O005496,P0001,1,0.05
O005496,P0019,3,0.0
O005496,P0017,3,0.05
O005497,P0013,2,0.0
O005497,P0024,1,0.1
O005497,P0002,2,0.0
O005497,P0014,2,0.05
O005498,P0029,3,0.1
O005499,P0003,1,0.05
O005500,P0004,1,0.0
O005501,P0023,2,0.05
O005501,P0002,2,0.05
O005502,P0005,1,0.2
O005502,P0012,1,0.0
O005503,P0005,1,0.05
O005503,P0001,1,0.0
O005504,P0007,1,0.05
O005505,P0023,1,0.0
O005505,P0019,1,0.05
O005506,P0014,1,0.15
O005506,P0028,2,0.0
O005507,P0005,1,0.05
O005507,P0030,1,0.0
O005508,P0021,1,0.05
O005508,P0001,1,0.15
O005508,P0015,1,0.2
O005508,P0007,1,0.0
O005509,P0008,2,0.05
O005510,P0020,1,0.0
O005511,P0003,3,0.05
O005511,P0028,1,0.0
O005511,P0011,1,0.0
O005512,P0026,2,0.0
O005513,P0030,1,0.1
O005513,P0004,1,0.2
O005514,P0001,2,0.0
O005514,P0016,2,0.05
O005515,P0011,4,0.05
O005515,P0001,1,0.05
O005515,P0026,1,0.0
O005516,P0007,2,0.05
O005516,P0028,1,0.15
O005517,P0001,2,0.15
O005517,P0006,1,0.1
O005518,P0010,2,0.15
O005519,P0016,2,0.1
O005519,P0026,4,0.1
O005519,P0015,1,0.0
O005519,P0023,1,0.0
O005519,P0025,3,0.0
O005520,P0007,2,0.1
O005520,P0001,2,0.1
O005520,P0011,2,0.0
O005520,P0004,2,0.2
O005520,P0029,1,0.0
O005521,P0003,2,0.0
O005522,P0009,1,0.1
O005522,P0015,4,0.05
O005522,P0030,4,0.05
O005523,P0014,2,0.05
O005523,P0002,4,0.05
O005523,P0009,1,0.05
O005524,P0002,2,0.0
O005524,P0012,2,0.05
O005525,P0022,1,0.05
O005526,P0010,1,0.1
O005527,P0005,4,0.05
O005527,P0014,1,0.05
O005527,P0029,2,0.05
O005528,P0013,1,0.0
O005528,P0026,1,0.0
O005528,P0019,1,0.15
O005529,P0001,1,0.1
O005530,P0022,2,0.0
O005530,P0027,1,0.05
O005531,P0015,4,0.0
O005532,P0009,1,0.1
O005532,P0014,2,0.05
O005532,P0015,3,0.2
O005532,P0028,1,0.05
O005533,P0021,2,0.05
O005533,P0020,4,0.2
O005534,P0009,1,0.0
O005534,P0027,3,0.15
O005535,P0007,1,0.0
O005535,P0008,3,0.0
O005536,P0028,3,0.0
O005536,P0008,3,0.0
O005537,P0013,3,0.1
O005538,P0023,1,0.05
O005538,P0001,1,0.1
O005538,P0010,1,0.1
O005539,P0024,2,0.0
O005539,P0005,1,0.1
O005540,P0010,3,0.05
O005540,P0011,3,0.05
O005540,P0027,3,0.15
O005540,P0015,3,0.1
O005541,P0028,1,0.15
O005542,P0029,2,0.05
O005543,P0006,1,0.05
O005543,P0025,1,0.1
O005543,P0009,4,0.05
O005543,P0003,3,0.1
O005543,P0010,1,0.0
O005544,P0006,1,0.05
O005544,P0025,1,0.05
O005545,P0010,1,0.05
O005545,P0011,2,0.1
O005546,P0019,3,0.05
O005546,P0015,1,0.1
O005547,P0021,2,0.1
O005548,P0009,2,0.0
O005549,P0016,2,0.1
O005550,P0019,1,0.1
O005550,P0017,2,0.0
O005550,P0004,2,0.0
O005550,P0018,2,0.05
O005551,P0022,1,0.05
O005551,P0020,3,0.0
O005552,P0030,2,0.05
O005552,P0011,1,0.05
O005553,P0025,2,0.0
O005553,P0007,1,0.0
O005554,P0004,2,0.0
O005555,P0028,1,0.1
O005555,P0014,2,0.0
O005555,P0025,2,0.0
O005555,P0024,2,0.05
O005556,P0029,3,0.05
O005556,P0021,1,0.05
O005556,P0013,2,0.0
O005556,P0010,1,0.15
O005557,P0019,3,0.05
O005558,P0018,2,0.15
O005559,P0014,1,0.0
O005559,P0016,2,0.0
O005559,P0029,2,0.0
O005559,P0020,1,0.1
O005559,P0021,1,0.0
O005560,P0004,1,0.2
O005560,P0019,1,0.05
O005560,P0022,2,0.0
O005561,P0030,3,0.05
O005561,P0028,1,0.1
O005562,P0030,3,0.1
O005562,P0013,1,0.15
O005562,P0029,1,0.05
O005563,P0011,1,0.1
O005563,P0024,1,0.05
O005563,P0004,1,0.0
O005563,P0023,2,0.15
O005564,P0006,1,0.05
O005564,P0008,2,0.1
O005564,P0022,2,0.1
O005564,P0013,1,0.05
O005565,P0027,2,0.15
O005565,P0030,1,0.1
O005565,P0016,1,0.0
O005566,P0030,3,0.2
O005566,P0008,1,0.0
O005566,P0005,2,0.1
O005567,P0009,1,0.0
O005568,P0015,1,0.2
O005568,P0012,2,0.1
O005568,P0021,1,0.2
O005569,P0022,1,0.05
O005569,P0012,1,0.15
O005569,P0024,2,0.0
O005570,P0009,2,0.0
O005570,P0020,1,0.0
O005571,P0028,1,0.0
O005571,P0014,2,0.15
O005571,P0012,2,0.1
O005571,P0019,1,0.0
O005572,P0016,3,0.05
O005573,P0028,2,0.05
O005573,P0024,2,0.0
O005573,P0019,3,0.1
O005574,P0027,2,0.0
O005575,P0004,1,0.15
O005576,P0020,2,0.15
O005577,P0009,1,0.2
O005577,P0001,3,0.05
O005578,P0020,3,0.05
O005578,P0028,1,0.1
O005579,P0002,3,0.1
O005580,P0022,2,0.0
O005581,P0001,1,0.1
O005582,P0025,4,0.0
O005582,P0001,1,0.0
O005583,P0007,1,0.1
O005583,P0018,2,0.1
O005583,P0020,2,0.05
O005584,P0008,1,0.0
O005584,P0017,1,0.05
O005585,P0003,3,0.1
O005586,P0015,1,0.1
O005587,P0020,2,0.05
O005587,P0016,2,0.0
O005587,P0018,3,0.0
O005587,P0009,1,0.0
O005587,P0024,1,0.1
O005588,P0026,1,0.05
O005588,P0016,1,0.15
O005588,P0018,1,0.05
O005588,P0010,2,0.0
O005589,P0005,1,0.15
O005589,P0018,4,0.0
O005589,P0010,1,0.1
O005590,P0016,1,0.05
O005590,P0028,1,0.1
O005590,P0015,2,0.0
O005590,P0012,3,0.05
O005590,P0002,1,0.05
O005591,P0023,2,0.1
O005591,P0015,1,0.1
O005591,P0009,3,0.0
O005591,P0012,1,0.0
O005591,P0024,1,0.05
O005592,P0001,3,0.05
O005593,P0006,1,0.2
O005593,P0007,2,0.05
O005594,P0020,3,0.05
O005594,P0001,2,0.05
O005595,P0001,1,0.05
O005596,P0004,1,0.05
O005596,P0003,1,0.05
O005596,P0027,1,0.15
O005596,P0022,3,0.0
O005597,P0018,2,0.05
O005597,P0028,2,0.0
O005598,P0017,2,0.1
O005598,P0019,2,0.0
O005598,P0026,3,0.05
O005599,P0011,2,0.05
O005600,P0006,3,0.15
O005600,P0019,1,0.05
O005601,P0010,1,0.0
O005601,P0018,1,0.1
O005602,P0015,2,0.05
O005602,P0010,2,0.0
O005603,P0017,3,0.05
O005603,P0029,1,0.0
O005603,P0019,2,0.05
O005603,P0015,1,0.0
O005604,P0023,1,0.0
O005605,P0011,2,0.05
O005605,P0026,1,0.05
O005605,P0024,1,0.1
O005606,P0002,1,0.05
O005607,P0011,1,0.15
O005608,P0025,2,0.05
O005608,P0020,2,0.0
O005608,P0014,4,0.0
O005608,P0004,1,0.05
O005609,P0019,1,0.0
O005609,P0013,1,0.05
O005610,P0022,2,0.1
O005610,P0011,1,0.0
O005610,P0003,2,0.0
O005611,P0027,1,0.1
O005612,P0023,1,0.1
O005612,P0028,3,0.1
O005613,P0012,3,0.1
O005614,P0003,1,0.1
O005614,P0026,2,0.05
O005615,P0008,1,0.05
O005616,P0022,1,0.0
O005616,P0013,2,0.0
O005616,P0028,1,0.05
O005617,P0019,1,0.1
O005617,P0003,1,0.05
O005617,P0025,1,0.0
O005618,P0025,3,0.05
O005618,P0017,2,0.05
O005618,P0028,4,0.2
O005619,P0006,1,0.15
O005619,P0008,1,0.1
O005620,P0013,1,0.0
O005620,P0002,1,0.0
O005620,P0026,1,0.0
O005621,P0014,2,0.0
O005621,P0001,1,0.05
O005621,P0024,1,0.05
O005622,P0014,1,0.0
O005622,P0021,2,0.2
O005622,P0003,1,0.1
O005622,P0004,1,0.05
O005623,P0008,1,0.0
O005623,P0003,1,0.05
O005624,P0029,1,0.0
O005624,P0006,1,0.0
O005624,P0001,1,0.0
O005624,P0017,2,0.05
O005624,P0009,2,0.0
O005625,P0020,1,0.05
O005625,P0005,2,0.0
O005626,P0004,2,0.05
O005626,P0013,1,0.0
O005626,P0007,1,0.15
O005627,P0017,1,0.05
O005627,P0003,2,0.05
O005627,P0027,1,0.0
O005627,P0028,2,0.05
O005627,P0022,4,0.0
O005628,P0002,2,0.0
O005628,P0027,3,0.05
O005628,P0024,2,0.1
O005629,P0008,1,0.0
O005629,P0001,4,0.0
O005629,P0026,2,0.2
O005630,P0029,1,0.0
O005630,P0016,3,0.1
O005631,P0014,1,0.05
O005631,P0003,3,0.05
O005632,P0030,1,0.0
O005632,P0002,2,0.0
O005632,P0022,1,0.1
O005633,P0018,1,0.2
O005634,P0009,1,0.1
O005634,P0003,2,0.2
O005634,P0024,1,0.2
O005634,P0020,1,0.1
O005634,P0029,1,0.0
O005635,P0022,1,0.05
O005635,P0021,1,0.0
O005636,P0026,2,0.05
O005636,P0011,1,0.0
O005637,P0005,1,0.2
O005638,P0024,2,0.1
O005639,P0006,1,0.1
O005640,P0014,3,0.05
O005640,P0003,3,0.1
O005641,P0001,1,0.1
O005641,P0018,3,0.0
O005641,P0008,2,0.05
O005642,P0015,2,0.2
O005642,P0027,2,0.1
O005643,P0007,1,0.1
O005644,P0019,1,0.15
O005644,P0012,4,0.05
O005645,P0006,1,0.05
O005646,P0012,2,0.0
O005647,P0014,1,0.1
O005647,P0026,1,0.0
O005647,P0010,1,0.0
O005648,P0003,1,0.0
O005648,P0014,3,0.2
O005649,P0001,1,0.1
O005649,P0019,2,0.05
O005650,P0010,2,0.05
O005650,P0007,2,0.1
O005651,P0003,2,0.0
O005651,P0020,2,0.1
O005651,P0019,1,0.0
O005652,P0004,3,0.15
O005653,P0025,1,0.05
O005654,P0006,1,0.1
O005655,P0022,1,0.2
O005655,P0013,1,0.05
O005656,P0024,1,0.1
O005657,P0022,1,0.1
O005657,P0028,2,0.15
O005657,P0025,2,0.0
O005657,P0014,1,0.05
O005658,P0019,1,0.05
O005658,P0014,1,0.1
O005659,P0019,1,0.15
O005659,P0011,1,0.05
O005659,P0021,1,0.2
O005660,P0028,1,0.05
O005660,P0007,4,0.0
O005660,P0020,2,0.1
O005660,P0025,4,0.15
O005661,P0029,1,0.2
O005662,P0006,2,0.0
O005662,P0021,3,0.05
O005662,P0022,1,0.05
O005663,P0020,1,0.1
O005663,P0027,1,0.0
O005663,P0003,3,0.1
O005663,P0004,3,0.0
O005664,P0015,1,0.0
O005664,P0028,2,0.0
O005665,P0001,3,0.15
O005666,P0024,2,0.15
O005666,P0003,2,0.0
O005667,P0025,1,0.0
O005668,P0016,1,0.1
O005668,P0023,1,0.1
O005669,P0013,1,0.2
O005669,P0001,1,0.05
O005670,P0019,1,0.2
O005671,P0026,1,0.05
O005672,P0015,2,0.05
O005673,P0010,1,0.1
O005673,P0007,1,0.0
O005674,P0029,2,0.05
O005674,P0026,3,0.05
O005674,P0017,2,0.05
O005675,P0017,1,0.0
O005675,P0015,1,0.05
O005675,P0009,1,0.05
O005675,P0024,4,0.1
O005676,P0007,1,0.2
O005677,P0017,3,0.2
O005678,P0019,2,0.0
O005678,P0029,1,0.0
O005678,P0003,1,0.0
O005678,P0018,2,0.05
O005679,P0014,2,0.05
O005680,P0012,1,0.1
O005680,P0006,3,0.05
O005681,P0019,1,0.05
O005682,P0019,1,0.1
O005682,P0030,1,0.1
O005683,P0025,1,0.0
O005684,P0007,1,0.1
O005685,P0023,1,0.05
O005686,P0008,1,0.05
O005686,P0022,1,0.05
O005686,P0024,1,0.05
O005686,P0026,2,0.0
O005686,P0003,1,0.05
O005687,P0027,4,0.15
O005687,P0019,2,0.0
O005687,P0011,1,0.1
O005688,P0020,1,0.1
O005689,P0010,1,0.1
O005689,P0013,2,0.1
O005689,P0005,1,0.05
O005690,P0028,2,0.15
O005690,P0030,1,0.0
O005691,P0024,1,0.0
O005691,P0021,2,0.1
O005691,P0002,1,0.1
O005691,P0012,1,0.05
O005692,P0026,1,0.1
O005693,P0012,3,0.0
O005693,P0006,2,0.0
O005694,P0026,1,0.0
O005695,P0025,1,0.0
O005695,P0030,2,0.0
O005696,P0005,2,0.0
O005696,P0001,2,0.0
O005697,P0012,3,0.05
O005698,P0030,1,0.0
O005698,P0004,1,0.1
O005699,P0004,2,0.05
O005700,P0005,3,0.0
O005700,P0014,1,0.05
O005700,P0023,1,0.0
O005701,P0003,3,0.0
O005701,P0010,2,0.15
O005701,P0007,1,0.1
O005701,P0027,1,0.1
O005702,P0008,1,0.05
O005702,P0002,1,0.2
O005703,P0030,2,0.05
O005703,P0029,2,0.05
O005703,P0023,1,0.05
O005704,P0014,3,0.05
O005704,P0021,1,0.05
O005704,P0022,1,0.1
O005704,P0005,2,0.05
O005705,P0030,2,0.0
O005705,P0017,2,0.05
O005706,P0013,3,0.1
O005706,P0030,2,0.05
O005706,P0001,2,0.1
O005706,P0003,1,0.05
O005706,P0006,3,0.0
O005707,P0024,1,0.2
O005707,P0029,2,0.15
O005708,P0023,2,0.05
O005708,P0010,1,0.15
O005708,P0021,1,0.1
O005709,P0015,1,0.05
O005709,P0010,3,0.0
O005709,P0024,1,0.05
O005710,P0009,1,0.05
O005710,P0019,1,0.1
O005710,P0004,1,0.05
O005711,P0002,2,0.1
O005711,P0012,1,0.2
O005712,P0021,2,0.05
O005713,P0014,2,0.05
O005714,P0021,3,0.05
O005714,P0013,2,0.0
O005714,P0019,2,0.1
O005715,P0001,1,0.0
O005716,P0022,1,0.1
O005716,P0001,2,0.1
O005717,P0020,1,0.1
O005717,P0010,1,0.0
O005717,P0002,2,0.05
O005718,P0019,2,0.2
O005718,P0002,1,0.1
O005719,P0012,2,0.0
O005719,P0018,1,0.0
O005720,P0008,1,0.1
O005721,P0002,1,0.1
O005721,P0023,2,0.05
O005722,P0006,1,0.05
O005722,P0028,1,0.0
O005723,P0016,3,0.05
O005723,P0030,1,0.1
O005724,P0005,1,0.1
O005724,P0008,2,0.05
O005725,P0026,1,0.05
O005726,P0003,4,0.05
O005727,P0005,1,0.0
O005728,P0012,4,0.15
O005729,P0013,1,0.0
O005729,P0024,1,0.2
O005729,P0020,4,0.15
O005730,P0012,4,0.0
O005730,P0024,2,0.0
O005731,P0002,1,0.0
O005731,P0007,1,0.0
O005731,P0023,1,0.0
O005732,P0006,3,0.0
O005733,P0002,1,0.05
O005734,P0011,2,0.1
O005734,P0023,2,0.1
O005734,P0018,1,0.05
O005735,P0017,1,0.15
O005735,P0003,1,0.15
O005735,P0006,1,0.05
O005736,P0021,1,0.0
O005737,P0018,3,0.05
O005738,P0016,2,0.05
O005738,P0029,1,0.15
O005738,P0010,1,0.05
O005739,P0023,1,0.0
O005739,P0021,2,0.2
O005739,P0018,2,0.2
O005740,P0015,1,0.05
O005740,P0011,1,0.1
O005741,P0020,4,0.15
O005741,P0015,1,0.1
O005742,P0006,1,0.0
O005742,P0019,4,0.0
O005742,P0011,2,0.05
O005742,P0007,2,0.0
O005742,P0008,4,0.15
O005743,P0016,1,0.05
O005743,P0024,2,0.1
O005744,P0015,2,0.0
O005744,P0009,1,0.15
O005744,P0021,2,0.0
O005744,P0014,1,0.05
O005745,P0012,2,0.05
O005745,P0029,1,0.05
O005746,P0010,3,0.0
O005746,P0001,1,0.2
O005747,P0025,1,0.0
O005747,P0006,1,0.05
O005747,P0029,1,0.1
O005748,P0020,2,0.05
O005748,P0028,2,0.1
O005748,P0022,4,0.1
O005748,P0006,2,0.0
O005748,P0010,2,0.1
O005749,P0008,2,0.0
O005749,P0014,1,0.0
O005750,P0012,1,0.0
O005750,P0029,1,0.05
O005750,P0001,1,0.05
O005751,P0021,3,0.05
O005751,P0025,1,0.0
O005751,P0027,4,0.0
O005751,P0018,3,0.2
O005751,P0001,1,0.15
O005752,P0030,1,0.05
O005752,P0022,1,0.0
O005753,P0018,1,0.05
O005754,P0018,1,0.05
O005754,P0019,2,0.05
O005755,P0027,1,0.05
O005756,P0003,1,0.0
O005757,P0019,1,0.05
O005758,P0016,4,0.05
O005759,P0030,1,0.15
O005759,P0014,1,0.0
O005760,P0008,1,0.05
O005760,P0015,1,0.1
O005760,P0013,1,0.1
O005761,P0011,3,0.05
O005762,P0023,3,0.0
O005763,P0009,1,0.0
O005764,P0024,1,0.05
O005765,P0013,1,0.0
O005765,P0025,2,0.05
O005766,P0010,1,0.0
O005766,P0016,2,0.05
O005766,P0005,2,0.0
O005766,P0015,2,0.05
O005767,P0026,1,0.0
O005767,P0002,1,0.0
O005767,P0011,3,0.05
O005768,P0007,1,0.1
O005769,P0015,2,0.1
O005769,P0029,3,0.05
O005770,P0019,2,0.1
O005771,P0025,1,0.1
O005771,P0006,1,0.05
O005771,P0002,3,0.05
O005772,P0013,1,0.0
O005772,P0026,1,0.15
O005772,P0023,1,0.0
O005773,P0003,2,0.05
O005773,P0024,2,0.0
O005773,P0001,2,0.05
O005773,P0028,1,0.05
O005774,P0010,3,0.2
O005774,P0005,1,0.05
O005775,P0022,1,0.1
O005776,P0001,1,0.0
O005776,P0015,3,0.1
O005776,P0028,1,0.0
O005776,P0007,1,0.1
O005777,P0024,1,0.0
O005777,P0014,2,0.0
O005778,P0029,2,0.05
O005778,P0018,3,0.05
O005779,P0013,4,0.15
O005779,P0007,2,0.1
O005779,P0024,2,0.1
O005779,P0021,1,0.05
O005779,P0029,3,0.1
O005780,P0007,1,0.15
O005780,P0011,1,0.0
O005781,P0030,2,0.15
O005781,P0024,1,0.0
O005781,P0016,1,0.0
O005782,P0017,1,0.0
O005782,P0023,1,0.0
O005783,P0017,3,0.05
O005783,P0030,1,0.0
O005783,P0020,3,0.2
O005783,P0025,2,0.1
O005783,P0005,1,0.0
O005784,P0028,3,0.0
O005785,P0029,1,0.1
O005786,P0028,1,0.05
O005786,P0010,1,0.0
O005786,P0029,1,0.05
O005787,P0029,1,0.05
O005788,P0005,2,0.05
O005788,P0013,1,0.0
O005788,P0022,1,0.15
O005789,P0004,1,0.0
O005790,P0010,2,0.0
O005790,P0023,1,0.05
O005791,P0019,2,0.0
O005791,P0007,1,0.2
O005792,P0013,2,0.15
O005793,P0026,2,0.0
O005794,P0024,1,0.05
O005795,P0012,1,0.05
O005795,P0030,1,0.05
O005796,P0024,1,0.05
O005796,P0022,2,0.1
O005796,P0001,1,0.05
O005796,P0026,1,0.15
O005796,P0017,2,0.1
O005797,P0029,2,0.0
O005797,P0030,3,0.0
O005798,P0024,1,0.0
O005798,P0030,2,0.05
O005799,P0030,1,0.05
O005799,P0015,1,0.05
O005799,P0028,2,0.05
O005800,P0009,1,0.05
O005800,P0002,3,0.05
O005801,P0025,1,0.05
O005801,P0003,1,0.1
O005801,P0015,2,0.05
O005801,P0020,1,0.1
O005801,P0017,1,0.05
O005802,P0022,2,0.0
O005802,P0024,1,0.05
O005802,P0030,2,0.0
O005803,P0025,2,0.0
O005804,P0020,1,0.05
O005804,P0028,2,0.05
O005805,P0010,1,0.05
O005805,P0012,1,0.0
O005806,P0015,1,0.1
O005807,P0026,1,0.2
O005807,P0013,2,0.15
O005807,P0005,1,0.0
O005808,P0010,1,0.2
O005808,P0013,2,0.2
O005809,P0012,2,0.15
O005810,P0012,1,0.1
O005810,P0028,2,0.0
O005810,P0020,1,0.05
O005811,P0025,3,0.0
O005811,P0027,1,0.0
O005812,P0023,2,0.0
O005812,P0003,2,0.15
O005812,P0024,3,0.0
O005813,P0027,2,0.1
O005813,P0010,2,0.0
O005814,P0009,1,0.05
O005814,P0026,1,0.15
O005814,P0025,1,0.05
O005815,P0003,2,0.05
O005815,P0008,1,0.0
O005815,P0005,1,0.1
O005816,P0012,1,0.0
O005817,P0013,3,0.05
O005818,P0024,1,0.05
O005819,P0014,1,0.1
O005820,P0019,1,0.1
O005820,P0025,1,0.0
O005821,P0027,4,0.05
O005821,P0025,1,0.05
O005821,P0028,3,0.05
O005821,P0016,3,0.0
O005821,P0024,1,0.15
O005822,P0012,2,0.05
O005822,P0025,1,0.1
O005822,P0014,1,0.15
O005822,P0022,4,0.1
O005822,P0009,1,0.0
O005823,P0016,1,0.15
O005823,P0006,1,0.1
O005823,P0027,2,0.15
O005824,P0002,1,0.15
O005824,P0009,3,0.0
O005824,P0020,1,0.0
O005825,P0002,2,0.0
O005825,P0001,4,0.05
O005825,P0027,1,0.05
O005825,P0020,2,0.0
O005826,P0001,1,0.2
O005827,P0021,1,0.2
O005828,P0004,2,0.0
O005828,P0014,1,0.1
O005828,P0025,1,0.0
O005828,P0018,1,0.0
O005828,P0027,3,0.0
O005829,P0022,1,0.15
O005829,P0025,1,0.1
O005830,P0027,1,0.05
O005830,P0009,2,0.1
O005831,P0019,1,0.05
O005831,P0017,2,0.0
O005832,P0013,1,0.05
O005832,P0011,4,0.0
O005833,P0013,4,0.0
O005834,P0004,1,0.2
O005835,P0013,4,0.1
O005836,P0021,2,0.05
O005837,P0024,4,0.05
O005838,P0016,3,0.05
O005838,P0008,2,0.05
O005838,P0021,1,0.05
O005838,P0004,1,0.05
O005838,P0003,2,0.1
O005839,P0020,3,0.0
O005839,P0005,1,0.0
O005839,P0014,3,0.0
O005840,P0003,1,0.15
O005840,P0018,1,0.0
O005840,P0014,1,0.05
O005841,P0007,1,0.05
O005842,P0017,1,0.1
O005843,P0030,2,0.0
O005843,P0028,1,0.0
O005843,P0020,1,0.05
O005843,P0007,1,0.15
O005844,P0006,1,0.05
O005844,P0005,2,0.0
O005844,P0016,1,0.05
O005845,P0006,1,0.0
O005846,P0014,1,0.1
O005847,P0018,1,0.1
O005847,P0008,1,0.15
O005847,P0028,2,0.0
O005848,P0005,2,0.1
O005848,P0026,1,0.1
O005848,P0015,2,0.0
O005849,P0001,2,0.1
O005849,P0014,2,0.0
O005849,P0003,1,0.1
O005850,P0026,2,0.05
O005850,P0020,1,0.05
O005851,P0026,2,0.0
O005852,P0017,2,0.0
O005852,P0013,2,0.0
O005852,P0009,2,0.0
O005853,P0015,2,0.1
O005853,P0017,3,0.05
O005853,P0013,3,0.0
O005853,P0007,1,0.05
O005854,P0024,1,0.0
O005854,P0009,3,0.05
O005854,P0011,1,0.05
O005854,P0028,1,0.0
O005854,P0006,1,0.2
O005855,P0019,2,0.1
O005855,P0012,2,0.0
O005856,P0005,1,0.1
O005856,P0025,1,0.15
O005857,P0017,1,0.05
O005857,P0024,1,0.0
O005858,P0014,2,0.0
O005859,P0029,2,0.05
O005860,P0025,2,0.15
O005860,P0007,2,0.15
O005860,P0020,1,0.0
O005860,P0003,1,0.0
O005861,P0018,2,0.05
O005861,P0022,2,0.15
O005862,P0008,1,0.05
O005863,P0030,1,0.1
O005864,P0001,3,0.2
O005865,P0021,1,0.0
O005866,P0019,2,0.05
O005867,P0008,2,0.0
O005867,P0019,2,0.0
O005867,P0009,4,0.0
O005868,P0011,2,0.0
O005868,P0001,2,0.1
O005868,P0012,1,0.05
O005868,P0019,2,0.0
O005869,P0003,1,0.15
O005869,P0030,2,0.05
O005870,P0001,1,0.1
O005870,P0002,1,0.1
O005870,P0022,2,0.05
O005871,P0021,3,0.0
O005871,P0008,1,0.0
O005872,P0022,2,0.05
O005872,P0026,1,0.05
O005873,P0019,1,0.05
O005874,P0001,3,0.0
O005874,P0020,4,0.1
O005874,P0013,1,0.15
O005875,P0016,1,0.1
O005876,P0016,1,0.05
O005876,P0026,3,0.0
O005877,P0004,1,0.05
O005877,P0008,1,0.0
O005878,P0016,1,0.2
O005878,P0024,1,0.1
O005879,P0006,2,0.15
O005879,P0010,1,0.05
O005879,P0013,1,0.05
O005880,P0030,1,0.0
O005881,P0011,1,0.15
O005881,P0025,3,0.1
O005881,P0026,1,0.1
O005882,P0019,1,0.15
O005882,P0021,2,0.15
O005883,P0011,1,0.0
O005883,P0029,2,0.1
O005884,P0025,2,0.05
O005884,P0009,2,0.05
O005884,P0011,1,0.15
O005884,P0026,1,0.05
O005884,P0021,3,0.1
O005885,P0016,2,0.05
O005886,P0001,1,0.0
O005887,P0014,2,0.1
O005887,P0007,1,0.1
O005888,P0009,2,0.1
O005888,P0024,1,0.0
O005888,P0023,2,0.05
O005888,P0004,2,0.0
O005889,P0010,1,0.1
O005890,P0017,2,0.2
O005891,P0013,1,0.0
O005891,P0019,1,0.2
O005892,P0020,1,0.05
O005892,P0002,3,0.05
O005892,P0005,2,0.05
O005892,P0025,1,0.0
O005893,P0021,2,0.05
O005893,P0017,1,0.05
O005893,P0009,2,0.0
O005894,P0018,2,0.0
O005894,P0007,1,0.05
O005894,P0016,2,0.05
O005895,P0006,1,0.05
O005895,P0001,1,0.0
O005896,P0025,1,0.0
O005896,P0004,1,0.15
O005896,P0017,1,0.1
O005897,P0028,1,0.1
O005898,P0009,2,0.0
O005899,P0013,1,0.05
O005900,P0017,4,0.15
O005900,P0016,1,0.0
O005901,P0025,1,0.1
O005902,P0011,2,0.05
O005902,P0015,1,0.05
O005902,P0016,2,0.05
O005903,P0004,2,0.0
O005904,P0026,1,0.0
O005904,P0022,2,0.0
O005904,P0023,1,0.1
O005905,P0028,1,0.15
O005905,P0007,1,0.1
O005906,P0017,2,0.1
O005906,P0008,2,0.05
O005906,P0022,1,0.0
O005907,P0020,1,0.1
O005907,P0005,1,0.05
O005907,P0027,3,0.15
O005908,P0030,1,0.0
O005908,P0020,1,0.2
O005908,P0017,1,0.15
O005908,P0002,1,0.2
O005909,P0014,1,0.05
O005909,P0026,1,0.0
O005909,P0009,1,0.2
O005909,P0018,2,0.0
O005910,P0025,1,0.2
O005910,P0012,2,0.0
O005910,P0026,1,0.0
O005911,P0003,3,0.0
O005912,P0016,3,0.0
O005912,P0022,1,0.0
O005912,P0024,2,0.0
O005913,P0019,2,0.1
O005914,P0006,2,0.0
O005914,P0014,2,0.0
O005915,P0013,1,0.0
O005915,P0018,2,0.0
O005916,P0028,2,0.0
O005916,P0014,1,0.0
O005916,P0026,1,0.0
O005916,P0002,1,0.1
O005917,P0025,3,0.1
O005917,P0004,1,0.05
O005918,P0018,2,0.0
O005919,P0007,1,0.1
O005919,P0013,4,0.0
O005919,P0003,2,0.05
O005919,P0008,1,0.1
O005920,P0024,3,0.0
O005920,P0016,1,0.15
O005920,P0021,2,0.1
O005920,P0014,2,0.0
O005921,P0002,1,0.0
O005921,P0021,1,0.1
O005921,P0003,3,0.2
O005922,P0016,1,0.0
O005923,P0001,1,0.1
O005923,P0013,2,0.05
O005924,P0027,1,0.15
O005925,P0016,2,0.0
O005925,P0025,2,0.05
O005925,P0014,1,0.05
O005926,P0004,1,0.05
O005926,P0018,3,0.2
O005926,P0013,2,0.15
O005926,P0015,1,0.1
O005926,P0016,1,0.0
O005927,P0023,2,0.0
O005927,P0011,1,0.1
O005927,P0029,4,0.05
O005928,P0006,2,0.1
O005928,P0022,1,0.1
O005929,P0019,1,0.1
O005929,P0012,3,0.05
O005929,P0006,2,0.0
O005929,P0014,1,0.15
O005930,P0014,2,0.0
O005930,P0003,1,0.05
O005930,P0025,1,0.2
O005931,P0014,2,0.15
O005931,P0030,1,0.05
O005931,P0007,2,0.0
O005931,P0027,1,0.05
O005932,P0006,3,0.05
O005933,P0010,2,0.05
O005933,P0018,4,0.1
O005934,P0027,1,0.15
O005934,P0002,2,0.05
O005935,P0022,4,0.05
O005935,P0016,1,0.1
O005935,P0015,2,0.2
O005935,P0008,1,0.0
O005935,P0003,1,0.15
O005936,P0025,2,0.0
O005936,P0019,2,0.05
O005936,P0020,1,0.1
O005937,P0002,1,0.05
O005937,P0023,1,0.1
O005937,P0017,1,0.1
O005937,P0005,1,0.15
O005938,P0004,2,0.05
O005939,P0002,1,0.1
O005939,P0019,1,0.1
O005939,P0005,2,0.2
O005939,P0003,1,0.0
O005940,P0017,1,0.0
O005940,P0022,2,0.15
O005940,P0021,1,0.1
O005940,P0003,2,0.1
O005941,P0011,1,0.0
O005942,P0029,3,0.15
O005942,P0023,2,0.05
O005943,P0004,1,0.05
O005943,P0006,1,0.05
O005944,P0008,1,0.0
O005944,P0014,1,0.05
O005944,P0005,1,0.0
O005945,P0004,1,0.0
O005945,P0028,1,0.0
O005945,P0003,1,0.05
O005946,P0027,1,0.15
O005947,P0005,3,0.15
O005947,P0015,1,0.1
O005947,P0001,3,0.0
O005948,P0008,4,0.15
O005948,P0016,1,0.0
O005948,P0014,1,0.0
O005948,P0022,1,0.1
O005948,P0007,1,0.15
O005949,P0029,1,0.05
O005949,P0016,1,0.05
O005950,P0004,1,0.05
O005950,P0019,2,0.0
O005950,P0025,1,0.1
O005951,P0024,2,0.1
O005951,P0013,1,0.1
O005951,P0030,1,0.05
O005952,P0004,2,0.05
O005952,P0013,1,0.0
O005952,P0022,1,0.05
O005953,P0025,2,0.05
O005954,P0014,1,0.1
O005955,P0010,4,0.05
O005955,P0030,4,0.1
O005955,P0022,1,0.05
O005955,P0013,1,0.05
O005956,P0019,1,0.05
O005957,P0022,1,0.15
O005958,P0015,2,0.0
O005958,P0006,1,0.05
O005958,P0018,1,0.05
O005959,P0014,1,0.05
O005960,P0023,3,0.05
O005961,P0004,1,0.0
O005961,P0025,2,0.0
O005961,P0018,1,0.05
O005962,P0011,2,0.0
O005962,P0023,4,0.05
O005963,P0023,2,0.05
O005963,P0011,2,0.0
O005964,P0020,3,0.0
O005964,P0024,2,0.2
O005964,P0010,2,0.0
O005964,P0007,1,0.0
O005965,P0023,2,0.1
O005965,P0026,2,0.0
O005965,P0024,1,0.1
O005966,P0027,1,0.05
O005966,P0021,3,0.05
O005967,P0023,2,0.0
O005967,P0012,1,0.0
O005968,P0018,2,0.0
O005968,P0017,1,0.05
O005969,P0013,1,0.0
O005969,P0022,4,0.05
O005969,P0017,2,0.0
O005970,P0012,1,0.15
O005971,P0025,2,0.1
O005972,P0004,4,0.05
O005972,P0016,2,0.0
O005972,P0014,1,0.05
O005972,P0011,4,0.2
O005973,P0009,1,0.05
O005973,P0006,1,0.15
O005974,P0002,2,0.05
O005975,P0030,1,0.1
O005975,P0009,1,0.0
O005975,P0025,1,0.1
O005975,P0004,2,0.05
O005976,P0021,2,0.0
O005976,P0011,3,0.0
O005976,P0015,1,0.1
O005977,P0030,4,0.0
O005977,P0007,1,0.0
O005977,P0010,2,0.1
O005978,P0024,1,0.0
O005978,P0017,1,0.0
O005978,P0010,1,0.2
O005979,P0006,1,0.0
O005979,P0020,1,0.05
O005980,P0028,1,0.05
O005981,P0025,2,0.1
O005982,P0024,1,0.2
O005982,P0020,1,0.05
O005982,P0015,1,0.0
O005983,P0002,1,0.0
O005983,P0005,2,0.05
O005983,P0003,3,0.05
O005984,P0030,2,0.0
O005984,P0006,1,0.2
O005984,P0002,1,0.0
O005985,P0007,1,0.1
O005986,P0012,1,0.1
O005986,P0009,2,0.15
O005987,P0004,1,0.05
O005987,P0010,1,0.05
O005988,P0007,2,0.0
O005988,P0017,1,0.1
O005988,P0004,1,0.05
O005989,P0030,1,0.2
O005989,P0011,1,0.1
O005989,P0012,1,0.0
O005989,P0029,2,0.1
O005990,P0009,1,0.0
O005990,P0026,1,0.05
O005990,P0002,2,0.05
O005990,P0020,1,0.0
O005990,P0024,2,0.0
O005991,P0020,1,0.05
O005991,P0007,1,0.1
O005992,P0004,1,0.05
O005992,P0010,4,0.15
O005993,P0020,1,0.1
O005994,P0024,2,0.0
O005994,P0027,1,0.15
O005994,P0018,3,0.05
O005994,P0008,1,0.05
O005994,P0012,2,0.0
O005995,P0030,1,0.1
O005995,P0026,3,0.0
O005995,P0013,3,0.0
O005996,P0015,4,0.0
O005997,P0004,1,0.0
O005997,P0023,2,0.1
O005998,P0028,2,0.05
O005998,P0027,1,0.1
O005998,P0026,1,0.2
O005998,P0015,2,0.0
O005999,P0018,1,0.1
O006000,P0028,4,0.05
O006001,P0020,1,0.0
O006001,P0026,2,0.05
O006001,P0003,1,0.0
O006001,P0024,2,0.0
O006002,P0014,1,0.0
O006002,P0021,1,0.05
O006002,P0017,1,0.1
O006003,P0020,1,0.0
O006003,P0001,1,0.05
O006003,P0009,3,0.1
O006004,P0019,1,0.0
O006005,P0016,1,0.05
O006006,P0008,1,0.05
O006006,P0004,1,0.1
O006007,P0029,4,0.1
O006007,P0020,2,0.0
O006007,P0017,1,0.1
O006007,P0018,2,0.15
O006007,P0007,1,0.0
O006008,P0010,1,0.2
O006008,P0018,1,0.05
O006008,P0011,4,0.2
O006008,P0007,1,0.05
O006009,P0017,1,0.0
O006009,P0015,2,0.1
O006009,P0026,1,0.0
O006009,P0003,2,0.0
O006010,P0021,2,0.15
O006010,P0002,1,0.0
O006011,P0020,1,0.0
O006011,P0024,2,0.0
O006011,P0011,1,0.15
O006011,P0023,1,0.15
O006012,P0005,2,0.0
O006013,P0012,1,0.05
O006013,P0010,3,0.2
O006013,P0022,1,0.0
O006014,P0002,2,0.1
O006014,P0005,1,0.05
O006015,P0020,3,0.0
O006015,P0002,2,0.05
O006016,P0008,2,0.15
O006016,P0029,2,0.05
O006017,P0008,4,0.0
O006017,P0001,1,0.05
O006017,P0019,2,0.1
O006018,P0011,1,0.0
O006018,P0025,3,0.05
O006019,P0030,1,0.05
O006019,P0016,1,0.0
O006020,P0030,2,0.0
O006020,P0019,1,0.15
O006020,P0014,1,0.0
O006021,P0012,2,0.0
O006021,P0010,3,0.05
O006022,P0027,4,0.0
O006023,P0013,2,0.05
O006023,P0014,1,0.15
O006024,P0006,1,0.1
O006025,P0017,1,0.0
O006025,P0019,1,0.0
O006025,P0029,2,0.0
O006026,P0019,1,0.2
O006026,P0026,1,0.0
O006027,P0005,2,0.1
O006027,P0023,3,0.05
O006027,P0022,1,0.05
O006027,P0007,2,0.05
O006028,P0019,2,0.1
O006028,P0015,2,0.15
O006029,P0011,1,0.15
O006029,P0020,2,0.0
O006029,P0016,1,0.0
O006029,P0028,1,0.0
O006030,P0005,1,0.0
O006030,P0001,1,0.0
O006031,P0012,1,0.0
O006031,P0014,2,0.05
O006031,P0007,2,0.15
O006032,P0003,1,0.0
O006032,P0026,1,0.1
O006032,P0023,2,0.15
O006033,P0001,1,0.05
O006033,P0014,1,0.1
O006033,P0005,1,0.05
O006033,P0028,2,0.2
O006034,P0017,1,0.05
O006034,P0023,1,0.0
O006034,P0021,3,0.1
O006035,P0030,1,0.1
O006036,P0002,3,0.0
O006036,P0028,1,0.1
O006037,P0025,3,0.15
O006037,P0024,1,0.0
O006037,P0001,1,0.05
O006038,P0002,1,0.05
O006039,P0003,2,0.1
O006040,P0024,1,0.0
O006040,P0004,1,0.0
O006041,P0011,1,0.0
O006041,P0010,3,0.1
O006041,P0015,1,0.05
O006042,P0028,1,0.1
O006042,P0001,4,0.05
O006043,P0029,1,0.15
O006044,P0019,1,0.0
O006044,P0020,1,0.0
O006044,P0001,2,0.05
O006044,P0012,2,0.0
O006045,P0030,1,0.05
O006045,P0009,1,0.05
O006045,P0003,2,0.15
O006045,P0007,4,0.1
O006046,P0020,1,0.2
O006046,P0003,1,0.0
O006046,P0018,3,0.05
O006047,P0005,1,0.2
O006047,P0004,2,0.2
O006048,P0017,1,0.05
O006048,P0020,2,0.1
O006049,P0002,3,0.1
O006049,P0005,2,0.15
O006049,P0027,1,0.15
O006049,P0007,3,0.05
O006050,P0001,2,0.05
O006050,P0030,1,0.05
O006051,P0019,2,0.0
O006051,P0005,3,0.1
O006052,P0009,2,0.15
O006052,P0024,3,0.0
O006053,P0017,1,0.05
O006054,P0016,1,0.0
O006055,P0018,2,0.0
O006056,P0017,2,0.2
O006057,P0004,1,0.0
O006057,P0027,1,0.0
O006057,P0015,1,0.05
O006057,P0006,2,0.0
O006057,P0003,3,0.0
O006058,P0013,1,0.0
O006058,P0024,1,0.05
O006059,P0026,2,0.0
O006059,P0007,4,0.05
O006059,P0028,3,0.0
O006060,P0003,1,0.0
O006060,P0007,2,0.1
O006060,P0026,2,0.0
O006061,P0011,1,0.1
O006061,P0003,1,0.0
O006061,P0007,2,0.1
O006061,P0008,1,0.1
O006062,P0025,3,0.05
O006062,P0013,1,0.0
O006063,P0013,1,0.1
O006063,P0030,1,0.0
O006063,P0026,2,0.0
O006063,P0003,1,0.2
O006064,P0028,4,0.05
O006064,P0022,1,0.0
O006065,P0025,1,0.0
O006065,P0018,2,0.05
O006065,P0020,3,0.0
O006066,P0003,1,0.0
O006066,P0024,2,0.0
O006066,P0026,1,0.0
O006067,P0015,3,0.1
O006067,P0018,1,0.1
O006067,P0022,2,0.1
O006067,P0007,2,0.1
O006068,P0030,1,0.2
O006068,P0012,1,0.05
O006068,P0025,1,0.0
O006069,P0004,1,0.05
O006069,P0018,1,0.1
O006069,P0008,3,0.0
O006070,P0005,2,0.0
O006070,P0020,3,0.05
O006070,P0016,3,0.1
O006071,P0003,1,0.1
O006072,P0018,2,0.0
O006072,P0026,3,0.05
O006073,P0025,1,0.15
O006074,P0023,4,0.0
O006075,P0022,1,0.05
O006076,P0022,2,0.1
O006076,P0026,3,0.0
O006076,P0016,3,0.1
O006077,P0010,1,0.15
O006077,P0004,1,0.05
O006077,P0028,2,0.0
O006077,P0015,1,0.05
O006077,P0020,1,0.15
O006078,P0012,2,0.05
O006078,P0008,1,0.0
O006079,P0012,4,0.15
O006079,P0020,1,0.0
O006079,P0008,2,0.0
O006080,P0006,1,0.1
O006080,P0011,1,0.05
O006080,P0030,2,0.05
O006080,P0009,2,0.0
O006080,P0021,3,0.1
O006081,P0023,1,0.0
O006081,P0021,1,0.05
O006081,P0010,2,0.0
O006082,P0015,1,0.0
O006082,P0008,2,0.05
O006083,P0001,2,0.0
O006084,P0014,1,0.05
O006085,P0014,1,0.0
O006085,P0024,1,0.05
O006085,P0011,2,0.0
O006085,P0021,4,0.05
O006086,P0029,1,0.0
O006086,P0024,1,0.1
O006087,P0019,1,0.0
O006087,P0015,1,0.2
O006088,P0009,2,0.15
O006088,P0003,3,0.05
O006088,P0021,2,0.2
O006089,P0019,4,0.05
O006090,P0016,2,0.0
O006090,P0004,1,0.0
O006091,P0012,1,0.1
O006091,P0015,1,0.1
O006092,P0016,2,0.15
O006093,P0015,1,0.0
O006094,P0025,1,0.1
O006094,P0027,1,0.0
O006094,P0026,3,0.1
O006095,P0005,1,0.05
O006096,P0018,1,0.0
O006096,P0012,2,0.1
O006096,P0015,1,0.0
O006097,P0022,2,0.1
O006097,P0027,2,0.05
O006097,P0010,1,0.1
O006098,P0005,1,0.1
O006098,P0008,3,0.0
O006098,P0026,2,0.05
O006099,P0010,1,0.0
O006100,P0011,3,0.1
O006101,P0009,4,0.0
O006101,P0011,2,0.05
O006102,P0017,2,0.1
O006103,P0025,2,0.05
O006104,P0006,2,0.05
O006104,P0016,2,0.0
O006104,P0015,1,0.05
O006104,P0013,1,0.0
O006105,P0021,1,0.0
O006106,P0010,3,0.1
O006107,P0015,1,0.05
O006108,P0017,1,0.0
O006108,P0002,2,0.0
O006108,P0022,1,0.05
O006109,P0007,2,0.15
O006110,P0021,2,0.05
O006111,P0023,1,0.0
O006111,P0021,1,0.0
O006111,P0011,1,0.05
O006111,P0028,1,0.15
O006112,P0013,2,0.2
O006112,P0023,1,0.1
O006112,P0015,3,0.05
O006113,P0015,1,0.1
O006114,P0024,3,0.1
O006114,P0004,1,0.1
O006115,P0027,4,0.0
O006116,P0023,2,0.05
O006117,P0014,1,0.0
O006118,P0005,1,0.0
O006118,P0018,3,0.2
O006118,P0001,2,0.05
O006119,P0021,3,0.0
O006120,P0023,1,0.05
O006120,P0006,1,0.1
O006121,P0017,1,0.05
O006122,P0022,3,0.05
O006122,P0015,1,0.0
O006122,P0009,1,0.05
O006123,P0018,4,0.05
O006123,P0026,2,0.0
O006124,P0028,2,0.05
O006124,P0006,1,0.05
O006124,P0027,3,0.15
O006125,P0024,1,0.1
O006125,P0030,3,0.1
O006126,P0015,3,0.1
O006126,P0026,1,0.0
O006126,P0006,4,0.15
O006127,P0028,1,0.1
O006127,P0001,1,0.05
O006128,P0010,1,0.0
O006128,P0013,1,0.0
O006128,P0028,1,0.0
O006128,P0024,1,0.0
O006129,P0015,1,0.1
O006130,P0022,2,0.0
O006130,P0007,2,0.1
O006131,P0021,1,0.1
O006132,P0016,4,0.05
O006132,P0029,2,0.15
O006133,P0002,2,0.0
O006133,P0012,2,0.15
O006134,P0005,1,0.1
O006135,P0011,1,0.0
O006135,P0026,1,0.0
O006135,P0010,3,0.05
O006136,P0010,1,0.0
O006137,P0018,3,0.0
O006137,P0002,2,0.05
O006137,P0016,1,0.05
O006138,P0015,1,0.2
O006138,P0011,2,0.1
O006139,P0003,2,0.0
O006139,P0022,1,0.1
O006139,P0021,2,0.0
O006140,P0013,1,0.05
O006141,P0022,3,0.0
O006142,P0005,3,0.05
O006142,P0017,3,0.1
O006142,P0024,1,0.05
O006142,P0001,2,0.0
O006143,P0016,3,0.05
O006143,P0008,1,0.0
O006143,P0002,2,0.05
O006144,P0013,2,0.05
O006144,P0001,2,0.05
O006144,P0014,1,0.0
O006144,P0020,2,0.2
O006145,P0025,3,0.05
O006145,P0008,1,0.1
O006145,P0024,1,0.15
O006146,P0020,1,0.0
O006146,P0010,2,0.1
O006147,P0027,1,0.1
O006147,P0022,1,0.0
O006147,P0019,1,0.0
O006147,P0024,1,0.1
O006148,P0025,1,0.05
O006148,P0027,1,0.05
O006149,P0005,2,0.05
O006150,P0014,2,0.1
O006151,P0011,4,0.2
O006152,P0017,4,0.0
O006152,P0014,1,0.0
O006152,P0013,2,0.0
O006152,P0022,1,0.05
O006153,P0007,3,0.15
O006154,P0002,3,0.05
O006154,P0020,1,0.05
O006154,P0009,1,0.05
O006155,P0017,3,0.0
O006156,P0008,1,0.15
O006156,P0007,2,0.15
O006157,P0026,3,0.0
O006157,P0021,2,0.0
O006158,P0022,1,0.0
O006159,P0001,2,0.05
O006160,P0023,3,0.1
O006160,P0014,1,0.05
O006160,P0024,1,0.0
O006160,P0007,1,0.05
O006161,P0016,3,0.15
O006161,P0002,1,0.0
O006162,P0006,1,0.05
O006163,P0014,1,0.0
O006164,P0005,2,0.0
O006165,P0016,1,0.1
O006166,P0015,1,0.0
O006166,P0016,1,0.15
O006166,P0021,1,0.0
O006167,P0007,2,0.05
O006167,P0022,1,0.05
O006167,P0019,3,0.1
O006168,P0015,1,0.0
O006168,P0006,1,0.0
O006169,P0010,3,0.1
O006170,P0026,1,0.0
O006171,P0003,1,0.2
O006172,P0030,3,0.1
O006173,P0015,1,0.05
O006173,P0005,1,0.0
O006174,P0006,3,0.1
O006174,P0012,2,0.05
O006175,P0002,3,0.0
O006175,P0028,1,0.15
O006176,P0023,3,0.15
O006176,P0004,2,0.05
O006176,P0028,3,0.05
O006177,P0014,3,0.15
O006177,P0006,1,0.05
O006177,P0029,1,0.05
O006178,P0004,2,0.1
O006178,P0007,1,0.05
O006178,P0021,1,0.0
O006179,P0023,2,0.15
O006179,P0019,2,0.0
O006180,P0009,1,0.1
O006181,P0024,2,0.1
O006182,P0023,2,0.1
O006182,P0009,1,0.0
O006182,P0018,3,0.1
O006183,P0027,1,0.05
O006183,P0009,1,0.1
O006184,P0028,1,0.1
O006184,P0020,3,0.05
O006185,P0009,4,0.15
O006186,P0014,1,0.1
O006186,P0021,3,0.0
O006187,P0004,1,0.05
O006188,P0011,1,0.2
O006188,P0026,1,0.1
O006189,P0009,2,0.15
O006190,P0004,1,0.0
O006190,P0003,1,0.0
O006190,P0008,1,0.05
O006191,P0009,2,0.15
O006191,P0022,1,0.05
O006191,P0011,3,0.05
O006191,P0018,2,0.05
O006192,P0019,1,0.05
O006192,P0027,1,0.2
O006192,P0018,1,0.05
O006193,P0019,1,0.1
O006193,P0016,1,0.0
O006193,P0005,2,0.05
O006193,P0027,1,0.05
O006194,P0015,1,0.0
O006194,P0019,2,0.15
O006195,P0003,1,0.05
O006195,P0001,1,0.0
O006196,P0025,1,0.0
O006196,P0009,1,0.0
O006196,P0016,1,0.05
O006197,P0006,1,0.05
O006197,P0005,1,0.05
O006198,P0001,1,0.0
O006199,P0003,1,0.15
O006200,P0028,1,0.05
O006200,P0021,1,0.05
O006201,P0014,1,0.1
O006201,P0005,1,0.1
O006201,P0026,2,0.15
O006202,P0030,1,0.05
O006203,P0005,3,0.1
O006204,P0011,3,0.0
O006205,P0016,1,0.0
O006205,P0007,3,0.0
O006206,P0001,1,0.05
O006206,P0002,1,0.05
O006207,P0009,1,0.05
O006207,P0023,1,0.05
O006207,P0006,2,0.1
O006208,P0003,2,0.05
O006209,P0023,3,0.15
O006209,P0005,1,0.05
O006210,P0022,3,0.05
O006210,P0018,3,0.15
O006211,P0025,1,0.0
O006212,P0005,1,0.0
O006213,P0006,1,0.0
O006213,P0012,2,0.1
O006213,P0008,1,0.05
O006213,P0028,1,0.0
O006214,P0007,4,0.0
O006214,P0011,1,0.0
O006214,P0022,1,0.1
O006215,P0002,1,0.05
O006215,P0023,2,0.05
O006216,P0011,3,0.1
O006216,P0005,1,0.0
O006216,P0028,1,0.05
O006217,P0012,4,0.0
O006217,P0002,1,0.0
O006218,P0006,1,0.1
O006218,P0014,1,0.1
O006218,P0026,1,0.0
O006219,P0027,1,0.15
O006220,P0019,1,0.1
O006221,P0027,1,0.05
O006222,P0014,1,0.0
O006223,P0016,1,0.0
O006223,P0014,1,0.0
O006223,P0026,3,0.05
O006223,P0022,1,0.0
O006224,P0012,2,0.0
O006224,P0020,3,0.1
O006224,P0015,2,0.0
O006225,P0030,3,0.15
O006225,P0015,1,0.0
O006225,P0012,1,0.0
O006226,P0017,1,0.05
O006226,P0006,2,0.05
O006227,P0016,1,0.0
O006228,P0022,2,0.0
O006229,P0020,1,0.0
O006229,P0021,1,0.0
O006230,P0007,1,0.0
O006231,P0021,2,0.1
O006231,P0008,1,0.05
O006231,P0019,2,0.0
O006231,P0020,2,0.1
O006232,P0008,1,0.05
O006233,P0006,2,0.05
O006233,P0010,3,0.05
O006234,P0001,1,0.05
O006234,P0006,1,0.05
O006235,P0012,1,0.05
O006236,P0020,2,0.0
O006237,P0002,2,0.05
O006237,P0001,1,0.1
O006237,P0030,1,0.0
O006238,P0023,2,0.05
O006238,P0019,2,0.15
O006239,P0016,2,0.15
O006239,P0001,2,0.05
O006240,P0024,2,0.0
O006240,P0030,1,0.15
O006240,P0026,1,0.05
O006241,P0005,2,0.05
O006241,P0004,2,0.0
O006241,P0020,1,0.0
O006241,P0030,1,0.05
O006242,P0014,1,0.0
O006242,P0025,1,0.05
O006242,P0016,1,0.0
O006243,P0006,1,0.05
O006243,P0009,3,0.1
O006244,P0025,1,0.0
O006244,P0016,1,0.15
O006244,P0011,3,0.1
O006244,P0001,2,0.05
O006245,P0030,1,0.0
O006246,P0015,2,0.0
O006247,P0030,1,0.0
O006247,P0026,3,0.05
O006247,P0010,4,0.05
O006247,P0003,1,0.1
O006248,P0025,1,0.05
O006248,P0016,4,0.1
O006249,P0030,1,0.05
O006249,P0008,1,0.2
O006250,P0004,1,0.1
O006250,P0007,3,0.0
O006251,P0030,1,0.15
O006251,P0026,1,0.0
O006252,P0030,1,0.1
O006253,P0028,1,0.0
O006253,P0013,2,0.0
O006253,P0029,1,0.15
O006253,P0008,2,0.1
O006254,P0021,3,0.0
O006254,P0019,2,0.15
O006254,P0027,2,0.05
O006255,P0028,2,0.0
O006255,P0024,3,0.15
O006255,P0011,2,0.05
O006256,P0017,1,0.05
O006257,P0006,1,0.05
O006258,P0002,1,0.0
O006259,P0011,1,0.05
O006259,P0005,1,0.1
O006259,P0020,3,0.0
O006260,P0008,1,0.15
O006260,P0016,2,0.05
O006261,P0002,1,0.1
O006261,P0006,1,0.1
O006261,P0008,2,0.05
O006262,P0021,1,0.0
O006262,P0029,3,0.1
O006262,P0023,1,0.2
O006263,P0026,1,0.15
O006263,P0001,1,0.0
O006263,P0011,1,0.0
O006264,P0022,3,0.05
O006264,P0026,1,0.0
O006264,P0021,2,0.1
O006264,P0005,1,0.05
O006265,P0015,2,0.05
O006266,P0030,1,0.0
O006267,P0022,1,0.2
O006267,P0019,2,0.15
O006267,P0025,1,0.0
O006267,P0027,3,0.0
O006267,P0029,1,0.05
O006268,P0002,1,0.1
O006269,P0027,2,0.05
O006269,P0020,1,0.1
O006269,P0029,4,0.2
O006270,P0024,2,0.15
O006271,P0026,3,0.0
O006271,P0028,1,0.1
O006272,P0003,2,0.1
O006272,P0007,2,0.05
O006272,P0029,1,0.0
O006272,P0012,2,0.1
O006273,P0003,1,0.2
O006273,P0015,3,0.05
O006273,P0001,1,0.05
O006273,P0002,1,0.15
O006274,P0009,1,0.0
O006274,P0021,3,0.15
O006275,P0012,1,0.15
O006276,P0011,2,0.0
O006277,P0016,3,0.0
O006277,P0025,1,0.0
O006277,P0004,2,0.05
O006277,P0019,1,0.2
O006278,P0005,1,0.1
O006279,P0021,1,0.0
O006279,P0018,3,0.0
O006279,P0024,1,0.0
O006279,P0019,2,0.15
O006280,P0028,1,0.0
O006280,P0024,2,0.15
O006280,P0013,3,0.15
O006280,P0025,2,0.1
O006280,P0002,3,0.15
O006281,P0024,2,0.0
O006282,P0003,3,0.0
O006283,P0001,1,0.2
O006283,P0006,1,0.05
O006284,P0021,1,0.0
O006284,P0026,1,0.05
O006285,P0027,1,0.1
O006285,P0002,1,0.05
O006285,P0024,2,0.0
O006286,P0027,1,0.0
O006287,P0009,2,0.05
O006287,P0023,1,0.15
O006287,P0008,1,0.05
O006288,P0021,3,0.1
O006288,P0013,1,0.0
O006288,P0015,1,0.1
O006288,P0001,2,0.0
O006289,P0017,1,0.05
O006289,P0018,1,0.05
O006289,P0030,1,0.0
O006290,P0024,2,0.05
O006290,P0029,1,0.0
O006291,P0024,1,0.05
O006292,P0009,4,0.0
O006292,P0025,1,0.0
O006293,P0019,3,0.2
O006293,P0026,3,0.1
O006294,P0008,2,0.05
O006295,P0026,2,0.05
O006295,P0025,3,0.15
O006296,P0027,1,0.05
O006296,P0023,2,0.0
O006297,P0006,2,0.0
O006298,P0027,3,0.1
O006299,P0029,4,0.05
O006300,P0006,2,0.0
O006301,P0013,2,0.05
O006302,P0003,2,0.15
O006303,P0014,1,0.0
O006303,P0003,1,0.1
O006303,P0001,1,0.05
O006304,P0025,1,0.0
O006304,P0022,1,0.0
O006304,P0021,1,0.0
O006305,P0007,3,0.0
O006305,P0027,1,0.05
O006305,P0030,1,0.05
O006306,P0019,1,0.1
O006306,P0001,1,0.1
O006307,P0018,1,0.1
O006308,P0024,2,0.15
O006308,P0021,2,0.05
O006309,P0021,1,0.0
O006309,P0025,1,0.0
O006309,P0014,2,0.0
O006309,P0022,1,0.15
O006310,P0025,4,0.2
O006310,P0019,4,0.15
O006311,P0018,1,0.0
O006312,P0016,1,0.15
O006313,P0016,1,0.0
O006313,P0025,1,0.15
O006314,P0023,2,0.0
O006315,P0002,1,0.05
O006316,P0012,1,0.05
O006316,P0016,3,0.1
O006316,P0020,1,0.0
O006317,P0010,2,0.1
O006317,P0015,1,0.1
O006317,P0027,3,0.0
O006317,P0013,2,0.05
O006317,P0003,2,0.0
O006318,P0025,1,0.05
O006318,P0002,1,0.0
O006318,P0021,1,0.0
O006319,P0004,1,0.1
O006319,P0009,1,0.1
O006320,P0020,3,0.05
O006321,P0012,1,0.0
O006322,P0018,2,0.0
O006322,P0024,1,0.05
O006323,P0009,3,0.1
O006323,P0026,1,0.05
O006324,P0021,3,0.1
O006324,P0028,1,0.0
O006324,P0014,1,0.1
O006324,P0016,2,0.0
O006325,P0011,3,0.0
O006326,P0019,2,0.0
O006327,P0029,2,0.0
O006328,P0017,1,0.0
O006328,P0013,1,0.1
O006329,P0015,3,0.2
O006329,P0006,1,0.15
O006329,P0021,2,0.0
O006329,P0020,3,0.05
O006330,P0018,1,0.1
O006331,P0008,2,0.0
O006331,P0006,2,0.15
O006332,P0024,1,0.1
O006332,P0006,2,0.05
O006332,P0022,2,0.2
O006333,P0014,1,0.0
O006333,P0029,1,0.1
O006334,P0014,3,0.1
O006334,P0015,3,0.05
O006335,P0014,2,0.0
O006336,P0023,1,0.15
O006337,P0007,1,0.1
O006337,P0013,3,0.05
O006337,P0022,1,0.0
O006337,P0028,1,0.0
O006337,P0018,1,0.15
O006338,P0004,2,0.1
O006338,P0021,2,0.05
O006339,P0013,1,0.0
O006340,P0027,1,0.1
O006340,P0023,1,0.05
O006341,P0015,1,0.0
O006341,P0010,2,0.1
O006342,P0003,1,0.1
O006342,P0016,2,0.0
O006342,P0001,2,0.05
O006342,P0012,1,0.05
O006342,P0005,1,0.0
O006343,P0011,1,0.2
O006343,P0016,1,0.05
O006343,P0007,2,0.05
O006343,P0025,2,0.05
O006344,P0013,1,0.0
O006344,P0015,1,0.0
O006344,P0029,1,0.1
O006344,P0005,1,0.05
O006345,P0006,1,0.0
O006345,P0019,1,0.0
O006346,P0021,1,0.05
O006346,P0010,1,0.0
O006347,P0004,1,0.1
O006348,P0014,1,0.1
O006349,P0014,2,0.05
O006350,P0005,3,0.1
O006350,P0012,1,0.0
O006351,P0008,1,0.05
O006351,P0002,1,0.1
O006352,P0002,1,0.1
O006353,P0017,2,0.0
O006354,P0009,3,0.05
O006354,P0010,2,0.1
O006355,P0030,1,0.0
O006355,P0013,1,0.05
O006355,P0001,1,0.05
O006355,P0014,1,0.2
O006356,P0023,1,0.05
O006356,P0009,1,0.1
O006357,P0004,4,0.05
O006358,P0015,1,0.0
O006358,P0002,1,0.0
O006359,P0019,1,0.2
O006359,P0001,1,0.0
O006359,P0016,2,0.15
O006360,P0026,1,0.05
O006360,P0004,2,0.0
O006361,P0002,1,0.05
O006361,P0027,2,0.05
O006361,P0024,1,0.05
O006362,P0002,2,0.0
O006362,P0004,1,0.05
O006362,P0007,1,0.0
O006363,P0003,2,0.15
O006364,P0021,2,0.1
O006365,P0011,1,0.0
O006365,P0007,1,0.0
O006366,P0027,3,0.1
O006366,P0011,3,0.05
O006367,P0014,1,0.05
O006367,P0015,1,0.1
O006367,P0013,2,0.05
O006368,P0019,3,0.0
O006368,P0018,3,0.0
O006369,P0006,1,0.0
O006369,P0028,1,0.2
O006370,P0028,3,0.0
O006370,P0018,2,0.0
O006370,P0004,4,0.1
O006371,P0018,1,0.05
O006372,P0027,4,0.15
O006372,P0024,1,0.1
O006373,P0020,1,0.1
O006373,P0023,1,0.15
O006373,P0029,4,0.0
O006373,P0013,2,0.1
O006373,P0009,1,0.0
O006374,P0021,3,0.0
O006374,P0013,1,0.1
O006374,P0018,1,0.05
O006375,P0028,2,0.1
O006375,P0012,1,0.2
O006376,P0025,1,0.1
O006376,P0029,2,0.1
O006376,P0012,2,0.0
O006376,P0028,3,0.05
O006377,P0027,1,0.05
O006378,P0007,3,0.0
O006378,P0015,1,0.05
O006379,P0001,2,0.0
O006379,P0008,3,0.15
O006379,P0002,4,0.0
O006380,P0016,1,0.05
O006380,P0026,2,0.0
O006381,P0005,3,0.0
O006381,P0026,1,0.0
O006382,P0008,1,0.05
O006382,P0010,1,0.1
O006382,P0016,1,0.2
O006382,P0028,2,0.0
O006383,P0014,1,0.0
O006383,P0016,1,0.0
O006384,P0029,1,0.2
O006384,P0012,1,0.05
O006384,P0025,2,0.0
O006385,P0011,2,0.0
O006385,P0005,1,0.1
O006386,P0012,4,0.1
O006387,P0012,1,0.0
O006387,P0022,1,0.1
O006387,P0004,1,0.05
O006388,P0001,2,0.15
O006389,P0021,1,0.1
O006390,P0029,1,0.1
O006390,P0023,2,0.15
O006391,P0028,2,0.05
O006391,P0017,1,0.05
O006391,P0004,1,0.1
O006392,P0030,4,0.05
O006393,P0008,2,0.15
O006394,P0018,1,0.0
O006394,P0002,1,0.1
O006394,P0019,2,0.2
O006395,P0025,1,0.1
O006395,P0024,2,0.1
O006396,P0021,1,0.0
O006396,P0016,1,0.05
O006396,P0002,1,0.15
O006396,P0027,3,0.05
O006397,P0006,1,0.2
O006398,P0028,1,0.05
O006399,P0003,1,0.15
O006399,P0011,1,0.0
O006400,P0028,1,0.0
O006400,P0013,1,0.1
O006401,P0025,2,0.1
O006401,P0026,2,0.05
O006401,P0020,2,0.0
O006401,P0012,1,0.0
O006402,P0006,2,0.05
O006403,P0024,1,0.0
O006404,P0019,1,0.0
O006405,P0027,1,0.05
O006405,P0017,1,0.0
O006405,P0010,1,0.0
O006406,P0025,1,0.0
O006406,P0028,1,0.0
O006407,P0015,1,0.05
O006407,P0016,1,0.15
O006407,P0014,1,0.0
O006408,P0008,4,0.0
O006409,P0018,2,0.05
O006409,P0023,2,0.05
O006410,P0018,1,0.15
O006410,P0009,3,0.1
O006411,P0013,1,0.05
O006412,P0018,1,0.05
O006412,P0020,3,0.05
O006412,P0017,1,0.0
O006412,P0028,2,0.1
O006413,P0027,1,0.1
O006413,P0006,1,0.0
O006413,P0002,1,0.0
O006413,P0001,1,0.0
O006414,P0019,3,0.0
O006414,P0026,2,0.15
O006415,P0021,3,0.0
O006415,P0025,2,0.15
O006416,P0005,1,0.0
O006417,P0011,2,0.0
O006418,P0001,2,0.05
O006418,P0016,3,0.0
O006419,P0027,1,0.05
O006420,P0001,1,0.1
O006420,P0027,1,0.05
O006420,P0029,1,0.05
O006421,P0015,2,0.0
O006421,P0030,1,0.2
O006422,P0018,1,0.0
O006423,P0025,1,0.05
O006424,P0027,1,0.0
O006425,P0025,2,0.05
O006425,P0013,1,0.0
O006426,P0027,2,0.0
O006426,P0016,1,0.0
O006427,P0011,1,0.0
O006427,P0021,3,0.1
O006428,P0001,1,0.1
O006428,P0016,2,0.1
O006429,P0010,1,0.0
O006429,P0002,1,0.2
O006430,P0013,1,0.0
O006430,P0026,1,0.0
O006431,P0013,1,0.05
O006431,P0014,1,0.05
O006431,P0024,2,0.1
O006432,P0010,1,0.05
O006432,P0022,2,0.1
O006432,P0023,3,0.1
O006433,P0016,2,0.1
O006433,P0015,1,0.0
O006434,P0003,1,0.1
O006434,P0017,3,0.0
O006435,P0020,3,0.15
O006435,P0005,1,0.05
O006436,P0016,1,0.2
O006436,P0026,1,0.15
O006436,P0009,3,0.15
O006436,P0001,1,0.0
O006437,P0017,1,0.0
O006437,P0004,2,0.1
O006437,P0028,1,0.0
O006438,P0027,2,0.2
O006439,P0006,2,0.05
O006439,P0026,3,0.2
O006439,P0004,1,0.0
O006439,P0014,3,0.15
O006440,P0013,1,0.05
O006441,P0005,2,0.1
O006441,P0023,2,0.05
O006442,P0028,1,0.15
O006442,P0006,4,0.15
O006442,P0022,1,0.05
O006443,P0019,1,0.05
O006444,P0015,2,0.1
O006444,P0006,3,0.0
O006445,P0012,1,0.15
O006445,P0017,1,0.1
O006445,P0025,2,0.15
O006445,P0027,1,0.05
O006446,P0019,1,0.0
O006447,P0024,2,0.05
O006448,P0007,1,0.0
O006448,P0014,1,0.05
O006448,P0015,1,0.0
O006449,P0028,4,0.05
O006449,P0023,1,0.15
O006449,P0014,1,0.0
O006450,P0001,1,0.1
O006450,P0005,1,0.0
O006450,P0027,3,0.15
O006451,P0024,1,0.0
O006452,P0009,3,0.05
O006452,P0029,1,0.0
O006453,P0003,2,0.05
O006454,P0030,1,0.0
O006454,P0013,1,0.05
O006454,P0009,1,0.15
O006455,P0026,3,0.0
O006455,P0029,2,0.0
O006455,P0021,1,0.15
O006456,P0020,4,0.0
O006456,P0015,3,0.0
O006456,P0007,1,0.0
O006457,P0022,1,0.05
O006458,P0025,4,0.05
O006459,P0007,1,0.2
O006460,P0027,2,0.1
O006460,P0030,1,0.15
O006461,P0008,2,0.05
O006462,P0019,1,0.1
O006462,P0013,4,0.1
O006463,P0025,1,0.0
O006464,P0014,3,0.0
O006464,P0007,4,0.0
O006465,P0014,3,0.05
O006465,P0006,2,0.1
O006465,P0005,2,0.0
O006465,P0021,1,0.0
O006465,P0008,2,0.0
O006466,P0018,1,0.1
O006467,P0020,1,0.0
O006467,P0007,1,0.0
O006468,P0016,1,0.15
O006468,P0025,2,0.0
O006468,P0028,1,0.2
O006469,P0018,1,0.0
O006469,P0015,1,0.1
O006470,P0026,1,0.1
O006471,P0022,1,0.0
O006471,P0004,1,0.0
O006471,P0007,2,0.05
O006471,P0009,1,0.05
O006472,P0011,1,0.2
O006473,P0016,1,0.05
O006473,P0023,2,0.05
O006474,P0001,2,0.2
O006474,P0003,1,0.05
O006474,P0027,3,0.0
O006474,P0005,1,0.0
O006475,P0025,1,0.0
O006476,P0009,2,0.1
O006476,P0021,1,0.0
O006477,P0019,2,0.0
O006478,P0023,1,0.15
O006478,P0008,1,0.05
O006478,P0011,2,0.05
O006478,P0021,2,0.05
O006479,P0029,1,0.0
O006480,P0017,1,0.1
O006481,P0006,1,0.1
O006481,P0009,1,0.1
O006482,P0004,1,0.0
O006483,P0007,4,0.0
O006484,P0024,3,0.0
O006484,P0026,4,0.05
O006485,P0008,1,0.0
O006485,P0019,3,0.0
O006486,P0029,1,0.15
O006486,P0005,1,0.0
O006486,P0007,2,0.0
O006486,P0020,1,0.1
O006487,P0009,1,0.0
O006487,P0003,1,0.05
O006487,P0014,1,0.0
O006487,P0016,1,0.05
O006487,P0029,3,0.1
O006488,P0003,1,0.15
O006489,P0023,1,0.05
O006489,P0020,3,0.05
O006490,P0030,1,0.0
O006491,P0016,2,0.1
O006491,P0013,1,0.0
O006492,P0003,2,0.05
O006493,P0004,1,0.0
O006493,P0025,1,0.05
O006493,P0021,1,0.05
O006493,P0014,3,0.05
O006494,P0019,1,0.05
O006495,P0024,3,0.0
O006495,P0012,2,0.05
O006495,P0019,3,0.05
O006495,P0004,1,0.05
O006496,P0008,2,0.0
O006496,P0014,4,0.1
O006497,P0027,2,0.0
O006497,P0002,1,0.0
O006498,P0014,4,0.0
O006498,P0002,1,0.0
O006498,P0018,2,0.2
O006499,P0008,2,0.1
O006499,P0024,2,0.1
O006499,P0023,1,0.15
O006499,P0016,2,0.05
O006500,P0009,1,0.05
O006500,P0030,2,0.0
O006501,P0016,1,0.05
O006501,P0003,1,0.05
O006502,P0013,2,0.0
O006503,P0027,2,0.0
O006504,P0009,1,0.15
O006504,P0007,1,0.0
O006505,P0013,1,0.0
O006505,P0009,3,0.1
O006506,P0008,3,0.0
O006506,P0005,1,0.0
O006507,P0012,1,0.1
O006507,P0018,4,0.15
O006507,P0027,1,0.0
O006508,P0025,1,0.0
O006508,P0007,1,0.05
O006508,P0021,2,0.15
O006509,P0012,1,0.0
O006509,P0008,2,0.0
O006509,P0009,1,0.05
O006509,P0013,1,0.1
O006510,P0016,1,0.0
O006511,P0002,2,0.0
O006511,P0005,1,0.05
O006511,P0010,1,0.2
O006511,P0015,1,0.05
O006512,P0028,1,0.0
O006513,P0015,1,0.1
O006513,P0012,1,0.2
O006513,P0010,1,0.05
O006513,P0003,3,0.05
O006514,P0014,2,0.05
O006514,P0026,1,0.1
O006515,P0028,3,0.0
O006516,P0015,1,0.05
O006516,P0022,3,0.05
O006516,P0003,2,0.2
O006517,P0027,1,0.1
O006518,P0008,4,0.0
O006519,P0028,1,0.2
O006519,P0009,2,0.0
O006519,P0029,2,0.0
O006519,P0019,3,0.05
O006519,P0017,2,0.2
O006520,P0028,1,0.05
O006521,P0025,2,0.05
O006521,P0024,2,0.05
O006522,P0004,1,0.15
O006522,P0030,1,0.0
O006522,P0027,2,0.1
O006523,P0015,1,0.15
O006523,P0002,2,0.05
O006523,P0024,1,0.15
O006523,P0008,1,0.1
O006524,P0021,1,0.0
O006524,P0028,1,0.1
O006524,P0018,1,0.15
O006525,P0028,1,0.0
O006526,P0004,1,0.0
O006527,P0005,4,0.05
O006527,P0016,1,0.15
O006527,P0004,2,0.15
O006528,P0017,4,0.05
O006528,P0021,1,0.0
O006529,P0020,1,0.0
O006530,P0022,2,0.05
O006531,P0023,1,0.05
O006532,P0020,4,0.1
O006532,P0017,3,0.0
O006532,P0018,1,0.05
O006533,P0029,1,0.0
O006534,P0005,2,0.2
O006534,P0010,2,0.15
O006534,P0026,1,0.15
O006535,P0023,1,0.2
O006536,P0014,1,0.1
O006536,P0008,2,0.0
O006537,P0002,1,0.05
O006537,P0001,2,0.05
O006537,P0020,1,0.1
O006538,P0026,1,0.15
O006538,P0008,3,0.0
O006539,P0005,2,0.1
O006539,P0017,1,0.15
O006539,P0008,2,0.1
O006539,P0024,1,0.05
O006539,P0030,2,0.15
O006540,P0008,1,0.0
O006540,P0010,1,0.1
O006540,P0026,1,0.1
O006541,P0010,1,0.1
O006542,P0027,2,0.0
O006543,P0017,1,0.05
O006543,P0021,1,0.0
O006544,P0013,3,0.05
O006544,P0016,2,0.0
O006544,P0019,3,0.1
O006545,P0008,3,0.05
O006546,P0013,1,0.1
O006546,P0022,1,0.0
O006546,P0011,2,0.05
O006546,P0023,1,0.2
O006547,P0001,2,0.1
O006547,P0029,1,0.15
O006548,P0020,1,0.05
O006548,P0003,2,0.0
O006549,P0026,1,0.1
O006550,P0014,4,0.05
O006551,P0010,1,0.05
O006551,P0001,1,0.1
O006552,P0001,1,0.2
O006553,P0012,2,0.05
O006553,P0022,2,0.05
O006553,P0010,2,0.05
O006554,P0007,1,0.0
O006554,P0012,1,0.2
O006554,P0020,1,0.05
O006555,P0008,1,0.05
O006555,P0006,1,0.15
O006555,P0009,2,0.2
O006555,P0002,1,0.05
O006556,P0009,1,0.05
O006556,P0014,3,0.15
O006556,P0016,2,0.05
O006557,P0023,2,0.2
O006557,P0019,1,0.05
O006557,P0008,1,0.15
O006558,P0024,2,0.0
O006559,P0002,4,0.15
O006559,P0005,2,0.05
O006560,P0030,1,0.1
O006561,P0008,2,0.0
O006561,P0019,1,0.1
O006561,P0030,1,0.1
O006562,P0027,3,0.15
O006562,P0020,1,0.15
O006563,P0026,1,0.05
O006564,P0029,3,0.2
O006564,P0021,1,0.05
O006565,P0004,1,0.0
O006565,P0011,2,0.15
O006565,P0030,2,0.0
O006565,P0029,1,0.05
O006566,P0024,1,0.0
O006566,P0029,1,0.1
O006566,P0013,3,0.0
O006566,P0003,1,0.0
O006567,P0004,2,0.0
O006567,P0028,1,0.0
O006567,P0022,1,0.05
O006567,P0003,2,0.0
O006567,P0029,1,0.05
O006568,P0009,1,0.05
O006569,P0003,1,0.05
O006569,P0007,1,0.0
O006570,P0017,2,0.05
O006570,P0030,3,0.15
O006570,P0005,2,0.0
O006571,P0013,1,0.15
O006571,P0001,1,0.1
O006572,P0026,4,0.0
O006573,P0016,2,0.0
O006574,P0023,1,0.2
O006574,P0024,1,0.0
O006574,P0016,1,0.0
O006575,P0022,2,0.1
O006575,P0023,1,0.05
O006575,P0028,2,0.05
O006575,P0026,3,0.0
O006575,P0019,1,0.2
O006576,P0010,1,0.0
O006577,P0014,2,0.2
O006577,P0016,3,0.0
O006578,P0016,1,0.05
O006579,P0026,1,0.0
O006579,P0012,1,0.0
O006579,P0015,1,0.0
O006580,P0026,1,0.0
O006580,P0016,2,0.0
O006580,P0013,1,0.05
O006581,P0014,3,0.1
O006581,P0003,1,0.15
O006581,P0027,2,0.1
O006582,P0007,2,0.15
O006582,P0019,1,0.05
O006582,P0008,1,0.05
O006583,P0028,1,0.0
O006583,P0023,1,0.0
O006584,P0005,2,0.0
O006584,P0022,1,0.05
O006585,P0021,1,0.2
O006585,P0028,1,0.0
O006586,P0023,2,0.1
O006586,P0028,2,0.1
O006586,P0027,1,0.0
O006586,P0030,1,0.0
O006586,P0026,2,0.0
O006587,P0020,1,0.05
O006588,P0011,3,0.0
O006589,P0022,1,0.0
O006589,P0013,3,0.15
O006589,P0012,2,0.05
O006589,P0010,1,0.0
O006590,P0009,2,0.1
O006590,P0024,1,0.05
O006590,P0013,1,0.05
O006591,P0010,2,0.0
O006592,P0009,1,0.05
O006592,P0016,2,0.05
O006592,P0017,2,0.0
O006592,P0005,1,0.05
O006593,P0027,1,0.05
O006593,P0014,1,0.05
O006594,P0001,1,0.05
O006594,P0008,4,0.1
O006595,P0005,1,0.0
O006596,P0024,2,0.1
O006597,P0017,1,0.0
O006598,P0001,2,0.1
O006599,P0026,2,0.05
O006599,P0017,1,0.0
O006600,P0018,1,0.0
O006600,P0026,1,0.0
O006600,P0014,1,0.1
O006601,P0018,2,0.0
O006601,P0008,1,0.05
O006602,P0006,4,0.2
O006602,P0015,1,0.2
O006602,P0021,1,0.15
O006603,P0015,3,0.0
O006603,P0019,2,0.1
O006603,P0001,1,0.1
O006604,P0016,4,0.0
O006604,P0010,2,0.1
O006604,P0029,1,0.0
O006604,P0024,2,0.05
O006605,P0028,1,0.1
O006605,P0025,1,0.05
O006605,P0016,1,0.1
O006605,P0022,1,0.0
O006606,P0009,1,0.0
O006606,P0002,1,0.0
O006607,P0028,3,0.0
O006607,P0001,2,0.1
O006608,P0025,2,0.0
O006608,P0004,1,0.15
O006608,P0010,1,0.15
O006609,P0009,1,0.0
O006609,P0021,1,0.05
O006610,P0020,1,0.1
O006610,P0016,1,0.0
O006611,P0018,1,0.05
O006611,P0006,1,0.1
O006612,P0022,2,0.2
O006612,P0021,3,0.0
O006612,P0018,1,0.1
O006612,P0005,1,0.1
O006613,P0026,2,0.05
O006614,P0028,4,0.0
O006614,P0025,2,0.0
O006615,P0002,1,0.1
O006615,P0024,2,0.05
O006615,P0005,1,0.15
O006616,P0015,1,0.05
O006616,P0001,1,0.15
O006617,P0029,1,0.05
O006617,P0015,2,0.0
O006617,P0014,1,0.0
O006617,P0013,1,0.0
O006617,P0017,2,0.05
O006618,P0004,1,0.0
O006619,P0003,3,0.05
O006619,P0030,1,0.15
O006619,P0001,2,0.1
O006619,P0005,1,0.0
O006620,P0008,2,0.05
O006621,P0014,2,0.0
O006621,P0002,4,0.0
O006621,P0004,1,0.05
O006621,P0028,1,0.15
O006621,P0029,2,0.1
O006622,P0013,1,0.05
O006623,P0007,1,0.0
O006623,P0027,3,0.05
O006623,P0014,2,0.1
O006624,P0026,4,0.05
O006624,P0030,2,0.0
O006624,P0014,2,0.15
O006624,P0011,1,0.05
O006625,P0002,1,0.0
O006625,P0028,1,0.1
O006625,P0026,1,0.05
O006626,P0001,1,0.05
O006627,P0009,1,0.1
O006627,P0004,3,0.0
O006627,P0025,1,0.0
O006628,P0027,1,0.1
O006628,P0018,2,0.1
O006628,P0008,2,0.05
O006629,P0015,1,0.0
O006629,P0027,2,0.05
O006630,P0018,1,0.1
O006630,P0010,1,0.1
O006630,P0025,2,0.05
O006631,P0006,3,0.05
O006631,P0021,1,0.1
O006632,P0026,2,0.0
O006632,P0008,1,0.1
O006633,P0022,4,0.0
O006634,P0016,2,0.05
O006634,P0019,4,0.0
O006635,P0030,1,0.1
O006636,P0023,1,0.0
O006637,P0013,1,0.1
O006638,P0029,2,0.1
O006639,P0016,3,0.0
O006639,P0024,2,0.0
O006640,P0005,2,0.05
O006640,P0015,1,0.05
O006640,P0021,2,0.0
O006640,P0028,1,0.05
O006640,P0013,3,0.05
O006641,P0010,4,0.15
O006641,P0009,2,0.05
O006641,P0005,1,0.05
O006642,P0023,1,0.0
O006642,P0014,1,0.1
O006642,P0025,1,0.0
O006643,P0017,2,0.1
O006643,P0010,1,0.0
O006643,P0029,2,0.0
O006643,P0009,2,0.0
O006644,P0001,4,0.15
O006644,P0016,2,0.05
O006644,P0019,4,0.1
O006645,P0016,2,0.05
O006645,P0025,1,0.0
O006645,P0030,1,0.0
O006645,P0005,1,0.05
O006645,P0029,1,0.1
O006646,P0001,4,0.05
O006646,P0019,2,0.2
O006646,P0026,2,0.05
O006646,P0013,3,0.05
O006647,P0021,2,0.1
O006648,P0030,1,0.0
O006649,P0023,1,0.15
O006649,P0014,3,0.1
O006649,P0015,3,0.05
O006650,P0020,2,0.05
O006650,P0023,1,0.1
O006650,P0005,2,0.1
O006651,P0013,1,0.0
O006651,P0005,1,0.0
O006652,P0027,4,0.05
O006652,P0014,2,0.1
O006652,P0030,1,0.05
O006653,P0016,1,0.0
O006653,P0013,1,0.05
O006654,P0028,1,0.0
O006654,P0019,1,0.0
O006654,P0017,1,0.05
O006655,P0013,1,0.05
O006655,P0017,1,0.0
O006655,P0027,1,0.15
O006656,P0011,1,0.05
O006656,P0026,1,0.05
O006656,P0024,1,0.05
O006656,P0015,2,0.05
O006656,P0008,1,0.0
O006657,P0007,1,0.0
O006658,P0019,2,0.05
O006658,P0012,3,0.05
O006659,P0005,2,0.05
O006660,P0022,1,0.05
O006660,P0001,1,0.15
O006660,P0011,4,0.0
O006660,P0010,4,0.05
O006660,P0007,4,0.05
O006661,P0007,1,0.0
O006661,P0012,3,0.05
O006661,P0002,1,0.15
O006661,P0010,2,0.1
O006661,P0017,3,0.05
O006662,P0004,1,0.15
O006662,P0007,3,0.2
O006663,P0017,2,0.05
O006664,P0022,1,0.0
O006664,P0027,3,0.2
O006664,P0004,1,0.0
O006665,P0017,2,0.05
O006666,P0018,1,0.1
O006666,P0024,1,0.15
O006666,P0011,3,0.05
O006666,P0014,1,0.0
O006666,P0004,1,0.15
O006667,P0024,1,0.0
O006668,P0030,2,0.1
O006668,P0012,1,0.05
O006668,P0020,1,0.15
O006669,P0013,1,0.0
O006670,P0023,1,0.0
O006670,P0028,2,0.0
O006670,P0020,1,0.0
O006670,P0021,1,0.05
O006671,P0014,1,0.1
O006671,P0026,1,0.1
O006672,P0007,1,0.2
O006673,P0030,2,0.05
O006673,P0026,3,0.05
O006674,P0022,1,0.2
O006674,P0030,3,0.15
O006674,P0008,2,0.05
O006675,P0016,2,0.05
O006676,P0030,2,0.05
O006676,P0027,2,0.0
O006676,P0026,2,0.05
O006676,P0025,1,0.15
O006676,P0022,1,0.0
O006677,P0007,1,0.15
O006678,P0027,3,0.0
O006678,P0026,4,0.15
O006678,P0025,2,0.0
O006679,P0026,3,0.2
O006679,P0013,1,0.0
O006680,P0022,2,0.0
O006681,P0022,1,0.05
O006682,P0016,1,0.15
O006683,P0017,4,0.15
O006684,P0014,4,0.0
O006685,P0027,2,0.05
O006685,P0017,3,0.05
O006685,P0020,3,0.0
O006686,P0013,1,0.15
O006686,P0010,1,0.0
O006686,P0026,1,0.05
O006687,P0002,1,0.1
O006687,P0022,1,0.0
O006688,P0027,1,0.2
O006688,P0012,2,0.2
O006689,P0030,1,0.0
O006690,P0011,1,0.0
O006690,P0003,1,0.15
O006690,P0007,2,0.0
O006691,P0009,1,0.0
O006691,P0005,2,0.1
O006692,P0009,4,0.0
O006692,P0002,3,0.0
O006692,P0015,1,0.05
O006693,P0023,2,0.05
O006693,P0019,1,0.0
O006693,P0028,1,0.1
O006694,P0030,2,0.1
O006694,P0026,3,0.05
O006695,P0025,1,0.15
O006695,P0020,2,0.05
O006696,P0024,3,0.15
O006696,P0023,1,0.05
O006696,P0009,2,0.2
O006697,P0016,1,0.05
O006698,P0004,1,0.0
O006699,P0012,1,0.0
O006699,P0008,1,0.05
O006699,P0028,4,0.1
O006700,P0004,1,0.0
O006700,P0002,1,0.1
O006701,P0011,1,0.05
O006701,P0017,2,0.05
O006701,P0004,1,0.05
O006702,P0012,1,0.1
O006703,P0019,2,0.1
O006704,P0001,1,0.05
O006705,P0007,2,0.1
O006706,P0003,1,0.05
O006707,P0011,1,0.0
O006707,P0025,1,0.0
O006708,P0023,2,0.1
O006709,P0010,1,0.1
O006710,P0023,1,0.0
O006710,P0030,1,0.0
O006711,P0009,2,0.0
O006712,P0007,1,0.1
O006712,P0011,1,0.0
O006712,P0013,2,0.0
O006713,P0001,1,0.05
O006714,P0018,1,0.2
O006714,P0013,1,0.0
O006714,P0011,4,0.05
O006715,P0013,2,0.1
O006715,P0017,3,0.15
O006716,P0004,1,0.2
O006716,P0003,1,0.0
O006716,P0005,2,0.1
O006716,P0026,1,0.05
O006717,P0018,2,0.1
O006717,P0011,1,0.05
O006718,P0024,1,0.1
O006719,P0024,1,0.05
O006719,P0016,2,0.05
O006720,P0009,1,0.0
O006720,P0001,1,0.05
O006720,P0013,1,0.15
O006721,P0020,2,0.05
O006722,P0019,3,0.0
O006723,P0006,3,0.15
O006723,P0007,4,0.05
O006723,P0028,1,0.0
O006723,P0014,1,0.2
O006723,P0012,2,0.05
O006724,P0002,1,0.05
O006724,P0008,2,0.0
O006724,P0007,1,0.0
O006725,P0010,1,0.2
O006725,P0028,3,0.1
O006725,P0026,2,0.1
O006726,P0027,2,0.05
O006726,P0007,1,0.0
O006727,P0010,1,0.0
O006728,P0007,1,0.0
O006728,P0021,1,0.1
O006729,P0014,1,0.0
O006730,P0013,4,0.1
O006730,P0022,1,0.0
O006730,P0015,2,0.0
O006730,P0011,1,0.1
O006731,P0028,1,0.05
O006732,P0005,1,0.05
O006732,P0020,2,0.1
O006732,P0029,3,0.0
O006732,P0004,2,0.05
O006733,P0007,2,0.0
O006733,P0027,2,0.0
O006733,P0022,1,0.05
O006733,P0001,4,0.0
O006734,P0025,2,0.1
O006734,P0029,1,0.0
O006735,P0029,1,0.0
O006735,P0015,1,0.15
O006735,P0027,2,0.0
O006735,P0014,4,0.05
O006736,P0017,3,0.0
O006737,P0024,1,0.15
O006737,P0022,1,0.05
O006737,P0005,1,0.0
O006738,P0028,1,0.15
O006739,P0007,2,0.05
O006739,P0019,3,0.1
O006739,P0012,3,0.05
O006740,P0005,3,0.1
O006740,P0002,1,0.05
O006740,P0027,2,0.0
O006740,P0014,2,0.0
O006740,P0020,1,0.0
O006741,P0016,1,0.05
O006741,P0022,1,0.0
O006741,P0003,1,0.1
O006742,P0019,1,0.05
O006742,P0023,2,0.2
O006743,P0024,2,0.05
O006743,P0003,2,0.05
O006743,P0004,3,0.1
O006743,P0018,2,0.05
O006744,P0006,4,0.1
O006745,P0011,3,0.05
O006745,P0006,2,0.0
O006746,P0023,2,0.1
O006746,P0016,1,0.0
O006747,P0023,1,0.05
O006748,P0030,3,0.05
O006748,P0009,4,0.1
O006748,P0006,1,0.0
O006749,P0029,3,0.05
O006749,P0002,2,0.15
O006750,P0009,3,0.05
O006750,P0028,2,0.05
O006750,P0021,1,0.05
O006750,P0011,1,0.05
O006751,P0017,2,0.0
O006751,P0007,2,0.05
O006751,P0016,1,0.05
O006752,P0023,3,0.05
O006752,P0015,1,0.0
O006752,P0020,1,0.0
O006753,P0007,2,0.0
O006753,P0006,1,0.0
O006753,P0003,1,0.05
O006754,P0018,1,0.1
O006754,P0012,2,0.05
O006754,P0001,1,0.1
O006754,P0019,1,0.05
O006755,P0007,1,0.1
O006755,P0022,2,0.1
O006755,P0002,1,0.0
O006755,P0012,1,0.0
O006756,P0001,1,0.05
O006757,P0001,1,0.05
O006757,P0025,1,0.1
O006758,P0019,1,0.0
O006759,P0027,1,0.1
O006759,P0022,2,0.1
O006759,P0028,1,0.0
O006759,P0016,1,0.05
O006759,P0026,1,0.05
O006760,P0018,2,0.1
O006760,P0009,2,0.15
O006760,P0013,2,0.05
O006761,P0030,1,0.05
O006762,P0003,2,0.0
O006762,P0027,1,0.15
O006763,P0010,1,0.1
O006764,P0019,1,0.1
O006764,P0020,3,0.0
O006764,P0030,3,0.0
O006765,P0011,1,0.0
O006765,P0019,3,0.1
O006765,P0002,1,0.2
O006765,P0015,1,0.1
O006765,P0001,1,0.0
O006766,P0029,1,0.0
O006767,P0024,3,0.0
O006768,P0017,1,0.1
O006769,P0015,3,0.0
O006770,P0026,1,0.05
O006770,P0007,1,0.1
O006771,P0005,1,0.05
O006771,P0030,2,0.1
O006772,P0013,2,0.0
O006772,P0029,1,0.05
O006772,P0019,3,0.1
O006773,P0023,1,0.1
O006773,P0019,2,0.0
O006774,P0019,2,0.05
O006775,P0016,2,0.05
O006775,P0008,2,0.1
O006776,P0006,1,0.0
O006777,P0013,1,0.05
O006777,P0028,3,0.1
O006777,P0014,2,0.0
O006777,P0002,3,0.1
O006777,P0030,2,0.0
O006778,P0016,1,0.1
O006778,P0003,2,0.0
O006779,P0025,2,0.05
O006779,P0026,1,0.1
O006780,P0007,2,0.15
O006781,P0015,1,0.0
O006782,P0029,4,0.05
O006782,P0010,1,0.05
O006782,P0004,1,0.1
O006782,P0030,3,0.1
O006783,P0016,1,0.1
O006784,P0013,1,0.05
O006784,P0028,1,0.1
O006785,P0002,2,0.05
O006785,P0005,2,0.05
O006785,P0007,1,0.15
O006785,P0011,2,0.0
O006785,P0001,2,0.0
O006786,P0006,3,0.05
O006787,P0009,1,0.15
O006787,P0019,2,0.2
O006787,P0013,3,0.1
O006788,P0026,2,0.05
O006789,P0018,1,0.0
O006789,P0006,2,0.1
O006789,P0003,2,0.0
O006790,P0017,1,0.1
O006791,P0015,2,0.0
O006791,P0021,1,0.05
O006792,P0008,3,0.1
O006793,P0024,1,0.0
O006794,P0003,1,0.1
O006794,P0009,1,0.05
O006794,P0024,4,0.2
O006795,P0005,2,0.0
O006795,P0017,1,0.15
O006795,P0004,1,0.15
O006796,P0011,1,0.0
O006796,P0012,2,0.05
O006797,P0018,3,0.0
O006797,P0023,1,0.1
O006798,P0025,1,0.1
O006799,P0016,1,0.05
O006799,P0029,1,0.0
O006800,P0024,2,0.2
O006801,P0006,1,0.05
O006801,P0014,3,0.0
O006801,P0020,1,0.0
O006802,P0010,2,0.05
O006803,P0002,2,0.0
O006803,P0019,4,0.1
O006804,P0003,2,0.1
O006804,P0017,1,0.1
O006805,P0008,1,0.05
O006805,P0009,1,0.1
O006806,P0017,1,0.1
O006807,P0025,1,0.15
O006807,P0016,1,0.0
O006808,P0026,1,0.1
O006808,P0024,1,0.0
O006808,P0025,1,0.0
O006809,P0030,2,0.15
O006809,P0001,1,0.15
O006810,P0024,1,0.0
O006811,P0020,2,0.0
O006811,P0010,3,0.0
O006811,P0006,2,0.05
O006812,P0012,1,0.0
O006813,P0020,2,0.1
O006813,P0023,3,0.1
O006813,P0004,1,0.0
O006813,P0007,2,0.0
O006813,P0021,1,0.0
O006814,P0001,2,0.15
O006814,P0017,2,0.15
O006815,P0009,2,0.1
O006815,P0014,3,0.1
O006815,P0015,1,0.0
O006816,P0005,4,0.0
O006816,P0026,1,0.15
O006816,P0030,1,0.15
O006817,P0018,1,0.1
O006817,P0020,1,0.1
O006817,P0004,1,0.0
O006818,P0022,2,0.1
O006818,P0020,1,0.1
O006819,P0027,1,0.05
O006819,P0002,1,0.05
O006820,P0013,1,0.05
O006820,P0009,2,0.05
O006821,P0011,3,0.0
O006821,P0002,2,0.2
O006821,P0015,2,0.1
O006822,P0022,2,0.0
O006823,P0018,2,0.05
O006824,P0020,2,0.15
O006825,P0020,2,0.05
O006825,P0011,3,0.1
O006825,P0018,2,0.2
O006826,P0027,1,0.0
O006826,P0011,1,0.1
O006826,P0025,1,0.05
O006827,P0010,1,0.1
O006827,P0026,2,0.0
O006827,P0005,1,0.05
O006828,P0022,1,0.0
O006829,P0018,1,0.05
O006829,P0019,1,0.1
O006830,P0002,1,0.05
O006830,P0028,2,0.0
O006831,P0001,1,0.2
O006831,P0004,1,0.0
O006831,P0021,1,0.0
O006832,P0005,2,0.0
O006832,P0013,1,0.1
O006833,P0026,2,0.05
O006834,P0013,1,0.0
O006834,P0005,1,0.05
O006834,P0025,1,0.05
O006834,P0015,1,0.05
O006834,P0016,1,0.0
O006835,P0028,1,0.15
O006835,P0013,2,0.2
O006835,P0002,2,0.0
O006835,P0003,3,0.2
O006836,P0003,1,0.0
O006837,P0012,1,0.1
O006837,P0017,2,0.15
O006837,P0020,2,0.0
O006838,P0016,1,0.05
O006838,P0007,1,0.05
O006838,P0029,1,0.05
O006838,P0011,1,0.15
O006839,P0020,3,0.1
O006839,P0023,1,0.0
O006839,P0007,3,0.05
O006839,P0015,1,0.05
O006840,P0026,4,0.05
O006840,P0007,2,0.1
O006840,P0005,1,0.05
O006840,P0009,1,0.1
O006841,P0011,2,0.0
O006842,P0017,1,0.15
O006843,P0002,4,0.05
O006843,P0011,3,0.05
O006843,P0008,3,0.05
O006843,P0028,1,0.05
O006843,P0022,3,0.0
O006844,P0008,2,0.15
O006845,P0025,1,0.15
O006846,P0019,3,0.0
O006846,P0002,1,0.1
O006847,P0020,1,0.05
O006847,P0012,2,0.1
O006847,P0005,1,0.0
O006847,P0028,2,0.15
O006847,P0026,1,0.0
O006848,P0022,3,0.05
O006848,P0005,2,0.1
O006848,P0025,3,0.05
O006848,P0013,1,0.0
O006849,P0026,1,0.0
O006849,P0021,1,0.1
O006850,P0020,3,0.0
O006851,P0023,1,0.0
O006852,P0023,1,0.1
O006853,P0012,1,0.0
O006854,P0021,2,0.0
O006855,P0030,1,0.1
O006855,P0026,1,0.0
O006855,P0009,2,0.0
O006855,P0008,1,0.15
O006856,P0022,2,0.15
O006856,P0017,2,0.15
O006856,P0004,2,0.05
O006857,P0028,1,0.1
O006858,P0010,4,0.15
O006858,P0002,3,0.0
O006859,P0021,1,0.0
O006859,P0015,1,0.05
O006859,P0017,1,0.0
O006859,P0025,1,0.15
O006860,P0021,2,0.0
O006860,P0010,1,0.05
O006861,P0013,1,0.05
O006861,P0025,1,0.1
O006861,P0012,2,0.15
O006862,P0028,1,0.0
O006862,P0004,2,0.05
O006863,P0019,3,0.0
O006864,P0019,2,0.0
O006864,P0007,3,0.1
O006864,P0010,2,0.0
O006864,P0024,1,0.0
O006864,P0006,1,0.2
O006865,P0020,1,0.0
O006865,P0008,2,0.05
O006865,P0023,1,0.05
O006866,P0024,4,0.0
O006866,P0023,1,0.1
O006866,P0020,1,0.0
O006867,P0017,4,0.0
O006867,P0008,1,0.0
O006867,P0016,4,0.1
O006868,P0020,1,0.05
O006868,P0003,1,0.05
O006869,P0005,2,0.05
O006869,P0018,2,0.0
O006870,P0001,2,0.15
O006870,P0013,1,0.0
O006870,P0012,2,0.1
O006871,P0005,1,0.05
O006871,P0016,1,0.05
O006871,P0029,4,0.0
O006872,P0016,1,0.05
O006873,P0015,3,0.0
O006873,P0012,2,0.1
O006873,P0003,1,0.15
O006874,P0030,3,0.05
O006875,P0013,2,0.1
O006875,P0008,1,0.1
O006875,P0024,1,0.05
O006875,P0009,2,0.05
O006875,P0023,2,0.0
O006876,P0009,2,0.1
O006876,P0007,2,0.0
O006876,P0021,3,0.15
O006877,P0025,2,0.1
O006877,P0023,4,0.05
O006878,P0022,2,0.1
O006878,P0012,1,0.05
O006878,P0029,2,0.05
O006879,P0001,1,0.0
O006880,P0021,2,0.0
O006880,P0005,1,0.05
O006881,P0003,1,0.05
O006881,P0030,1,0.05
O006882,P0001,3,0.1
O006882,P0021,1,0.0
O006882,P0006,2,0.0
O006883,P0005,2,0.05
O006884,P0005,1,0.05
O006885,P0018,1,0.0
O006886,P0017,1,0.0
O006886,P0003,2,0.1
O006887,P0015,1,0.0
O006887,P0013,2,0.15
O006887,P0024,1,0.0
O006887,P0011,3,0.05
O006887,P0012,2,0.1
O006888,P0008,2,0.0
O006888,P0016,2,0.05
O006888,P0021,1,0.05
O006888,P0006,1,0.1
O006888,P0005,2,0.0
O006889,P0001,3,0.05
O006889,P0028,2,0.1
O006889,P0011,1,0.05
O006890,P0022,2,0.0
O006891,P0025,1,0.0
O006892,P0010,1,0.2
O006892,P0015,1,0.0
O006893,P0021,2,0.2
O006894,P0030,1,0.05
O006894,P0005,1,0.0
O006894,P0028,3,0.05
O006895,P0002,2,0.1
O006895,P0016,2,0.0
O006896,P0027,1,0.0
O006896,P0017,1,0.0
O006897,P0014,1,0.15
O006897,P0030,1,0.0
O006897,P0003,1,0.2
O006897,P0019,2,0.0
O006898,P0028,2,0.0
O006898,P0011,1,0.2
O006898,P0010,1,0.1
O006898,P0016,1,0.05
O006898,P0015,1,0.1
O006899,P0025,1,0.0
O006899,P0016,1,0.0
O006899,P0002,2,0.05
O006900,P0016,2,0.0
O006901,P0007,2,0.1
O006902,P0009,3,0.05
O006903,P0027,2,0.05
O006904,P0010,2,0.15
O006904,P0015,2,0.05
O006904,P0013,2,0.05
O006905,P0029,1,0.0
O006905,P0016,1,0.05
O006905,P0003,1,0.2
O006906,P0016,3,0.05
O006906,P0009,2,0.0
O006907,P0025,1,0.15
O006907,P0012,1,0.0
O006907,P0018,2,0.05
O006907,P0020,3,0.1
O006908,P0018,2,0.2
O006908,P0006,2,0.1
O006908,P0027,2,0.0
O006909,P0007,1,0.05
O006910,P0010,2,0.0
O006910,P0020,2,0.0
O006911,P0010,1,0.05
O006911,P0019,1,0.1
O006911,P0012,1,0.05
O006912,P0027,3,0.05
O006912,P0019,2,0.0
O006912,P0001,1,0.05
O006912,P0003,2,0.05
O006913,P0022,1,0.0
O006914,P0027,1,0.15
O006914,P0009,1,0.15
O006914,P0028,1,0.1
O006915,P0021,1,0.05
O006916,P0015,1,0.1
O006916,P0001,1,0.0
O006916,P0021,1,0.05
O006916,P0008,2,0.0
O006917,P0030,1,0.05
O006917,P0021,1,0.15
O006917,P0029,3,0.1
O006917,P0027,1,0.1
O006918,P0014,2,0.05
O006918,P0027,1,0.0
O006919,P0028,3,0.05
O006919,P0006,1,0.05
O006920,P0020,1,0.0
O006920,P0028,2,0.0
O006920,P0017,3,0.1
O006921,P0020,2,0.15
O006921,P0008,4,0.1
O006921,P0015,2,0.0
O006922,P0003,2,0.1
O006922,P0017,4,0.15
O006922,P0022,1,0.0
O006922,P0007,1,0.15
O006923,P0018,1,0.1
O006924,P0012,1,0.1
O006924,P0011,1,0.1
O006924,P0017,3,0.0
O006925,P0012,1,0.1
O006926,P0010,2,0.0
O006926,P0021,1,0.15
O006927,P0015,2,0.05
O006927,P0028,2,0.0
O006927,P0001,2,0.0
O006928,P0029,1,0.0
O006928,P0027,2,0.05
O006929,P0011,3,0.1
O006929,P0003,1,0.0
O006930,P0021,1,0.0
O006930,P0023,2,0.1
O006931,P0007,3,0.1
O006932,P0025,4,0.1
O006932,P0017,3,0.05
O006932,P0024,2,0.0
O006933,P0016,4,0.0
O006934,P0004,2,0.0
O006935,P0005,1,0.1
O006935,P0021,1,0.0
O006935,P0028,1,0.1
O006935,P0011,2,0.05
O006935,P0006,2,0.0
O006936,P0016,1,0.0
O006936,P0011,1,0.0
O006937,P0013,3,0.0
O006937,P0023,2,0.0
O006938,P0010,1,0.05
O006939,P0022,3,0.05
O006939,P0024,3,0.0
O006939,P0009,3,0.15
O006940,P0014,4,0.05
O006941,P0021,4,0.05
O006941,P0011,2,0.05
O006941,P0026,2,0.05
O006941,P0012,3,0.15
O006942,P0030,1,0.0
O006942,P0004,1,0.0
O006943,P0020,1,0.15
O006943,P0004,2,0.05
O006943,P0012,2,0.1
O006943,P0030,1,0.1
O006943,P0010,1,0.05
O006944,P0006,2,0.0
O006944,P0029,2,0.05
O006945,P0025,1,0.05
O006945,P0027,1,0.05
O006946,P0015,3,0.1
O006946,P0003,1,0.0
O006946,P0013,1,0.15
O006946,P0012,2,0.0
O006946,P0022,2,0.0
O006947,P0011,1,0.05
O006947,P0006,2,0.0
O006948,P0022,4,0.15
O006948,P0004,3,0.0
O006948,P0002,3,0.05
O006948,P0019,1,0.1
O006949,P0024,2,0.05
O006950,P0021,1,0.15
O006950,P0023,1,0.0
O006950,P0006,1,0.0
O006950,P0028,2,0.1
O006951,P0013,4,0.0
O006951,P0028,1,0.0
O006951,P0012,1,0.0
O006951,P0004,4,0.2
O006951,P0010,1,0.0
O006952,P0017,1,0.0
O006952,P0004,2,0.05
O006952,P0030,4,0.2
O006953,P0005,2,0.1
O006954,P0023,1,0.0
O006954,P0005,1,0.1
O006955,P0012,1,0.15
O006955,P0017,3,0.05
O006955,P0003,1,0.0
O006956,P0028,2,0.0
O006956,P0018,1,0.05
O006957,P0003,2,0.05
O006958,P0015,3,0.05
O006958,P0021,1,0.0
O006958,P0006,2,0.0
O006959,P0003,1,0.0
O006960,P0004,1,0.05
O006960,P0030,2,0.0
O006960,P0025,2,0.05
O006961,P0003,1,0.0
O006962,P0013,2,0.1
O006962,P0006,2,0.15
O006963,P0022,2,0.0
O006963,P0003,1,0.0
O006963,P0026,1,0.05
O006963,P0014,1,0.05
O006963,P0017,1,0.05
O006964,P0026,1,0.05
O006965,P0028,3,0.0
O006966,P0019,1,0.05
O006966,P0012,3,0.0
O006967,P0026,2,0.05
O006967,P0001,1,0.0
O006967,P0008,3,0.0
O006967,P0017,1,0.0
O006967,P0012,3,0.05
O006968,P0021,1,0.0
O006969,P0022,2,0.05
O006969,P0026,1,0.1
O006970,P0005,1,0.05
O006970,P0020,1,0.1
O006971,P0003,1,0.0
O006972,P0008,1,0.1
O006972,P0016,4,0.0
O006972,P0011,1,0.05
O006972,P0003,2,0.05
O006972,P0024,1,0.15
O006973,P0012,4,0.15
O006974,P0004,4,0.05
O006975,P0018,1,0.05
O006975,P0011,2,0.0
O006976,P0010,1,0.05
O006976,P0025,1,0.1
O006977,P0004,3,0.0
O006977,P0020,4,0.0
O006978,P0002,2,0.0
O006978,P0011,1,0.05
O006978,P0004,2,0.05
O006979,P0011,1,0.1
O006980,P0024,2,0.15
O006981,P0012,2,0.05
O006982,P0010,1,0.05
O006982,P0027,2,0.0
O006982,P0013,1,0.05
O006983,P0025,1,0.1
O006983,P0011,3,0.0
O006984,P0013,1,0.0
O006984,P0028,2,0.05
O006985,P0016,2,0.1
O006986,P0014,2,0.0
O006986,P0023,1,0.1
O006986,P0009,1,0.0
O006987,P0016,2,0.1
O006987,P0018,2,0.0
O006987,P0020,1,0.0
O006987,P0008,3,0.0
O006988,P0007,2,0.05
O006988,P0001,1,0.2
O006989,P0009,1,0.05
O006990,P0005,1,0.1
O006991,P0026,1,0.05
O006992,P0014,1,0.15
O006992,P0024,3,0.1
O006993,P0012,1,0.0
O006994,P0019,1,0.0
O006994,P0028,1,0.05
O006994,P0009,1,0.15
O006994,P0004,1,0.0
O006995,P0012,1,0.05
O006995,P0018,1,0.0
O006996,P0021,1,0.1
O006996,P0004,3,0.15
O006997,P0007,1,0.0
O006998,P0010,1,0.05
O006999,P0006,1,0.0
O007000,P0026,1,0.05
